Where Things Are		2EN03.05					1	4	en	Language	English	Grammar	Prepositions			video			x	https://looma.website/video?fn=Where_Things_Are.mov&fp=..%2Fcontent%2Fvideos%2F&dn=Where%20Things%20Are&captions=true
Where? and What?		2EN03.05					2	4	en	Language	English	Contexts	Questions & Answers			video			x	https://looma.website/video?fn=Where_and_What.mp4&fp=..%2Fcontent%2Fvideos%2F&dn=Where%3F%20and%20What%3F&captions=true
Subtraction exercise I		2M05.02					2	5	en	Mathematics	Arithmetic	Addition & Subtraction				game				https://looma.website/game?id=60d25d5b4ace6902dd7461aa&class=undefined&subject=undefined&ch_id=null&type=undefined
Subtraction Word Problem		2M05.02					2	5	en	Mathematics	Arithmetic	Addition & Subtraction				video				https://looma.website/video?fn=QY8vv7eVVJE.mp4&fp=..%2Fcontent%2FKhan%2Fmath%2Farithmetic%2Fvideos%2F&dn=Subtraction%20Word%20Problem&captions=true
Straight and Curved Lines		1M02					1	3	en	Mathematics	Geometry	Shapes	Line	Straight_and_Curved_Lines.mp4		video		TicTacLearn English	x	https://www.youtube.com/watch?v=doeDRKm8DhU
Learn ordinal numbers		1M14					1	2	en	Mathematics	Numbers	Digits		Learn_ordinal_numbers.mp4		video		White Star Junior Maths		https://www.youtube.com/watch?v=ZFNpRK-SnA4
Number names 41 to 50		1M15					1	2	en	Mathematics	Numbers	Digits		Number_names_41_to_50.mp4		video		Sujata Choudhary	x	https://www.youtube.com/watch?v=vH2PN4o2j9I
Wild Animal Names		2EN02.05					1	3	en	Science	Biology	Zoology	Other Animals	Wild_Animal_Names.mp4		video		Ya BoYa Tv	x	https://youtu.be/QpWDNnKf6ME
Conversation in School		2EN02.06					2	4	en	Language	English	Contexts	Conversation	Conversation_in_School.mp4		video		mariki Belajar MB	x	https://www.youtube.com/watch?v=1cjQ06OaJmc&pp=ygUpQ29udmVyc2F0aW9uIGJldHdlZW4gc3R1ZGVudCBhbmQgdGVhY2hlciA%3D
Jobs And Occupations		2EN03.02	3EN01.05				2	5	en	Social Studies	Economy	Occupations	Other Occupations	Jobs_And_Occupations.mp4		video		Sparkquestkids	x	https://youtu.be/qbSsSggBev0
School Objects		2EN03.04					1	4	en	Social Studies	Community	Education		School_Objects.mp4		video		Learn English Easy		https://youtu.be/XpXkyjge33Q1EN Simple Greetings		1EN01.01					1	3	en	Language	English	Contexts	Conversation			EP				https://looma.website/epaath?epversion=2019&ole=engsgs01&lang=en&grade=1
My Family		1EN01.08	1EN01.09	1EN01.10	1EN01.11		1	4	en	Social Studies	Community	Social Organization	Family			video			x	https://looma.website/video?fn=My_Family.mp4&fp=..%2Fcontent%2Fvideos%2F&dn=My%20Family&captions=true
Verb to be - Positive & Negative		3EN01.02					3	6	en	Language	English	Grammar	Verb			video				https://looma.website/video?fn=Verb_TO_BE_Positive_and_Negative.mp4&fp=..%2Fcontent%2Fvideos%2F&dn=Verb%20to%20be%20-%20Positive%20%26%20Negative&captions=true
Use A and An		3EN01.05					3	7	en	Language	English	Grammar	Articles			video			x	https://looma.website/video?fn=Use_A_and_An.mp4&fp=..%2Fcontent%2Fvideos%2F&dn=Use%20A%20and%20An&captions=true
Learn How To Read A Clock		3EN02.01					3	6	en	Mathematics	Measurement	Date & Time				video				https://looma.website/video?fn=LEARN_HOW_TO_READ_A_CLOCK.mp4&fp=..%2Fcontent%2Fvideos%2F&dn=Learn%20How%20To%20Read%20A%20Clock&captions=true
Days Of The Week Song		3EN02.05					1	3	en	Language	English	Form	Song			video			x	https://looma.website/video?fn=Days_Of_The_Week_Song.mp4&fp=..%2Fcontent%2Fvideos%2F&dn=Days%20Of%20The%20Week%20Song&captions=true
The Greeting Song		1EN01.03					1	2	en	Language	English	Contexts	Greeting	The_Greeting_Song.mp4		video		DeExplôrer Academy	x	https://www.youtube.com/watch?v=RkeDJJSaRzM
Hello and Goodbye		1EN01.03					1	3	en	Language	English	Contexts	Greeting	Hello_and_Goodbye.mp4		video		RuiEnglish	x	https://www.youtube.com/watch?v=yeLThZRfTLM
Goodbye to you		1EN01.04					1	1	en	Language	English	Contexts	Greeting	Goodbye_to_you.mp4		video		HansTV World	x	https://www.youtube.com/watch?v=QMe0xM-GSQo
My family members		1EN01.08	1EN01.09	1EN01.10	1EN01.11		1	3	en	Social Studies	Community	Social Organization	Family	My_family_members.mp4		video		Lucía Origoni	x	https://www.youtube.com/watch?v=1K5tBpMLB98
Family members		1EN01.08	1EN01.09	1EN01.10	1EN01.11		1	1	en	Social Studies	Community	Social Organization	Family	Family_members.mp4		video		English series for Learning with Mr Mourad . A	x	https://www.youtube.com/watch?v=3gBluCMf_Y41M Multiplication	१ग गुणन	2M06.03					1	3	both	Mathematics	Arithmetic	Multiplication & Division				EP				https://looma.website/epaath?epversion=2019&ole=matmun01&lang=en&grade=1
Intro to Multiplication		2M06.03					1	3	en	Mathematics	Arithmetic	Multiplication & Division				video				https://looma.website/video?fn=Intro_To_Multiplication.mp4&fp=..%2Fcontent%2Fvideos%2F&dn=Intro%20to%20Multiplication&captions=trueh
2M Multiplication as Repeated Addition	२ग गुणन र जोडको सम्‍बन्‍ध	2M06.03					2	4	both	Mathematics	Arithmetic	Multiplication & Division				EP				https://looma.website/epaath?epversion=2019&ole=matmrl01&lang=en&grade=2
Measuring lengths		2M06.01					2	5	en	Mathematics	Measurement	Length		Measuring_lengths.mp4		video		Khan Academy	x	https://www.khanacademy.org/math/cc-2nd-grade-math/cc-2nd-measurement-data/cc-2nd-measuring-length/v/measuring-lengths-2
Multiplication as repeated addition		2M06.03					1	3	en	Mathematics	Arithmetic	Multiplication & Division		Multiplication_as_repeated_addition.mp4		video		TicTacLearn English	x	https://youtu.be/tQAMmPpjexU?feature=shared
Learning different colors		2EN05.02					1	3	en	Language	English	Contexts	Colors	Learning_different_colors.mp4		video		JD Learning Crew	x	https://youtu.be/0gfYUkuTIU8
Colors and objects		2EN05.02					1	3	en	Language	English	Contexts	Colors	Colors_and_objects.mp4		video		Gelila TV videos for kids	x	https://youtu.be/mC8igKnC82I
Nouns singular and plural form		2EN06.02					2	4	en	Language	English	Grammar	Nouns	Nouns_singular_and_plural_form.mp4		video		Teacher Beth	x	https://youtu.be/-HWyayUHVGI
Animal Sounds Song		2EN10.01	1EN01.12	1EN01.13	1EN01.14		1	3	en	Language	English	Form	Song	Animal_Sounds_Song.mp4		video		Bebefinn - Nursery Rhymes & Kids Songs	x	https://youtu.be/NNfYYXCbpas3EN Giving directions		3EN04.04					3	5	en	Language	English	Contexts	Locations			EP				https://looma.website/epaath?epversion=2019&ole=enggid01&lang=en&grade=3
3EN Prepositions		3EN04.05					3	3	en	Language	English	Grammar	Prepositions			EP				https://looma.website/epaath?epversion=2015&fp=..%2Fcontent%2Fepaath%2Factivities%2F&fn=3126220%2Fstart.html
2M Multiplication by 0 and 10	२ग ० र १० द्वारा गुणन	3M05.03					2	4	both	Mathematics	Arithmetic	Multiplication & Division				EP				https://looma.website/epaath?epversion=2019&ole=matmun01&lang=en&grade=2
The Multiplication Tables		3M05.03					2	4	en	Mathematics	Arithmetic	Multiplication & Division				video			x	https://looma.website/video?fn=xO_1bYgoQvA.mp4&fp=..%2Fcontent%2FKhan%2Fmath%2Farithmetic%2Fvideos%2F&dn=The%20Multiplication%20Tables&captions=true
2M Multiplication of 2 Digit Numbers	२ग २ अंक भएका संख्याको गुणन	3M05.03					2	4	both	Mathematics	Arithmetic	Multiplication & Division				EP				https://looma.website/epaath?epversion=2019&ole=matmlt01&lang=en&grade=2
Multiplication		3M05.03					3	5	en	Mathematics	Arithmetic	Multiplication & Division				video			x	https://looma.website/video?fn=_k3aWF6_b4w.mp4&fp=..%2Fcontent%2FKhan%2Fmath%2Farithmetic%2Fvideos%2F&dn=Multiplication&captions=true
2M Multiplication Table	२ग गुणन तालिका	3M05.03					2	4	both	Mathematics	Arithmetic	Multiplication & Division				EP				https://looma.website/epaath?epversion=2019&ole=matmpl01&lang=en&grade=2
The Inverse Relationship Between Multiplication and Division		3M05.04					3	4	en	Mathematics	Arithmetic	Multiplication & Division				video				https://looma.website/video?fn=The_Inverse_Relationship_Between_Multiplication_and_Division.mp4&fp=..%2Fcontent%2Fvideos%2F&dn=The%20Inverse%20Relationship%20Between%20Multiplication%20and%20Division&captions=true
Multiplying 2 digit number by a two digit number		3M05.03					3	4	en	Mathematics	Arithmetic	Multiplication & Division		Multiplying_2_digit_number_by_a_two_digit_number.mp4		video		Digi Nurture	x	https://www.youtube.com/watch?v=nKhnTRpuLJgg
Quotient and Remainder		3M05.04					3	4	en	Mathematics	Arithmetic	Multiplication & Division		Quotient_and_Remainder.mp4		video		Digi Nurture	x	https://www.youtube.com/watch?v=Rmd-WxfuzB0
Relation between Multiplication and Division		3M05.04					3	4	en	Mathematics	Arithmetic	Multiplication & Division		Relation_between_Multiplication_and_Division.mp4		video		TicTacLearn English		https://www.youtube.com/watch?v=XPfRp-dTwAUCS Introducing Self		1EN01.06	1EN01.07				1	5	en	Language	English	Contexts	Conversation			video				https://looma.website/video?fn=CS_Introducing_Self_Reena_Siraj.mp4&fp=..%2Fcontent%2FTeacher%20Tools%2FStudent%20Skills%2FConversation%20Skills%2F&dn=CS%20Introducing%20Self&captions=true
The Animal Sound Songs		1EN01.12	1EN01.13	1EN01.14	2EN10.01		1	4	en	Language	English	Form	Song			video			x	https://looma.website/video?fn=The_Animal_Sounds_Song.mp4&fp=..%2Fcontent%2Fvideos%2F&dn=The%20Animal%20Sound%20Songs&captions=true
2EN Body Parts		1EN03.01					1	2	en	Science	Biology	People				EP				https://looma.website/epaath?epversion=2015&fp=..%2Fcontent%2Fepaath%2Factivities%2F&fn=3122222%2Fstart.html
Five Senses		1EN03.02					1	6	en	Science	Medicine	Senses				video				https://looma.website/video?fn=Five_Senses.mp4&fp=..%2Fcontent%2Fvideos%2F&dn=Five%20Senses&captions=true
ABC animal sounds song		1EN01.13	1EN01.12	1EN01.14			1	3	en	Language	English	Form	Song	ABC_animal_sounds_song.mp4		video		Animal Sounds	x	https://www.youtube.com/watch?v=mbqQXchrIds&list=RDmbqQXchrIds&start_radio=1
Where Is My Body		1EN03.01					1	2	en	Language	English	Form	Song	Where_Is_My_Body.mp4		video		Baby Shark - Pinkfong Kids’ Songs & Stories	x	https://www.youtube.com/watch?v=CqgcFpcN2Ow
Five Senses Song		1EN03.02					1	2	en	Language	English	Form	Song	Five_Senses_Song.mp4		video		Niki Mak	x	https://www.youtube.com/watch?v=9Dqb_AnQSkY
Five Senses Functions		1EN03.02					1	2	en	Language	English	Form	Song	Five_Senses_Functions.mp4		video		Masarra channel	x	https://www.youtube.com/watch?v=qruUK1gPlqY&list=RDqruUK1gPlqY&start_radio=1Possessive Pronouns		3EN05.02					3	5	en	Language	English	Grammar	Pronouns			video			x	https://looma.website/video?fn=Possessive_Pronouns.mp4&fp=..%2Fcontent%2Fvideos%2F&dn=Possessive%20Pronouns&captions=true
Conjunctions		3EN05.03					3	7	en	Language	English	Grammar	Conjunction			video			x	https://looma.website/video?fn=Conjunctions.mp4&fp=..%2Fcontent%2Fvideos%2FEnglish%2F&dn=Conjunctions&captions=true
3M Time	३ग समय	3M06.01					3	4	both	Mathematics	Measurement	Date & Time				EP				https://looma.website/epaath?epversion=2022&ole=mattim01&lang=en&grade=3
Time Conversion (Hours, Minutes and Seconds)		3M06.01					3	7	en	Mathematics	Measurement	Date & Time				video			x	https://looma.website/video?fn=Time_Conversion_Hours_Minutes_Seconds_Math_Tutway.mp4&fp=..%2Fcontent%2Fvideos%2F&dn=Time%20Conversion%20(Hours%2C%20Minutes%20and%20Seconds)&captions=true
3M Money	३ग पैसा	3M07.01					3	5	both	Mathematics	Measurement	Currency				EP				https://looma.website/epaath?epversion=2019&ole=matmny01&lang=en&grade=3
Litres and Millilitres - Measuring Units of Liquid		3M07.02					3	5	en	Mathematics	Measurement	Capacity				video				https://looma.website/video?fn=Litres_and_Millilitres.mp4&fp=..%2Fcontent%2Fvideos%2F&dn=Litres%20and%20Millilitres%20-%20Measuring%20Units%20of%20Liquid&captions=true
Litre and millilitre		3M07.02					3	6	en	Mathematics	Measurement	Capacity				video				https://looma.website/video?fn=Litre_and_millilitre.mp4&fp=..%2Fcontent%2Fvideos%2F&dn=Litre%20and%20millilitre&captions=true
Converting Meters to Centimeters		3M07.03					3	6	en	Mathematics	Measurement	Length				video				https://looma.website/video?fn=Converting_Meters_to_Centimeters.mp4&fp=..%2Fcontent%2Fvideos%2F&dn=Converting%20Meters%20to%20Centimeters&captions=trueTelling Time		3M01.01					3	7	en	Mathematics	Measurement	Date & Time				video				https://looma.website/video?fn=Telling_Time.mp4&fp=..%2Fcontent%2Fvideos%2F&dn=Telling%20Time&captions=true
Tell The Time A		3M01.01					1	6	en	Mathematics	Measurement	Date & Time				video				https://looma.website/video?fn=Tell_The_Time_A.mp4&fp=..%2Fcontent%2Fvideos%2F&dn=Tell%20The%20Time%20A&captions=true
Tell The Time B		3M01.01					1	6	en	Mathematics	Measurement	Date & Time				video				https://looma.website/video?fn=Tell_The_Time_B.mp4&fp=..%2Fcontent%2Fvideos%2F&dn=Tell%20The%20Time%20B&captions=true
Telling Time 1		3M01.01					1	7	en	Mathematics	Measurement	Date & Time				video				https://looma.website/video?fn=Telling_Time_1.mp4&fp=..%2Fcontent%2Fvideos%2F&dn=Telling%20Time%201&captions=true
Telling Time 2		3M01.01					3	7	en	Mathematics	Measurement	Date & Time				video				https://looma.website/video?fn=Telling_Time_2.mp4&fp=..%2Fcontent%2Fvideos%2F&dn=Telling%20Time%202&captions=true
Greater than and less than symbols		3M02.02					3	4	en	Mathematics	Arithmetic	Addition & Subtraction				video			x	https://looma.website/video?fn=Greater_Than_And_Less_Than_Symbols_Applying_Mathematical_Reasoning_Pre_Algebra_Khan_Academy.mp4&fp=..%2Fcontent%2Fvideos%2F&dn=Greater%20Than%20and%20Less%20Than%20Symbols&captions=true
Patterns in Sequences 1		3M02.03					3	5	en	Mathematics	Algebra	Variable				video			x	https://looma.website/video?fn=Zj-a_9cd5jc.mp4&fp=..%2Fcontent%2FKhan%2Fmath%2Falgebra%2Fvideos%2F&dn=Patterns%20in%20Sequences%201&captions=true
Patterns in Sequences 2		3M02.03					3	5	en	Mathematics	Algebra	Variable				video			x	https://looma.website/video?fn=zIcxrhyJs6M.mp4&fp=..%2Fcontent%2FKhan%2Fmath%2Falgebra%2Fvideos%2F&dn=Patterns%20in%20Sequences%202&captions=true
Ascending and Descending Order		3M03.01					3	4	en	Mathematics	Numbers	Other Numbers		Ascending_and_Descending_Order.mp4		video		Digi Nurture		https://www.youtube.com/watch?v=J5IYWl6GqNs
Roman Numerals from 1 to 20		3M03.02					3	5	en	Mathematics	Numbers	Other Numbers		Roman_Numerals_from_1_to_20.mp4		video		Let's Padhai	x	https://www.youtube.com/watch?v=9hkmW2XPXNsIntro to Fractions		3M03.03					2	5	en	Mathematics	Arithmetic	Fractions				video				https://looma.website/video?fn=Intro_To_Fractions.mp4&fp=..%2Fcontent%2Fvideos%2F&dn=Intro%20To%20Fractions&captions=true	Its Ok.
Addition 3		3M05.01					3	4	en	Mathematics	Arithmetic	Addition & Subtraction				video				http://looma.website/video?fn=e_SpXIw_Qts.mp4&fp=..%2Fcontent%2FKhan%2Fmath%2Farithmetic%2Fvideos%2F&dn=Addition%203&captions=true	Its Ok.
3M Addition	३ग जोड	3M05.01					3	4	both	Mathematics	Arithmetic	Addition & Subtraction				EP				https://looma.website/epaath?epversion=2022&ole=matadd01&lang=en&grade=3	Its Ok.
Kilogram and Gram to Gram		3M07.04					3	5	en	Mathematics	Applied Mathematics	Other Applied Math				video				https://looma.website/video?fn=Kilogram_and_Gram_to_Gram.mp4&fp=..%2Fcontent%2Fvideos%2F&dn=Kilogram%20and%20Gram%20to%20Gram&captions=true	Its Ok.
Understanding mass grams and kilograms		3M07.04					3	5	en	Mathematics	Measurement	Weight				video				https://looma.website/video?fn=Understanding_mass_grams_and_kilograms.mp4&fp=..%2Fcontent%2Fvideos%2F&dn=Understanding%20mass%20grams%20and%20kilograms&captions=true	Its Ok.3M Line Segment	३ग रेखा खण्डहरू	3M03.04					3	5	both	Mathematics	Geometry	Shapes	Line			EP				https://looma.website/epaath?epversion=2019&ole=matlsg01&lang=en&grade=3	Its OK but for Unit 3 and Lesson 4 (textbook Lesson 8).	Agreed, ch_id changed to3M03.04 as more relevant here.
3M Subtraction	३ग घटाउ	3M05.02					3	4	both	Mathematics	Arithmetic	Addition & Subtraction				EP				https://looma.website/epaath?epversion=2022&ole=matsub01&lang=en&grade=3	Its OK.	
Subtraction Word Problem		3M05.02					3	5	en	Mathematics	Arithmetic	Addition & Subtraction				video				https://looma.website/video?fn=QY8vv7eVVJE.mp4&fp=..%2Fcontent%2FKhan%2Fmath%2Farithmetic%2Fvideos%2F&dn=Subtraction%20Word%20Problem&captions=true	Its OK.	
Understanding Centimeter		3M03.04					3	3	en	Mathematics	Measurement	Length		Understanding_Centimeter.mp4		video		TicTacLearn English		https://www.youtube.com/watch?v=19L_3-OJREk	Its OK.	
Understanding Meter		3M03.04	3M07.03				3	4	en	Mathematics	Measurement	Length		Understanding_Meter.mp4		video		TicTacLearn English		https://www.youtube.com/watch?v=owgaypNXu-k	Its OK.	
My Day		2EN02.02	3EN02.01	1M19			1	2	en	Social Studies	Community	Everyday Life		My_Day.mp4		video		bilgeceingilizce		https://www.youtube.com/watch?v=qUXHm8B9Q3E&list=RDqUXHm8B9Q3E&start_radio=1	Its Ok. It is also suitable for Maths Grade one and Lesson 19	Agreed, ch_id 1M19 added
Clothes Vocabulary		2EN05.03					2	3	en	Language	English	Grammar	Vocabulary	Clothes_Vocabulary.mp4		video		Kimo-ABC		https://youtu.be/F1kGO-yDKho	Its OK.	
Wild Animals		2EN10.03					2	3	en	Science	Biology	Zoology	Other Animals	Wild_Animals.mp4		video		Kimo-ABC	x	https://youtu.be/ygfVfSmI1_4	Its OK.	
Animal Homes		2EN10.03					2	3	en	Science	Biology	Ecology	Habitat	Animal_Homes.mp4		video		Teacher Beth	x	https://youtu.be/6GiV_jYp97I	Its OK.	
What Do Animals Eat		2EN10.04					2	3	en	Science	Biology	Zoology		What_Do_Animals_Eat.mp4		video		Teacher Beth		https://youtu.be/ZupLzQ-DvUc	Its OK.	My Family		2EN01.02					1	4	en	Social Studies	Community	Social Organization	Family			video			x	https://looma.website/video?fn=My_Family.mp4&fp=..%2Fcontent%2Fvideos%2F&dn=My%20Family&captions=true	Its OK.	
Days Of The Week Song		2EN02.03					1	3	en	Language	English	Form	Song			video			x	https://looma.website/video?fn=Days_Of_The_Week_Song.mp4&fp=..%2Fcontent%2Fvideos%2F&dn=Days%20Of%20The%20Week%20Song&captions=true	Its OK. It is better for Unit 2 and Lesson 1. We can put it for Maths Grade 1 Lesson 19 also.	2EN02.01 already suggested in Lot 3 and 1M19 already suggested in Lot 4
Examples of rhyming words		2EN03.05					2	7	en	Language	English	Speech	Sounds			video			x	https://looma.website/video?fn=Examples_of_rhyming_words.mp4&fp=..%2Fcontent%2Fvideos%2FEnglish%2F&dn=Examples%20of%20rhyming%20words&captions=true	Its OK.	
Rhyming Words		2EN03.05					2	7	en	Language	English	Speech	Sounds			video			x	https://looma.website/video?fn=rhyming_words.mp4&fp=..%2Fcontent%2Fvideos%2F&dn=Rhyming%20Words&captions=true	Its OK.	
Shopkeeper and Customer Audio		2EN07.01					2	5	en	Language	English	Contexts	Activities			audio				https://looma.website/audio?fn=5EN01_Activity_Audio.m4a&fp=../content/audio/&dn=Shopkeeper%20and%20Customer%20Audio	Its OK for 07.01	Agreed, 2EN07.01 added. Dinesh sir asked to replace 2EN07.04 by 2EN07.01
Singular and Plural		2EN04.02					2	4	en	Language	English	Grammar	Singular Plural	Singular_and_Plural.mp4		video		Teacher Beth	x	https://www.youtube.com/watch?v=-HWyayUHVGI&pp=ygUTc2luZ3VsYXIgYW5kIHBsdXJhbNIHCQnDCgGHKiGM7w%3D%3D	Its OK.	
Weather And Seasons		2EN04.04					1	3	en	Science	Earth	Climate		Weather_And_Seasons.mp4		video		Learning Sprouts		https://youtu.be/glabddzzEus	Its OK.	
Shopping Vocabulary		2EN07.01					2	4	en	Language	English	Grammar	Vocabulary	Shopping_Vocabulary.mp4		video		Teacher Tiago Gomes		https://youtu.be/kPN5KRS-Sa4	Its OK.	
Action Words		2EN09.01					1	3	en	Language	English	Grammar	Verbs	Action_Words.mp4		video		ProKids	x	https://youtu.be/WERFxsMKYoQ	Its OK.	Clock Game 1		2M02.01					3	8	both	Mathematics	Measurement	Date & Time				game				https://looma.website/looma-clock-singleclock.php?	Shift to Grade 2 Lesson 2	ch_id changed to 2M02.01
Khan Place Value		3M02.01					3	6	en	Mathematics	Numbers	Digits				video			x	https://looma.website/video?fn=Khan_Place_Value.mp4&fp=..%2Fcontent%2Fvideos%2F&dn=Khan%20Place%20Value&captions=true	Its OK.	
Comparing whole # place values		3M02.02					3	6	en	Mathematics	Numbers	Other Numbers				video			x	https://looma.website/video?fn=3Xcae0OGavk.mp4&fp=..%2Fcontent%2FKhan%2Fmath%2Farithmetic%2Fvideos%2F&dn=Comparing%20whole%20%23%20place%20values&captions=true	Shift to 3M02.02	Done
3M Angle	३ग कोण	3M04.02					2	4	both	Mathematics	Geometry	Shapes	Angle			EP				https://looma.website/epaath?epversion=2019&ole=matang01&lang=en&grade=3	Its OK.	ch_id is already in metadata but not found in resource buttion
3M Quadrilaterals	३ग चतुर्भुज	3M04.03					2	4	both	Mathematics	Geometry	Shapes	Quadrilateral			EP				https://looma.website/epaath?epversion=2019&ole=matqdl01&lang=en&grade=3	Its OK.	
3M Addition	३ग जोड	3M05.01					2	4	both	Mathematics	Arithmetic	Addition & Subtraction				EP				https://looma.website/epaath?epversion=2022&ole=matadd01&lang=en&grade=3	Its OK.	
3M Area	३ग क्षेत्रफल	3M08.01					2	4	both	Mathematics	Measurement	Area				EP				https://looma.website/epaath?epversion=2022&ole=matare01&lang=en&grade=3	Its OK.	
Relating Addition and Subtraction		3M05.02					3	5	en	Mathematics	Arthmetic	Addition & Subtraction		Relating_Addition_and_Subtraction.mp4		video		Khan Academy		https://www.youtube.com/watch?v=zVLjWIftX_o	Its OK.	Self Introductions For Kids		2EN00.02	2EN01.02				1	3	en	Language	English	Contexts	Introducing	Self_Introductions_For_Kids.mp4		video		KOI English Conversations	x	https://www.youtube.com/watch?v=dsBT_Ikh-y0	Its OK.
Happy Family Song		2EN01.01	3EN01.01				2	3	en	Social Studies	Community	Everyday Life	Family	Happy_Family_Song.mp4		video		Meownderful	x	https://www.youtube.com/watch?v=EVuO11MMG1Y&list=RDEVuO11MMG1Y&start_radio=1	Its OK.
At School		2EN02.02					2	3	en	Language	English	Contexts	Activities	At_School.mp4		video		Tomo Kids Channel	x	https://www.youtube.com/watch?v=7p9LSGYzvew	Its OK.
At the Zoo		2EN02.05					2	3	en	Language	English	Contexts	Activities	At_the_Zoo.mp4		video		Kimo-ABC	x	https://www.youtube.com/watch?v=244hzjC3S6I&t=16s	Its OK.
Inside the House		2EN04.01					2	3	en	Science	Technology	Architecture	Buildings	Inside_the_House.mp4		video		Kimo-ABC	x	https://www.youtube.com/watch?v=b2juXi9V2b4	Its OK.
Telephone Conversation		2EN07.02					2	4	en	Language	English	Contexts	Conversation	Telephone_Conversation.mp4		video		LISTENING - Making Phone Calls	x	https://youtu.be/KA5Ap9K_svQ	Its OK.1M Fraction	१ग भिन्‍न	2M06.04					1	2	both	Mathematics	Arithmetic	Fractions				EP				https://looma.website/epaath?epversion=2019&ole=matfac01&lang=en&grade=1
CS Introducing Others		3EN01.02					2	5	en	Language	English	Contexts	Greeting			video				https://looma.website/video?fn=CS_Introducing_Others.mp4&fp=..%2Fcontent%2FTeacher%20Tools%2FStudent%20Skills%2FConversation%20Skills%2F&dn=CS%20Introducing%20Others&captions=true
What Do You Like?		3EN01.02					2	4	en	Language	English	Contexts	Preferences			video			x	https://looma.website/video?fn=What%20do%20you%20like.mp4&fp=..%2Fcontent%2Fvideos%2F&dn=What%20Do%20You%20Like%3F&captions=true
Use of is am are		3EN02.02					3	7	en	Language	English	Grammar	Verbs			video			x	https://looma.website/video?fn=Use_of_is_am_are.mp4&fp=..%2Fcontent%2Fvideos%2FEnglish%2F&dn=Use%20of%20is%20am%20are&captions=true
Conversion of time		3M01.01					3	5	en	Mathematics	Measurement	Date & Time		Conversion_of_time.mp4		video		Khan Academy India - English		https://www.youtube.com/watch?v=KLB9mLhWWQA
Learning about Right angle		3M04.02					3	4	en	Mathematics	Geometry	Shapes	Angle	Learning_about_Right_angle.mp4		video		TicTacLearn English		https://www.youtube.com/watch?v=k59JbJUSbmY
Use of has have		3EN02.02					3	5	en	Language	English	Grammar	Verbs	Use_of_has_have.jpg		image		AI		https://drive.google.com/file/d/192mSCotK8o1orCqab0EDPqJFOgQp4EKF/view?usp=sharingshopping items 2		2EN07.01					2	8	both	Social Studies	Community	Everyday Life	Food			slideshow				https://looma.website/slideshow?id=6a210503735311a2309b70c7&db=looma	Let's discuss about it. Can we make slides of different items found in a grocery shops such as bread, egg, milk, icecreams etc.	Waiting for BFL II Lot 3 to be completed as slideshow is not working
2EN Clothes		2EN07.03					2	3	en	Social Studies	Community	Everyday Life	Clothing			EP				https://looma.website/epaath?epversion=2015&fp=..%2Fcontent%2Fepaath%2Factivities%2F&fn=3122224%2Fstart.html	Its OK.	
Opposites		3EN01.01					2	4	en	Language	English	Grammar	Adjectives			video			x	https://looma.website/video?fn=Opposites.mp4&fp=..%2Fcontent%2Fvideos%2F&dn=Opposites&captions=true	Its OK.	
Fun Facts About Animals		2EN10.01					2	4	en	Language	English	Contexts	Facts and Truths	Fun_Facts_About_Animals.mp4		video		AstroKids	x	https://youtu.be/lWcCZfBLpik	Let's shift to 2EN10.01	So shifted from 2EN10.02
Happy Mother's Day		3EN01.04					2	4	en	Social Studies	Community	Everyday Life	Celebrations	Happy_Mothers_Day.mp4		video		simpleshow foundation		https://www.youtube.com/watch?v=LHkU6auHjlU	Its OK.	
Verb in ing form		3EN01.04					2	4	en	Language	English	Grammar	Verbs	Verb_in_ing_form.mp4		video		The Orbis School Pune	x	https://www.youtube.com/watch?v=hcjfYojAAcY	Its OK.	
What people are doing		2EN04.01	3EN01.04				2	4	en	Language	English	Grammar	Present	What_people_are_doing.mp4		video		Pako TV		https://drive.google.com/file/d/1vOAlC-Kw3whq0Agb2fVIkFq2-z6wZ3bN/view?usp=sharing		Dinesh sir suggests that the video in the link is good till 2:29ish, the one showing the table, but the rest can be removed. We can also remove the formal part - present continuous. https://www.youtube.com/watch?v=TKD2reFCpDc
What we get from animals		2EN10.02					2	5	en	Social Studies	Economy	Agriculture		What_we_get_from_animals.mp4		video		Ramancoeducation	x	https://youtu.be/xRdDCzeZCaI	Its OK.	
cloth store	कपडा पसल						2	8	both	Social Studies	Community	Everyday Life	Clothing	cloth_store.jpg		image		wikimedia		https://commons.wikimedia.org/wiki/File:Clothing_store_downtown_Boston.jpg		These were all suggested by Dinesh sir to be in slide for 'different shops' related to ch_id 2EN07.03. As they need not appear in this ch_id, it is kept blank for now.
food store	खाना पसल						2	8	both	Social Studies	Community	Everyday Life	Food	food_store.jpg		image		wikimedia		https://commons.wikimedia.org/wiki/File:SAS_Supermarket_-_interior-7.jpg		These were all suggested by Dinesh sir to be in slide for 'different shops' related to ch_id 2EN07.03. As they need not appear in this ch_id, it is kept blank for now.
football children	फुटबल बच्चाहरु						2	8	both	Social Studies	Community	Everyday Life	Games	football_children.jpg		image		wikimedia		https://commons.wikimedia.org/wiki/File:Bolivian_children_football.jpg		These were all suggested by Dinesh sir to be in slide for 'children games' related to ch_id 2EN09.03. As they need not appear in this ch_id, it is kept blank for now.
green grocery	हरियो किराना						2	8	both	Social Studies	Community	Everyday Life	Food	green_grocery.jpg		image		wikimedia		https://commons.wikimedia.org/wiki/File:Boxes_of_green_grocery,_Lordship_Lane,_Tottenham,_London,_England.jpg		These were all suggested by Dinesh sir to be in slide for 'different shops' related to ch_id 2EN07.03. As they need not appear in this ch_id, it is kept blank for now.
hide and seek	लुकामारी						2	8	both	Social Studies	Community	Everyday Life	Games	hide_and_seek.jpg		image		wikimedia		https://commons.wikimedia.org/wiki/File:%22Hide_and_Seek%22_in_the_home_yard.jpg		These were all suggested by Dinesh sir to be in slide for 'children games' related to ch_id 2EN09.03. As they need not appear in this ch_id, it is kept blank for now.
jumping game	उफ्रिने खेल						2	8	both	Social Studies	Community	Everyday Life	Games	jumping_game.jpg		image		wikimedia		https://commons.wikimedia.org/wiki/File:Hpan_Khoun,_the_Jumping_Game,_Ye_Myat_Tun,_Discover_Myanmar.jpg		These were all suggested by Dinesh sir to be in slide for 'children games' related to ch_id 2EN09.03. As they need not appear in this ch_id, it is kept blank for now.
kabaddi children	कबड्डी बच्चाहरु						2	8	both	Social Studies	Community	Everyday Life	Games	kabaddi_children.jpg		image		wikimedia		https://commons.wikimedia.org/wiki/File:Sadugudu_sadugude.jpg		These were all suggested by Dinesh sir to be in slide for 'children games' related to ch_id 2EN09.03. As they need not appear in this ch_id, it is kept blank for now.
shoes store	जुत्ता पसल						2	8	both	Social Studies	Community	Everyday Life	Clothing	shoes_store.jpg		image		wikimedia		https://commons.wikimedia.org/wiki/File:Shopping_for_shoes.jpg		These were all suggested by Dinesh sir to be in slide for 'different shops' related to ch_id 2EN07.03. As they need not appear in this ch_id, it is kept blank for now.
skipping children	स्किपिङ बच्चाहरू						2	8	both	Social Studies	Community	Everyday Life	Games	skipping_children.jpg		image		wikimedia		https://commons.wikimedia.org/wiki/File:Two_girls_playing_skipping_rope.jpg		These were all suggested by Dinesh sir to be in slide for 'children games' related to ch_id 2EN09.03. As they need not appear in this ch_id, it is kept blank for now.
stationery	स्टेशनरी						2	8	both	Social Studies	Community	Everyday Life	Recreation	stationery.jpg		image		wikimedia		https://commons.wikimedia.org/wiki/File:Stationery_Wholesale_Shop.jpg		These were all suggested by Dinesh sir to be in slide for 'different shops' related to ch_id 2EN07.03. As they need not appear in this ch_id, it is kept blank for now.
toy store	खेलौना पसल						2	8	both	Social Studies	Community	Everyday Life	Recreation	toy_store.jpg		image		wikimedia		https://commons.wikimedia.org/wiki/File:Toy_store_in_Colmar,_France.jpg		These were all suggested by Dinesh sir to be in slide for 'different shops' related to ch_id 2EN07.03. As they need not appear in this ch_id, it is kept blank for now.
volleyball children	भलिबल बच्चाहरु						2	8	both	Social Studies	Community	Everyday Life	Games	volleyball_children.jpg		image		wikimedia		https://commons.wikimedia.org/wiki/File:Beach_volleyball,_Tanna,_Vanuatu,_11_June_2009_%283620770466%29.jpg		These were all suggested by Dinesh sir to be in slide for 'children games' related to ch_id 2EN09.03. As they need not appear in this ch_id, it is kept blank for now.1M Basic Division		2M09.02					1	3	both	Mathematics	Arithmetic	Multiplication & Division				EP				https://looma.website/epaath?epversion=2019&ole=matdiv01&lang=en&grade=1	Its OK.	
1M Pictograph		2M08.01					1	3	both	Mathematics	Other Mathematics	Graphs				EP				https://looma.website/epaath?epversion=2019&ole=matden01&lang=en&grade=1	Its OK.	
Days Of The Week Song		1EN04.05					1	3	en	Language	English	Form	Song			video			x	https://looma.website/video?fn=Days_Of_The_Week_Song.mp4&fp=..%2Fcontent%2Fvideos%2F&dn=Days%20Of%20The%20Week%20Song&captions=true	Its OK.	
Bhadra 2083		2M02.01					2	2	both	Mathematics	Measurement	Date & Time		Bhadra_2083.jpg		image		nepalicalendar		https://drive.google.com/file/d/1MPhbe3HBOaMy2GX3z4GYVLKerU1vVglv/view?usp=drive_link		Dinesh sir suggested: Let's use actual calendar itself instead of Nepali Holidays - history timeline
Falgun 2078		2M02.01					2	2	both	Mathematics	Measurement	Date & Time		Falgun_2078.jpeg		image		nepalicalendar		https://drive.google.com/file/d/1SKwrrPh07uvfMQuR1_myKVQbO7V2QuUK/view?usp=drive_link		Dinesh sir suggested: Let's use actual calendar itself instead of Nepali Holidays - history timeline
Basic Multiplication		2M09.01					2	4	en	Mathematics	Arithmetic	Multiplication & Division		Basic_Multiplication.mp4		video		Prodigy Education		https://www.youtube.com/watch?v=TGehH-VJyec	Its OK.	
Expanded form of number		2M03.01					2	4	en	Mathematics	Numbers	Other Numbers		Expanded_form_of_number.mp4		video		TicTacLearn English		https://www.youtube.com/watch?v=nxdZbyBF63E	Its OK.	
Jhonny Jhonny Yes Papa		1EN01.01					1	2	en	Language	English	Form	Song	Jhonny_Jhonny_Yes_Papa.mp4		video		KidsRhymes TV	x	https://www.youtube.com/watch?v=diFmk_1pPSM	Its OK.	
Measurement of length		1M21					1	4	en	Mathematics	Measurement	Length		Measurement_of_length.mp4		video		TicTacLearn English		https://www.youtube.com/watch?v=_XzDvokYHjU	Its OK.	
Sharing My Emotions		1EN04.03					1	2	en	Language	English	Form	Song	Sharing_My_Emotions.mp4		video		Bebefinn - Nursery Rhymes & Kids Songs	x	https://www.youtube.com/watch?v=CK8H8KtGxkY	Its OK.	2EN Numbers 1-100		2EN04.06					2	4	en	Mathematics	Numbers	Digits				EP				https://looma.website/epaath?epversion=2019&ole=engnum01&lang=en&grade=2	Its fine.	
At School		2EN03.06					2	3	en	Language	English	Contexts	Activities	At_School.mp4		video		Tomo Kids Channel	x	https://www.youtube.com/watch?v=7p9LSGYzvew	Its fine.	
Timetable for Zoo Visit		2EN03.06					2	3	en	Language	English	Contexts	Time & Date	Timetable_for_Zoo_Visit.jpg		image		AI		https://drive.google.com/file/d/1Ho5RKb4nhwbhdMD6WCgiEX4MuNfU3Bww/view?usp=sharing	It would be better to present a simple, complete timetable rather than one that students need to fill in. It looks good.	Redone as per the suggestion
Use of and & but		2EN07.02					2	4	en	Language	English	Grammar	Conjunction	Use_of_and_&_but.jpg		image		AI		https://drive.google.com/file/d/1JAMl8TFEMYzBl_Y-XGduU04SW0tlgozH/view?usp=sharing	Its fine.	4EN Present and Past		3EN02.03					3	5	en	Language	English	Grammar	Past			EP				https://looma.website/epaath?epversion=2019&ole=engden01&lang=en&grade=4	Its fine.	
Simple Past Tense		3EN02.03					3	8	en	Language	English	Grammar	Past			video			x	https://looma.website/video?fn=Simple_Past_Tense.mp4&fp=..%2Fcontent%2Fvideos%2FEnglish%2F&dn=Simple%20Past%20Tense&captions=true	i will suggest to shift it to 3EN02.03	done
2EN Means Of Transportation		3EN03.01					2	3	en	Social Studies	Transportation	Public				EP				https://looma.website/epaath?epversion=2015&fp=..%2Fcontent%2Fepaath%2Factivities%2F&fn=3092214%2Fstart.html	Its fine.	
Adverbs of Frequency		3EN03.01					3	5	en	Language	English	Grammar	Adverbs			video				https://looma.website/video?fn=Adverbs_Of_Frequency.mp4&fp=..%2Fcontent%2Fvideos%2F&dn=Adverbs%20of%20Frequency&captions=true	Its fine.	
3EN May I?		3EN03.02					3	4	en	Social Studies	Community	Education				EP				https://looma.website/epaath?epversion=2022&ole=engpms01&lang=en&grade=3	Its fine.	
4EN Writing Letters		3EN03.02					3	5	en	Language	English	Contexts	Writing			EP				https://looma.website/epaath?epversion=2019&ole=engwlt01&lang=en&grade=4	Its fine.	
About Different Animals		2EN10.01					2	5	en	Science	Biology	Zoology	Mammals			slideshow				https://looma.website/slideshow?id=6a34cec210842c0fbd7bcc2a&db=loomalocal	Present pictures in slide. On the first slide, include the questions that should be asked to the students. Use relevant pictures throughout the slides. You may also place the questions at the top or bottom of the pictures to make them more engaging and easier to follow. Pictures and Questions mismatch. (Cat - Cow, Cat - Dog, Dog - Cow, Rabbit - Fish, Donkey - Horse , Pig - Lion)	All of the pictures and more kept with the caption full of questions but slideshow editor showed bug not keeping the questions where intended. Waiting for BFL II Lot 6 to be fixed. BFL II Lot 6 is kind of fixed but it worked out well for this slideshow. Pictures should now match the questions.Describe Something		3EN04.01					3	8	en	Language	English	Contexts	Describing			video			x	https://looma.website/video?fn=Describe_Something.mp4&fp=..%2Fcontent%2Fvideos%2FEnglish%2F&dn=Describe%20Something&captions=true	Its fine.	ok
Singular and Plural Nouns		3EN04.01					3	7	en	Language	English	Grammar	Singular Plural			video				https://looma.website/video?fn=Introduction_To_Singular_And_Plural_Nouns_Grammar_Khan_Academy.mp4&fp=..%2Fcontent%2Fvideos%2F&dn=Singular%20and%20Plural%20Nouns&captions=true	Its fine.	ok
Compound words		3EN04.04					3	4	en	Language	English	Other English		Compound_words.mp4		video		The Green Chalkboard	x	https://www.youtube.com/watch?v=8GPiZLS670o	Its fine.	ok
Living Room Objects		3EN05.01					3	4	en	Language	English	Contexts	Describing	Living_Room_Objects.mp4		video		Kimo-ABC	x	https://www.youtube.com/watch?v=0HKKss8ExlU	Its fine.	ok
School Rules		3EN03.05					3	4	en	Social Studies	Community	Social Organization	Schools	School_Rules.mp4		video		Tolito TV ~ Educational videos for kids		https://www.youtube.com/watch?v=icf4bNUqfAA	Its fine. Is this https://www.youtube.com/watch?v=1le4Emi8bSA copyright free? No sir, unfortunately it isn't and we couldn't find any simple videos.	ok
Song about There is There are		3EN05.01					3	4	en	Language	English	Grammar	Sentence	Song_about_There_is_There_are.mp4		video		BRAINZY POP	x	https://www.youtube.com/watch?v=Iq4Y2Hz6r4I&list=RDIq4Y2Hz6r4I&start_radio=1	Its fine.	okAddition of Two Digit Numbers		1M16					1	3	en	Mathematics	Arithmetic	Addition & Subtraction		Addition_of_Two_Digit_Numbers.mp4		video		Learning channel for kids	x	https://www.youtube.com/watch?v=1LluqB3ibkg
Addition Problems		1M10					1	2	en	Mathematics	Arithmetic	Addition & Subtraction		Addition_Problems.mp4		video		Learning channel for kids	x	https://www.youtube.com/watch?v=qgdmvKO6bII
Introduction to Addition		1M10					1	2	en	Mathematics	Arithmetic	Addition & Subtraction		Introduction_to_Addition.mp4		video		Digi Nurture		https://www.youtube.com/watch?v=W47gzlE3WpM
Left and Right		1M01					1	2	en	Mathematics	Other Mathematics	Symbols		Left_and_Right.mp4		video		Learning channel for kids	x	https://www.youtube.com/watch?v=llaCxsMbGwk
Long and Short		1M01					1	3	en	Mathematics	Measurement	Length		Long_and_Short.mp4		video		White Star Junior Maths		https://www.youtube.com/watch?v=8au1-u6aG7I
Shapes and Space		1M01					1	3	en	Mathematics	Geometry	Shapes		Shapes_and_Space.mp4		video		White Star Junior Maths		https://www.youtube.com/watch?v=fH_YPrlb26U
Single Digit Subtraction		1M08					1	2	en	Mathematics	Arithmetic	Addition & Subtraction		Single_Digit_Subtraction.mp4		video		Suni.B - Kids songs	x	https://www.youtube.com/watch?v=FdUqmyvg2x4
Subtraction of Two Digit Numbers		1M17					1	3	en	Mathematics	Arithmetic	Addition & Subtraction		Subtraction_of_Two_Digit_Numbers.mp4		video		Digi Nurture	x	https://www.youtube.com/watch?v=lk_10OGWMmQ
Subtraction with Examples		1M08	1M11				1	2	en	Mathematics	Arithmetic	Addition & Subtraction		Subtraction_with_Examples.mp4		video		Digi Nurture		https://www.youtube.com/watch?v=YHnhNVeh2cM
The Number Zero		1M05					1	1	en	Mathematics	Numbers	Integers		The_Number_Zero.mp4		video		TicTacLearn English		https://www.youtube.com/watch?v=drRBnE7Ab4w
Two Digit Subtraction Part 1		1M11					1	2	en	Mathematics	Arithmetic	Addition & Subtraction		Two_Digit_Subtraction_Part_1.mp4		video		TicTacLearn English		https://www.youtube.com/watch?v=8buMY3ZXFzo
Two Digit Subtraction Part 2		1M11					1	2	en	Mathematics	Arithmetic	Addition & Subtraction		Two_Digit_Subtraction_Part_2.mp4		video		TicTacLearn English		https://www.youtube.com/watch?v=BS6TOTxXqwISong About Hygiene		2EN01.06					2	5	en	Science	Medicine	Healthy Living	Personal Hygiene			video			x	https://looma.website/video?fn=Song_On_Hygiene_Five_Things_Used_For_Hygiene_In_Ultra_HD_4K.mp4&fp=..%2Fcontent%2Fvideos%2F&dn=Song%20About%20Hygiene&captions=true
2EN Days of the Week		2EN02.01					2	4	en	Language	English	Contexts				EP				https://looma.website/epaath?epversion=2019&ole=engdtw01&lang=en&grade=2
Days Of The Week Song		2EN02.01					1	4	en	Language	English	Form	Song			video			x	https://looma.website/video?fn=Days_Of_The_Week_Song.mp4&fp=..%2Fcontent%2Fvideos%2F&dn=Days%20Of%20The%20Week%20Song&captions=true
Tell The Time A		2EN02.01	2EN00.02				2	5	en	Mathematics	Measurement	Date & Time				video				https://looma.website/video?fn=Tell_The_Time_A.mp4&fp=..%2Fcontent%2Fvideos%2F&dn=Tell%20The%20Time%20A&captions=true
Examples of rhyming words		2EN02.05					2	7	en	Language	English	Speech	Sounds			video			x	https://looma.website/video?fn=Examples_of_rhyming_words.mp4&fp=..%2Fcontent%2Fvideos%2FEnglish%2F&dn=Examples%20of%20rhyming%20words&captions=true
Rhyming Words		2EN02.05					2	7	en	Language	English	Speech	Sounds			video			x	https://looma.website/video?fn=rhyming_words.mp4&fp=..%2Fcontent%2Fvideos%2F&dn=Rhyming%20Words&captions=true
Hello Song		2EN00.01					1	2	en	Language	English	Form	Song	Hello_Song.mp4		video		Bebefinn - Nursery Rhymes & Kids Songs	x	https://youtu.be/cYEt3m53mwA
The Family Tree		2EN01.01					2	5	en	Social Studies	Community	Everyday Life	Family	The_Family_Tree.mp4		video		LAL Team	x	https://youtu.be/nSIBjdAOOjg
Fruits Vocabulary		2EN08.01	2EN08.03				2	5	en	Language	English	Grammar	Vocabulary	Fruits_Vocabulary.mp4		video		Kids Learning Hub	x	https://youtu.be/RAc7cnwrmeI
Fruit song for kids		2EN08.01	2EN08.03				2	3	en	Language	English	Form	Song	Fruit_song_for_kids.mp4		video		Super Happy Songs - Kid Songs and Rhymes		https://youtu.be/HsR_GQQdR7A
Positions of object		2EN00.02					1	3	en	Language	English	Grammar	Prepositions	Positions_of_object.mp4		video		Teacher Beth		https://youtu.be/MkNeIRNA_6w
Head, Shoulders, Knees and Toes Song		2EN01.05	1EN03.01				1	3	en	Science	Medicine	Human Body	Holistic	Head_Shoulders_Knees_and_Toes_Song.mp4		video		Jack Hartmann Kids Music Channel		https://youtu.be/6ool7VhrmVE
Things to Keep Your Body Clean		2EN01.06					2	4	en	Science	Medicine	Healthy Living	Personal Hygiene	Things_to_Keep_Your_Body_Clean.mp4		video		Teacher Beth	x	https://www.youtube.com/watch?v=e1Nof-GgNvg
Weekend Activities For Kids		2EN02.04					2	4	en	Social Studies	Community	Everyday Life	Recreation	Weekend_Activities_For_Kids.mp4		video		Bloodhound	x	https://youtu.be/PWd6HqlwxI8
Types of clothes		2EN05.03					2	4	en	Social Studies	Community	Everyday Life	Clothing	Types_of_clothes.mp4		video		Baby Education TV	x	https://www.youtube.com/watch?v=eDlTEs0l3O8
Job song		2EN06.01					2	4	en	Social Studies	Economy	Occupations	Other Occupations	Job_song.mp4		video		Fun ABC World		https://youtu.be/LHl2Gg8Fiok
Months of the year		2EN06.03					2	3	en	Language	English	Contexts	Time & Date	Months_of_the_year.mp4		video		Suni.B - Kids songs		https://www.youtube.com/watch?v=8YaFNJ4a-5w&pp=ygUSbW9udGhzIG9mIHRoZSB5ZWFy0gcJCcUKAYcqIYzv
Vegetable vocabulary		2EN08.02	2EN08.03				1	3	en	Science	Biology	Plants	Vegetable	Vegetable_vocabulary.mp4		video		BrightKids Academy		https://www.youtube.com/watch?v=V6DnlK0n520&pp=ygUddmVnZXRhYmxlIHZvY2FidWxhcnkgZm9yIGtpZHPSBwkJxQoBhyohjO8%3D
Healthy meal song		2EN08.02					1	3	en	Science	Medicine	Healthy Living	Nutrition	Healthy_meal_song.mp4		video		Bebefinn - Nursery Rhymes & Kids Songs	x	https://www.youtube.com/watch?v=r-muRrkcv8U&pp=ygUfaG93IHRvIGdyb3cgdmVnZXRhYmxlcyBmb3Iga2lkcw%3D%3D
Free time activites		2EN09.02					2	4	en	Social Studies	Community	Everyday Life	Recreation	Free_time_activites.mp4		video		Guadalupe López	x	https://youtu.be/4b6yMaM_UvMShapes 1		1M03					1	6	both	Mathematics	Geometry	Shapes				image				https://looma.website/image?fn=Shapes_1.gif&fp=..%2Fcontent%2Fpictures%2F
Shapes Video		1M03					1	7	en	Mathematics	Geometry	Shapes	Other Shapes			video				https://looma.website/video?fn=Shapes_Video.mp4&fp=..%2Fcontent%2Fvideos%2F&dn=Shapes%20Video&captions=true
Quadrilateral		1M03					1	10	en	Mathematics	Geometry	Shapes	Quadrilateral			html				https://looma.website/html?fp=..%2Fcontent%2FPhET%2F&fn=Quadrilateral.html&ep=
Quadrilateral Guide		1M03					1	10	en	Mathematics	Geometry	Shapes	Quadrilateral			pdf				https://looma.website/pdf?fn=Quadrilateral_Guide.pdf&fp=..%2Fcontent%2FPhET%2F&lang=en&zoom=2.3&len=1000&page=1
triangle		1M03					1	7	both	Mathematics	Geometry	Shapes	Triangle			image				https://looma.website/image?fn=triangle.jpg&fp=..%2Fcontent%2Fdictionary%20images%2F
Counting 1 to 10		1M13					1	2	en	Mathematics	Numbers	Other Numbers				video			x	https://looma.website/video?fn=Counting_1_To_10.mp4&fp=..%2Fcontent%2Fvideos%2F&dn=Counting%201%20to%2010&captions=true
1M Time	१ग समय	1M19					1	2	both	Mathematics	Measurement	Date & Time				EP				https://looma.website/epaath?epversion=2022&ole=mattme01&lang=en&grade=1
Days Of The Week Song		1M19					1	3	en	Language	English	Form	Song			video			x	https://looma.website/video?fn=Days_Of_The_Week_Song.mp4&fp=..%2Fcontent%2Fvideos%2F&dn=Days%20Of%20The%20Week%20Song&captions=true1M Measurement	१ग नाप	1M21					1	3	both	Mathematics	Measurement	Length				EP				https://looma.website/epaath?epversion=2019&ole=matmea01&lang=en&grade=1
1M Pictograph	१ग चित्रग्राफ	1M22					1	3	both	Mathematics	Other Mathematics	Graphs				EP				https://looma.website/epaath?epversion=2019&ole=matden01&lang=en&grade=1
bottle		2M01.01					1	8	both	Mathematics	Measurement	Capacity				image				https://looma.website/image?fn=bottle.jpg&fp=..%2Fcontent%2Fdictionary%20images%2F
1M Capacity	१ग क्षमता	2M01.01					1	3	both	Mathematics	Measurement	Capacity				EP				https://looma.website/epaath?epversion=2019&ole=matcpt01&lang=en&grade=1
Capacity 1		2M01.01					1	6	both	Mathematics	Measurement	Volume				image				https://looma.website/image?fn=Capacity_1.png&fp=..%2Fcontent%2Fpictures%2F
Capacity 2		2M01.01					1	6	both	Mathematics	Measurement	Volume				image				https://looma.website/image?fn=Capacity_2.png&fp=..%2Fcontent%2Fpictures%2F
Capacity 3		2M01.01					1	6	both	Mathematics	Measurement	Volume				image				https://looma.website/image?fn=Capacity_3.png&fp=..%2Fcontent%2Fpictures%2F
What Time Is It?		2M02.01					1	5	en	Mathematics	Measurement	Date & Time				image				https://looma.website/image?fn=What_Time_Is_It.png&fp=..%2Fcontent%2Fpictures%2F
Telling Time 1		2M02.01					1	7	en	Mathematics	Measurement	Date & Time				video				https://looma.website/video?fn=Telling_Time_1.mp4&fp=..%2Fcontent%2Fvideos%2F&dn=Telling%20Time%201&captions=true
Tell The TIme B		2M02.01					1	6	en	Mathematics	Measurement	Date & Time				video				https://looma.website/video?fn=Tell_The_Time_B.mp4&fp=..%2Fcontent%2Fvideos%2F&dn=Tell%20The%20Time%20B&captions=trueTell The Time A		2M02.01					1	6	en	Mathematics	Measurement	Date & Time				video				https://looma.website/video?fn=Tell_The_Time_A.mp4&fp=..%2Fcontent%2Fvideos%2F&dn=Tell%20The%20Time%20A&captions=true
Clock 1		2M02.01					1	5	both	Mathematics	Measurement	Date & Time				image				https://looma.website/image?fn=Clock%201.jpg&fp=..%2Fcontent%2Fpictures%2F
Clock 2		2M02.01					1	5	both	Mathematics	Measurement	Date & Time				image				https://looma.website/image?fn=Clock%202.jpg&fp=..%2Fcontent%2Fpictures%2F
Clock 3		2M02.01					1	7	both	Mathematics	Measurement	Date & Time				image				https://looma.website/image?fn=Clock%203.jpg&fp=..%2Fcontent%2Fpictures%2F
Clock 4		2M02.01					1	5	both	Mathematics	Measurement	Date & Time				image				https://looma.website/image?fn=Clock%204.jpg&fp=..%2Fcontent%2Fpictures%2F
Clock 5		2M02.01					1	5	both	Mathematics	Measurement	Date & Time				image				https://looma.website/image?fn=Clock%205.jpg&fp=..%2Fcontent%2Fpictures%2F
Arabic Clock		2M02.01					1	5	both	Mathematics	Measurement	Date & Time				image				https://looma.website/image?fn=Arabic%20Clock.png&fp=..%2Fcontent%2Fpictures%2F
Arabic Numeral Clock		2M02.01					1	5	both	Mathematics	Measurement	Date & Time				image				https://looma.website/image?fn=the-clock-1480515.jpg&fp=..%2Fcontent%2Fpictures%2F
Learn How To Read A Clock		2M02.01					1	6	en	Mathematics	Measurement	Date & Time				video				https://looma.website/video?fn=LEARN_HOW_TO_READ_A_CLOCK.mp4&fp=..%2Fcontent%2Fvideos%2F&dn=Learn%20How%20To%20Read%20A%20Clock&captions=true
Tell The TIme B		2M02.01					1	6	en	Mathematics	Measurement	Date & Time				video				https://looma.website/video?fn=Tell_The_Time_B.mp4&fp=..%2Fcontent%2Fvideos%2F&dn=Tell%20The%20Time%20B&captions=true
Addition upto 10		1M10					1	3	en	Mathematics	Arithmetic	Addition & Subtraction		Addition_upto_10.mp4		video		Kids Learning Courageously	x	https://www.youtube.com/watch?v=LAB4H2XQJM8
Odd and Even Numbers		1M12					1	3	en	Mathematics	Numbers	Even & Odd		Odd_and_Even_Numbers.mp4		video		Happyville Hub	x	https://www.youtube.com/watch?v=GIGxqq25BS4
Measuring Length		1M21					1	3	en	Mathematics	Measurement	Length		Measuring_Length.mp4		video		TicTacLearn English		https://www.youtube.com/watch?v=hLi3jkDoQzo1M 50 to 100	१ग ५० देखि १००	2M03.01					1	2	both	Mathematics	Numbers	Natural				EP				https://looma.website/epaath?epversion=2022&ole=matnhd01&lang=en&grade=1
2EN Numbers 1-100		2M03.01					2	4	en	Mathematics	Numbers	Digits				EP				https://looma.website/epaath?epversion=2019&ole=engnum01&lang=en&grade=2
Place Value		2M03.01					2	5	en	Mathematics	Numbers	Digits				video				https://looma.website/video?fn=Place_Value.mp4&fp=..%2Fcontent%2Fvideos%2F&dn=Place%20Value&captions=true
2M Comparison of numbers	२ग सङ्ख्याहरूको तुलना	2M04.01					2	4	both	Mathematics	Numbers	Other Numbers				EP				https://looma.website/epaath?epversion=2019&ole=matcon01&lang=en&grade=2
Apple on scale		2M04.03					2	5	both	Mathematics	Measurement	Weight				image				https://looma.website/image?fn=Apple_on_scale.png&fp=..%2Fcontent%2Fpictures%2F
2M Weight	२ग तौल	2M04.03					2	3	both	Mathematics	Measurement	Weight				EP				https://looma.website/epaath?epversion=2019&ole=matwtg01&lang=en&grade=2
3M Weight	३ग तौल	2M04.03					2	4	both	Mathematics	Measurement	Weight				EP				https://looma.website/epaath?epversion=2019&ole=matwgt01&lang=en&grade=3
Balancing Scale		2M04.03					2	5	both	Mathematics	Measurement	Weight				image				https://looma.website/image?fn=Balancing%20Scale.jpg&fp=..%2Fcontent%2Fpictures%2FKitchen Scale		2M04.03					2	5	both	Mathematics	Measurement	Weight				image				https://looma.website/image?fn=Kitchen%20Scale.jpg&fp=..%2Fcontent%2Fpictures%2F
Add Whole Numbers		2M05.01					2	5	en	Mathematics	Arithmetic	Addition & Subtraction				video				https://looma.website/video?fn=Add_Whole_Numbers.mp4&fp=..%2Fcontent%2Fvideos%2F&dn=Add%20Whole%20Numbers&captions=true
Addition exercise 1		2M05.01					2	5	en	Mathematics	Arithmetic	Addition & Subtraction				game				https://looma.website/game?id=60d25e364ace6902dd7461ac&class=undefined&subject=undefined&ch_id=null&type=undefined
Basic Addition (Nepali)		2M05.01					2	4	np	Mathematics	Arithmetic	Addition & Subtraction				video				https://looma.website/video?fn=Basic_Addition_Nepali.mp4&fp=..%2Fcontent%2Fvideos%2F&dn=Basic%20Addition%20(Nepali)&captions=true
Basic Addition		2M05.01					2	4	en	Mathematics	Arithmetic	Addition & Subtraction				video				https://looma.website/video?fn=AuX7nPBqDts.mp4&fp=..%2Fcontent%2FKhan%2Fmath%2Farithmetic%2Fvideos%2F&dn=Basic%20Addition&captions=true
Double Digit Addition		2M05.01					2	3	en	Mathematics	Arithmetic	Addition & Subtraction				video				https://looma.website/video?fn=Double_Digit_Addition.mp4&fp=..%2Fcontent%2Fvideos%2F&dn=Double%20Digit%20Addition&captions=true
Basic Subtraction Nepali		2M05.02					2	4	np	Mathematics	Arithmetic	Addition & Subtraction				video				https://looma.website/video?fn=Basic_Subtraction_Nepali.mp4&fp=..%2Fcontent%2Fvideos%2F&dn=Basic%20Subtraction%20Nepali&captions=true
Basic Subtraction		2M05.02					2	4	en	Mathematics	Arithmetic	Addition & Subtraction				video				https://looma.website/video?fn=aNqG4ChKShI.mp4&fp=..%2Fcontent%2FKhan%2Fmath%2Farithmetic%2Fvideos%2F&dn=Basic%20Subtraction&captions=trueNumbers 11 To 20		1M13					1	2	en	Mathematics	Numbers	Digits				video			x	https://looma.website/video?fn=Numbers_11_To_20.mp4&fp=..%2Fcontent%2Fvideos%2F&dn=Numbers%2011%20to%2020&captions=true
2EN Numbers 1-100		1M15					1	3	en	Mathematics	Numbers	Digits				EP				https://looma.website/epaath?epversion=2019&ole=engnum01&lang=en&grade=2
Count and Say (Nepali)	गन र भन	1M18					1	3	np	Mathematics	Numbers	Whole				pdf				https://looma.website/pdf?fn=Count_and_Say_Nepali.pdf&fp=..%2Fcontent%2FChildrens%20Stories%2FLets%20Read%20Stories%2FCount%20and%20Say%2F&lang=np&zoom=1.5&len=1000&page=1
	१ देखि ५ सम्म	1M18					1	1	np	Mathematics	Numbers	Digits				EP				https://looma.website/epaath?epversion=2022&ole=dsyotf01&lang=np&grade=1
Money 2		1M20					1	5	both	Mathematics	Measurement	Currency				image				https://looma.website/image?fn=Money_Ex2.png&fp=..%2Fcontent%2Fpictures%2F
Money 1		1M20					1	5	both	Mathematics	Measurement	Currency				image				https://looma.website/image?fn=Money_Ex1.png&fp=..%2Fcontent%2Fpictures%2F
2M Currency Notes	२ग रुपैयाँ चिन्ने	1M20					1	2	np	Social Studies	Economy	Business	Currency & Money			EP				https://looma.website/epaath?epversion=2015&fp=..%2Fcontent%2Fepaath%2Factivities%2F&fn=3092022%2Fstart.html
Balancing Scale		2M04.03					2	5	both	Mathematics	Measurement	Weight				image				https://looma.website/image?fn=Balancing%20Scale.jpg&fp=..%2Fcontent%2Fpictures%2F
The Zero Song		1M05					1	2	en	Mathematics	Numbers	Digits		The_Zero_Song.mp4		video		Anaika Educations	x	https://www.youtube.com/watch?v=IjLkEFhieWM
Ordinal Numbers		1M14					1	2	en	Mathematics	Numbers	Digits		Ordinal_Numbers.mp4		video		My Hero	x	https://www.youtube.com/watch?v=Io6jsq85_1cpottery	पोटरी	5N02					5	10	both	Social Studies	Arts	Visual Art	Pottery			image				https://looma.website/image?fn=pottery.jpg&fp=..%2Fcontent%2Fdictionary%20images%2F
Sunflower	सूर्यमुखी	5N02					5	10	both	Science	Biology	Plants	Flower			image				https://looma.website/image?fn=papaver-rhoeas-63741.jpg&fp=..%2Fcontent%2Fpictures%2FAnimals%20and%20Geography%2FNorth%20American%20Nature%2F
Support	समर्थन	5N02					5	10	both	Social Studies	Community	Social Organization	Mutual Help			image				https://looma.website/image?fn=Support.jpg&fp=..%2Fcontent%2Fpictures%2F
South American Jungle	दक्षिण अमेरिकी जंगल	5N15					5	10	both	Social Studies	Geography	South America				image				https://looma.website/image?fn=South_American_Jungle.jpg&fp=..%2Fcontent%2Fpictures%2FWorld%20Geography%2F
radio	रेडियो	5N03					4	10	both	Science	Technology	Electrical	Electronics			image				https://looma.website/image?fn=radio.jpg&fp=..%2Fcontent%2Fdictionary%20images%2F
Newspapers	पत्रपत्रिका	5N03					4	9	both	Social Studies	Community	Education	Other Education			image				https://looma.website/image?fn=Newspapers.jpg&fp=..%2Fcontent%2Fpictures%2F
Smart Phone	स्मार्ट फोन	5N03					4	10	both	Science	Technology	Electrical	Electronics			image				https://looma.website/image?fn=Smart_Phone.jpg&fp=..%2Fcontent%2Fpictures%2FTechnology%2F
Mahakavi Laxmi Prasad Devkota	महाकवि लक्ष्मीप्रसाद देवकोटा	5N05					4	8	both	Social Studies	History	People				image				https://looma.website/image?fn=Mahakavi_Laxmi_Prasad_Devkota.jpg&fp=..%2Fcontent%2Fpictures%2F
Prithvi Narayan Shah	पृथ्वी नारायण शाह	5N06					4	9	both	Social Studies	History	Nepal	Famous Persons			image				https://looma.website/image?fn=Prithvi%20Narayan%20Shah.jpg&fp=..%2Fcontent%2Fpictures%2FNepalese%20Modern%20History%2F
Janai Purnima Festival	जनै पूर्णिमा पर्व	5N10					4	9	both	Social Studies	Community	Everyday Life	Celebrations			image				https://looma.website/image?fn=Janai_Purnima_Festival.jpg&fp=..%2Fcontent%2Fpictures%2F
Ubhauli Sakela Fest Observed	उभौली सकेला पर्व मनाइन्छ	5N10					4	9	both	Social Studies	Community	Everyday Life	Celebrations			image				https://looma.website/image?fn=Ubhauli_Sakela_Fest_Observed.jpg&fp=..%2Fcontent%2Fpictures%2F
Blue Morphe Butterfly	निलो मोर्फो पुतली	5N14					1	10	both	Science	Biology	Insects	Butterflies			image				https://looma.website/image?fn=Screen%20Shot%202017-06-13%20at%201.36.00%20PM.png&fp=..%2Fcontent%2Fpictures%2FAnimals%20and%20Geography%2FSouth%20American%20Nature%2F
Gokyo 5th Lake	गोक्यो पाँचौं ताल	5N12					4	9	both	Social Studies	Geography	Asia	Nepal			image				https://looma.website/image?fn=Gokyo%205th%20lake_15699020410_l.jpg&fp=..%2Fcontent%2Fpictures%2FPictures%20of%20Nepal%2F
braille	ब्रेल	5N11					4	8	both	Science	Innovations	Necessity				image				https://looma.website/image?fn=braille.jpg&fp=..%2Fcontent%2Fdictionary%20images%2F
Sagarmatha aka Everest	सगरमाथा उर्फ एभरेस्ट	5N01					4	9	both	Social Studies	Geography	Asia	Nepal			image				https://looma.website/image?fn=everest%20-%20highres.jpg&fp=..%2Fcontent%2Fpictures%2FNepal%20Scenes%2F
Tamang Wedding Feast	तामाङ विवाह भोज	5N01					5	10	both	Social Studies	Community	Everyday Life	Customs			image				https://looma.website/image?fn=DCP_1703.JPG&fp=..%2Fcontent%2Fpictures%2FNepal%20Scenes%2F
Newars Dance In Patan 2	पाटनमा नेवारहरूको नृत्य २	5N01					5	10	both	Social Studies	Arts	Dance	Folk Dance			image				https://looma.website/image?fn=5dancers.jpg&fp=..%2Fcontent%2Fpictures%2FNepal%20Scenes%2F
Nepal Map	नेपालको नक्सा	5N01					4	12	both	Social Studies	Geography	Asia	Nepal			map				https://looma.website/map?id=5fbf07a14f842b413188dffb
Exercise Video 1	व्यायाम भिडियो १	5N09					4	10	both	Science	Medicine	Healthy Living	Fitness			video			x	https://looma.website/video?fn=Exercise_1.mov&fp=..%2Fcontent%2Fvideos%2F&dn=Exercise%20Video%201
Healthy Food	स्वस्थ खाना	5N09					2	10	both	Science	Medicine	Healthy Living	Nutrition			image				https://looma.website/image?fn=Healthy_Food.jpg&fp=..%2Fcontent%2Fpictures%2F
A Good Meal	राम्रो भोजन	5N09					3	10	both	Science	Medicine	Healthy Living	Nutrition			image				https://looma.website/image?fn=A_Good_Meal.jpg&fp=..%2Fcontent%2Fpictures%2F
football	फुटबल	5N04					4	10	both	Social Studies	Community	Sports	Football			image				https://looma.website/image?fn=football.jpg&fp=..%2Fcontent%2Fdictionary%20images%2F
volleyball	भलिबल	5N04					4	10	both	Social Studies	Community	Sports	Volleyball			image				https://looma.website/image?fn=volleyball.png&fp=..%2Fcontent%2Fpictures%2F
badminton	ब्याडमिन्टन	5N04					4	9	both	Social Studies	Community	Sports	Badminton			image				https://looma.website/image?fn=badminton.jpg&fp=..%2Fcontent%2Fdictionary%20images%2F
People Playing Cricket	क्रिकेट खेल्दै गरेका मानिसहरू	5N04					5	9	both	Social Studies	Community	Sports	Cricket			image				https://looma.website/image?fn=Craig_Hughes_Cricket.jpg&fp=..%2Fcontent%2Fpictures%2F
Kabaddi	कबड्डी	5N04					4	10	both	Social Studies	Community	Sports	Other Sports			image				https://looma.website/image?fn=Kabaddi.jpg&fp=..%2Fcontent%2Fpictures%2F
red dancer 2	रातो नर्तक २	5N13					4	10	both	Social Studies	Arts	Dance	Folk Dance			image				https://looma.website/image?fn=red%20dancer%202.jpg&fp=..%2Fcontent%2Fpictures%2FNepalese%20People%2F
Old Nepal 00103	पुरानो नेपाल ००१०३	5N08					4	10	both	Social Studies	Economy	Agriculture	Farming			image				https://looma.website/image?fn=Old%20Nepal%2000103.jpg&fp=..%2Fcontent%2FNepalese%20Traditions%2F
robot	रोबोट	5N15					5	10	both	Science	Technology	Electrical	Electronics			image				https://looma.website/image?fn=robot.jpg&fp=..%2Fcontent%2Fdictionary%20images%2F
Balkrishna Sama	बालकृष्ण समा	5N05					4	8	both	Social Studies	Arts	People				image				https://looma.website/image?fn=Balkrishna_Sama.jpg&fp=..%2Fcontent%2Fpictures%2FMother Teresa	मदर टेरेसा	5N05					4	9	both	Social Studies	History	People	Other People			image				https://looma.website/content/W4S2013/images/3027/302751.jpg
	अनुराधा कोइराला	5N05					4	9	np	Social Studies	History	People	Other People		अनुराधा_कोइराला.mp3	audio				https://youtu.be/-HS2sHx3abI
Resting Place	pati	5N07					4	9	both	Social Studies	History	Nepal	History	Resting_Place.jpg		image				https://upload.wikimedia.org/wikipedia/commons/1/1f/Pati_near_Dattatreya_Temple%2C_Bhaktapur_Durbar_Square%2C_NEPAL_11.jpg
Western Birthday	Western Birthday	5N10					4	9	both	Social Studies	Community	Everyday Life	Celebrations	Western_Birthday.jpg		image				https://images.pexels.com/photos/7100332/pexels-photo-7100332.jpeg?auto=compress&cs=tinysrgb&w=1260&h=750&dpr=1
Audio cassette	अडियो क्यासेट	5N11					4	9	both	Science	IT	Hardware	Other Hardware	Audio_cassette.jpg		image				https://upload.wikimedia.org/wikipedia/commons/2/29/Audio_cassette.png
Online Class	अनलाइन कक्षा	5N03					4	9	both	Social Studies	Community	Education	Other Education	Online_Class.jpg		image		Wikimedia Commons		https://upload.wikimedia.org/wikipedia/commons/0/08/Student_attending_online_class_in_Kerala.jpg
Unhealthy food	अस्वास्थ्यकर खाना	5N09					4	9	both	Social Studies	Community	Everyday Life	Food	Unhealthy_food.jpg		image				https://upload.wikimedia.org/wikipedia/commons/e/e3/Sugar_in_Junk_Food_-_Doughnuts%2C_Biscuits%2C_Chocolate_and_Cake.jpg
	आगन्तुक शब्द	5N04					4	9	np	Language	Nepali	Grammar	Vocabulary		आगन्तुक_शब्द.jpg	image				https://www.canva.com/design/DAG9twfSvvE/hBKldpiWH5nV3ft7SJPlJg/edit?utm_content=DAG9twfSvvE&utm_campaign=designshare&utm_medium=link2&utm_source=sharebutton
Indra Jatra	इन्द्र जात्रा	5N10					4	9	both	Social Studies	Beliefs	Religions	Hinduism	Indra_Jatra.jpg		image				https://upload.wikimedia.org/wikipedia/commons/thumb/3/3f/Pulukishi.jpg/960px-Pulukishi.jpg?20100417142832
	ईमेलको नमुना	5N11					4	9	np	Language	Nepali	Textbooks			ईमेलको_नमुना.jpg	image				https://www.canva.com/design/DAG_luEthHs/KtFNDD6gs1uCW4fZG-993g/edit?utm_content=DAG_luEthHs&utm_campaign=designshare&utm_medium=link2&utm_source=sharebutton
Lotus Pond Kathmandu	कमल पोखरी काठमाडौं	5N12					4	9	both	Social Studies	Geography	Asia	Nepal	Lotus_Pond_Kathmandu.jpg		image				https://upload.wikimedia.org/wikipedia/commons/2/21/Kamal_Pokhari_Kathmandu.jpg
Karnal	कर्नाल	5N03					5	9	both	Social Studies	Arts	Musical Instruments	Other Musical Instruments	Karnal.jpg		image		Wikimedia Commons		https://upload.wikimedia.org/wikipedia/commons/5/58/Karnal_NP.jpg
	कविता लेखन	5N01					4	9	np	Language	Nepali	Form	Poetry		कविता_लेखन.jpg	image				https://www.canva.com/design/DAHB30H99zk/GBY6AWJutoMtfM9SdmmP4Q/edit?utm_content=DAHB30H99zk&utm_campaign=designshare&utm_medium=link2&utm_source=sharebutton
Gangalal Shrestha	गङ्गालाल श्रेष्ठ	5N06					4	9	both	Social Studies	History	Nepal	Famous Persons	Gangalal_Shrestha.jpg		image				https://upload.wikimedia.org/wikipedia/commons/5/53/Ganga_lal_shrestha.jpg
Gyalpo Lhosar	ग्याल्पो ल्होसार	5N10					4	9	both	Social Studies	Beliefs	Religions	Hinduism	Gyalpo_Lhosar.jpg		image				https://upload.wikimedia.org/wikipedia/commons/thumb/a/a7/Gyalpo_Lhosar_2146.jpg/960px-Gyalpo_Lhosar_2146.jpg?20221008124136
	चन्द्रबिन्दु (ँ)	5N09					4	9	np	Language	Nepali	Grammar	Phonics		चन्द्रबिन्दु_(ँ).jpg	image				https://www.canva.com/design/DAG7Ai6WKlA/NjFBuzUMNAHVJl_hGZIlOw/edit?utm_content=DAG7Ai6WKlA&utm_campaign=designshare&utm_medium=link2&utm_source=sharebutton
	चिठी लेखन	5N11					4	9	np	Language	Nepali	Textbooks			चिठी_लेखन.jpg	image				https://www.canva.com/design/DAG-XRGeoEs/JunVkk3Ia_3k8svulpCfAg/edit?utm_content=DAG-XRGeoEs&utm_campaign=designshare&utm_medium=link2&utm_source=sharebutton
Janani Janmabhoomi	जननी जन्मभूमि	5N07	5N01				4	9	both	Social Studies	Geography	Asia	Nepal	Janani_Janmabhoomi.jpg		image				https://upload.wikimedia.org/wikipedia/commons/thumb/2/23/Students_of_Janata_Primary_School%2C_northern_Tistung.JPG/500px-Students_of_Janata_Primary_School%2C_northern_Tistung.JPG?20120817094635
	जाँड–रक्सी–चुरोट सेवनका बेफाइदा	5N09					4	9	np	Social Studies	Issues	Other Issues			जाँड_रक्सी_चुरोट_सेवनका_बेफाइदा.jpg	image				https://www.canva.com/design/DAG7Ajmx4Ac/PwNPn4XaLBhZk1jJ3Xb2JQ/view?utm_content=DAG7Ajmx4Ac&utm_campaign=designshare&utm_medium=link2&utm_source=uniquelinks&utlId=h7acea04258
Behavior of the Tharu community	थारू समुदायको चालचलन	5N01					4	9	both	Social Studies	Beliefs	Religions	Other Religions	Behavior_of_the_Tharu_community.jpg		image				https://upload.wikimedia.org/wikipedia/commons/3/38/THARUNI.jpg
Dashain Tika	दशैंको टीका	5N07					4	9	both	Social Studies	Beliefs	Religons	Hinduism	Dashain_Tika.jpg		image				https://upload.wikimedia.org/wikipedia/commons/thumb/3/34/Dashain_Tika_02.JPG/960px-Dashain_Tika_02.JPG?20131110025554
Dashrath Chand	दसरथ चन्द	5N06					4	9	both	Social Studies	History	Nepal	Famous Persons	Dashrath_Chand.jpg		image				https://upload.wikimedia.org/wikipedia/commons/6/62/Dasarath_chanda.jpg
	दैनिक तालिका	5N13					4	9	np	Social Studies	Community	Everyday Life			दैनिक_तालिका.jpg	image				https://www.canva.com/design/DAHAPtNZQ7o/Gd-N2zT5GOdrdI67NLuYHQ/edit?utm_content=DAHAPtNZQ7o&utm_campaign=designshare&utm_medium=link2&utm_source=sharebutton
Dharmabhakta	धर्मभक्त	5N06					4	9	both	Social Studies	History	Nepal	Famous Persons	Dharmabhakta.jpg		image				https://upload.wikimedia.org/wikipedia/commons/7/73/Dharma_bhakta_mathema_%28cropped%29.jpgDharmabhakta
	निवेदन लेखन नमूना	5N04					4	9	np	Language	Nepali	Textbooks			निवेदन_लेखन_नमूना.jpg	image				https://www.canva.com/design/DAG9t-FnhXg/luFdtA69bYo8NBHx4J4YFA/edit?utm_content=DAG9t-FnhXg&utm_campaign=designshare&utm_medium=link2&utm_source=sharebutton
District Most Languages Spoken in Nepal	नेपालका जिल्लाहरूमा सबैभन्दा बढी बोलिने भाषाहरू	5N01					4	9	both	Social Studies	Geography	Asia	Nepal	District_Most_Languages_Spoken_in_Nepal.jpg		image				https://www.canva.com/design/DAHAJiBF-4Q/xl6iUFsX66dVT5Duwo0LvQ/edit?utm_content=DAHAJiBF-4Q&utm_campaign=designshare&utm_medium=link2&utm_source=sharebutton
United Map of nepal	नेपालको संयुक्त नक्सा	5N06					4	9	both	Social Studies	Geography	Asia	Nepal	United_Map_of_nepal.jpg		image				https://www.canva.com/design/DAG_NZIDLRw/hh7w2VsyQf_15xo_2pAriw/edit?utm_content=DAG_NZIDLRw&utm_campaign=designshare&utm_medium=link2&utm_source=sharebutton
Read and Learn	पढाइ र सिकाइ	5N02					4	9	both	Social Studies	Community	Education	Girls	Read_and_Learn.jpg		image		Wikimedia Commons		https://upload.wikimedia.org/wikipedia/commons/a/aa/Students_study_in_grade_8_at_Shree_Dharmasthali_Lower_Secondary_School%2C_Pokhara%2C_Nepal_%2810727357566%29.jpg
Five lakes	पाँच पोखरी	5N12					4	9	both	Social Studies	Geography	Asia	Nepal	Five_lakes.jpg		image				https://upload.wikimedia.org/wikipedia/commons/4/45/Panch_Pokhari%2C_Sindhupalchowk_%2CNepal.JPG
Pasang Lhamu Sherpa	पासाङ ल्हामु शेर्पा	5N05					4	9	both	Social Studies	History	Nepal	Famous Persons	Pasang_Lhamu_Sherpa.jpg		image				https://drive.google.com/file/d/18hVmf-DICVh2A3DNRXLeJjf8sy2-Dk-z/view?usp=drive_link
Ping	पिङ	5N07					4	9	both	Social Studies	Beliefs	Religons	Hinduism	Ping.jpg		image				https://upload.wikimedia.org/wikipedia/commons/thumb/4/42/Linge_Ping%2C_traditional_festive_swing_in_Nepal.jpg/960px-Linge_Ping%2C_traditional_festive_swing_in_Nepal.jpg?20221020124828
	पुरुष	5N15					5	7	np	Language	Nepali	Grammar	Pronouns		पुरुष.jpg	image		Selfmade		https://www.canva.com/design/DAGxh5hahyg/V1-YzmyNszZlcYgKXF02sw/edit?utm_content=DAGxh5hahyg&utm_campaign=designshare&utm_medium=link2&utm_source=sharebutton
Fax	फ्याक्स	5N11					4	9	both	Science	IT	Hardware	Other Hardware	Fax.jpg		image				https://upload.wikimedia.org/wikipedia/commons/0/07/Telefax.JPG
Bazaar ready meals	बजारिया तयारी खाना	5N09					4	9	both	Social Studies	Community	Everyday Life	Food	Bazaar_ready_meals.jpg		image				https://www.pexels.com/photo/instant-noodles-for-sale-23014601/
Traditional customs of marriage	ब्रतबन्धको परम्परागत चलन	5N01					4	9	both	Social Studies	Beliefs	Religions	Hinduism	Traditional_customs_of_marriage.jpg		image				https://upload.wikimedia.org/wikipedia/commons/7/74/Bratabandh%28traditional_customs_done_by_brahmins%29_%284%29.JPG
Braille	ब्रेल लिपि	5N11					4	9	both	Social Studies	Arts	Literature	Other Literature	Braille.jpg		image				https://upload.wikimedia.org/wikipedia/commons/6/6f/Brail_script.png
Customs Pond Chapagaun	भन्सार पोखरी, चापागाउँ	5N12					4	9	both	Social Studies	Geography	Asia	Nepal	Customs_Pond_Chapagaun.jpg		image				https://upload.wikimedia.org/wikipedia/commons/3/35/Bhansar_Pokhari_Thulo_Pokhari_Chapagaun_Godawari_Municipility_Lalitpur_Nepal_Rajesh_Dhungana.jpg
Mani Rimdu festival	मणि रिम्डु पर्व	5N07					4	9	both	Social Studies	Beliefs	Religons	Buddhism	Mani_Rimdu_festival.jpg		image				https://upload.wikimedia.org/wikipedia/commons/thumb/8/80/Mani_Rimdu_festival%2C_Tengboche_Monastery%2C_Nepal_01.jpg/960px-Mani_Rimdu_festival%2C_Tengboche_Monastery%2C_Nepal_01.jpg?20250331100355
Temple	मन्दिर	5N07					4	9	both	Social Studies	Beliefs	Religons	Hinduism	Temple.jpg		image				https://cdn.kimkim.com/images/articles/raj-6-days-vespa-tour-photo-jean-marie-hullot.jpg
My pond	माई पोखरी	5N12					4	9	both	Social Studies	Geography	Asia	Nepal	My_pond.jpg		image				https://commons.wikimedia.org/wiki/Category:Mai_Pokhari#/media/File:Mai_Pokhari_-_a_wetland_in_Ilam_District_of_Nepal_that_is_designated_as_a_Ramsar_site._(By_Saroj_Pandey).jpg
	म्यासेज	5N11					4	9	np	Language	Nepali	Textbooks			म्यासेज.jpg	image				https://www.canva.com/design/DAG_lqyOUuo/Vt_HEuXu9DaJ0JMPwGyT9w/edit?utm_content=DAG_lqyOUuo&utm_campaign=designshare&utm_medium=link2&utm_source=sharebutton
Ranipokhari	रानीपोखरी	5N12					4	9	both	Social Studies	Geography	Asia	Nepal	Ranipokhari.jpg		image				https://upload.wikimedia.org/wikipedia/commons/7/7f/Rani_Pokhari_Jamal_Kathmandu-Nepal_Rajesh_Dhungana_%2832%29.jpg
Current birthday	वर्तमान जन्मोत्सव	5N10					4	9	both	Social Studies	Community	Everyday Life	Celebrations	Current_birthday.jpg		image				https://upload.wikimedia.org/wikipedia/commons/4/4e/Birthday_celebration_in_SANATANA_DHARMA_-_The_most_adaptive_one.jpg
	वार्तालाप	5N07	5N02				4	9	np	Language	Nepali	Grammar	Sentence		वार्तालाप.jpg	image				https://www.canva.com/design/DAG8qXgN7V0/SVwy2VvlrGSn94w7IFbEJw/edit?utm_content=DAG8qXgN7V0&utm_campaign=designshare&utm_medium=link2&utm_source=sharebutton
	विद्युतीय सञ्चार साधनको दुरुपयोग	5N03					5	9	np	Social Studies	Issues	Other Issues			विद्युतीय_सञ्चार_साधनको_दुरुपयोग.jpg	image		Selfmade		https://www.canva.com/design/DAG9tywvMhY/YYfKvakqL11qJtGjT4lvQg/edit?utm_content=DAG9tywvMhY&utm_campaign=designshare&utm_medium=link2&utm_source=sharebutton
Different Seasons	विभिन्न ऋतुहरू	5N08					5	8	both	Science	Earth	Climate	Season	Different_Seasons.jpg		image		Selfmade		https://www.canva.com/design/DAG6Q6y3N-Q/OEENxkVqk5nbaqYvHl1ONQ/edit?utm_content=DAG6Q6y3N-Q&utm_campaign=designshare&utm_medium=link2&utm_source=sharebutton
Different Weathers	विभिन्न मौसमहरू	5N08					5	8	both	Science	Earth	Climate	Weather	Different_Weathers.jpg		image		Selfmade		https://www.canva.com/design/DAG6Q6y3N-Q/OEENxkVqk5nbaqYvHl1ONQ/edit?utm_content=DAG6Q6y3N-Q&utm_campaign=designshare&utm_medium=link2&utm_source=sharebutton
	विविध पेशाहरू	5N02					4	9	np	Social Studies	Economy	Occupations	Other Occupations		विविध_पेशाहरू.jpg	image		Selfmade		https://www.canva.com/design/DAG7vUO-hiY/2E2kQ647qGnaFg6NcRh3Ag/edit?utm_content=DAG7vUO-hiY&utm_campaign=designshare&utm_medium=link2&utm_source=sharebutton
Shaheed Gate	शहिद गेट	5N06					4	9	both	Social Studies	History	Nepal	History	Shaheed_Gate.jpg		image				https://drive.google.com/file/d/1ispqolOZaZTty7ZTgaMTE5f4TGAVHGvy/view?usp=drive_link
	शिरबिन्दु (ं)	5N09					4	9	np	Language	Nepali	Grammar	Phonics		शिरबिन्दु_(ं).jpg	image				https://www.canva.com/design/DAG7ApotMBw/BJNQn7xkEZr6e0_Eccy2vQ/view?utm_content=DAG7ApotMBw&utm_campaign=designshare&utm_medium=link2&utm_source=uniquelinks&utlId=h7b0f06b039
	शुभ-विवाह	5N04					4	9	np	Social Studies	Community	Everyday Life	Customs		शुभ-विवाह.jpg	image				https://www.canva.com/design/DAG8mNcelFg/G1Gy-J61_vKPpLS6gvT9nQ/edit?utm_content=DAG8mNcelFg&utm_campaign=designshare&utm_medium=link2&utm_source=sharebutton
	संक्षिप्त शब्द र पूरा रूप	5N09					4	9	np	Language	Nepali	Grammar	Vocabulary		संक्षिप्त_शब्द_र_पूरा_रूप.jpg	image				https://www.canva.com/design/DAG_OCXXBIM/20WV0KR7_9mC-QtnNgFU9w/edit?utm_content=DAG_OCXXBIM&utm_campaign=designshare&utm_medium=link2&utm_source=sharebutton
Parliament House	संसद भवन	5N07					4	9	both	Social Studies	History	Nepal	History	Parliament_House.jpg		image				https://upload.wikimedia.org/wikipedia/commons/6/67/Sansad_Bhavan_of_Nepal_%28International_Convention_Centre_Nepal%29-070A4427.jpg
Sign language	साङ्केतिक भाषा	5N11					4	9	both	Social Studies	Arts	Literature	Other Literature	Sign_language.jpg		image				https://upload.wikimedia.org/wikipedia/commons/c/cc/SASL-Fingerspelled-Alphabet.png
	साथीलाई लेखिएको चिठी	5N11					4	9	np	Language	Nepali	Textbooks			साथीलाई_लेखिएको_चिठी.jpg	image				https://www.canva.com/design/DAHB38YuJT8/pjFd69LW1DNBO-CK7BQvRQ/edit?utm_content=DAHB38YuJT8&utm_campaign=designshare&utm_medium=link2&utm_source=sharebutton
Cultural dress	सांस्कृतिक पोशाक	5N07					4	9	both	Social Studies	Beliefs	Religons	Hinduism	Cultural_dress.jpg		image				https://upload.wikimedia.org/wikipedia/commons/6/6b/A_group_of_Nepalese_Girls_and_Boys_in_cultural_dress.jpg
Sukraraj Sastri	सुक्रराज सास्त्री	5N06					4	9	both	Social Studies	History	Nepal	Famous Persons	Sukraraj_Sastri.jpg		image				https://drive.google.com/file/d/1IZPS_WMMJQa8Nnk1pA7_l0BreqiA6pPe/view?usp=drive_link
Healthy food	स्वस्थकर खाना	5N09					4	9	both	Social Studies	Community	Everyday Life	Food	Healthy_food.jpg		image				https://upload.wikimedia.org/wikipedia/commons/6/60/Nepali_dal-bhat-tarkari.jpg
Hindu birthday	हिन्दु जन्मोत्स्व	5N10					4	9	both	Social Studies	Beliefs	Religons	Hinduism	Hindu_birthday.jpg		image				https://upload.wikimedia.org/wikipedia/commons/thumb/5/5c/Devotee_receiving_tika_from_pandit.jpg/960px-Devotee_receiving_tika_from_pandit.jpg?20160919054710
Post Office	हुलाक कार्यालय	5N11					4	9	both	Social Studies	Economy	Occupations	Service	Post_Office.jpg		image				https://upload.wikimedia.org/wikipedia/commons/e/ee/General_Post_Office.jpg
	किसानको कथा	5N02					5	9	np	Language	Nepali	Form	Short Story		किसानको_कथा.mp4	video		Nahor Arena		https://youtu.be/WlQwETIMh9s?si=KTlWw6Y5Y-4HNY3s
chhath puja	छठ	5N07					4	9	both	Social Studies	Community	Everyday Life	Celebrations	chhath_puja.mp4		video			x	https://youtu.be/ocXR48yU5UI
	नाटक	5N05					4	9	np	Social Studies	Arts	Drama	Acting		नाटक.mp4	video		Yatri Dai	x	https://youtu.be/vUU8E49ZjCo
Butterflies	पुतलीहरू	5N14					4	9	both	Science	Biology	Insects	Butterflies	Butterflies.mp4		video			x	https://youtu.be/ERSwUsmMFXs
	मत्स्यपोखरी-संखुवासभा	5N12					4	9	np	Social Studies	Geography	Asia	Nepal		मत्स्यपोखरी-संखुवासभा.mp4	video			x	https://youtu.be/37A_xO6TI5Q?si=FEDUmdUzS-ASw_O3Bhanubhakta Acharya घाँसी	भानुभक्त आचार्य घाँसी	7SS02.01					6	10	en	Social Studies	Arts	Literature	Poetry			video			x	https://looma.website/video?fn=Bhanubhakta_Acharya%20_%E0%A4%98%E0%A4%BE%E0%A4%81%E0%A4%B8%E0%A5%80.mp4&fp=..%2Fcontent%2Fvideos%2F&dn=Bhanubhakta%20Acharya%20%20
Old Nepal 00003	पुरानो नेपाल ००००३	7SS02.01					6	10	both	Social Studies	Economy	Agriculture	Farming			image				https://looma.website/image?fn=Old%20Nepal%2000003.JPG&fp=..%2Fcontent%2FNepalese%20Traditions%2F
Anuradha Koirala	अनुराधा कोइराला	8N01					6	10	both	Social Studies	Community	People				image				https://looma.website/image?fn=Anuradha_Koirala.jpg&fp=..%2Fcontent%2Fpictures%2F
Words With Many Meanings	अनेकार्थी शब्द	8N03					4	8	np	Language	Nepali	Grammar	Homonyms			video			x	https://looma.website/video?fn=%E0%A4%85%E0%A4%A8%E0%A5%87%E0%A4%95%E0%A4%BE%E0%A4%B0%E0%A5%8D%E0%A4%A5%E0%A5%80_%E0%A4%B6%E0%A4%AC%E0%A5%8D%E0%A4%A6.mp4&fp=..%2Fcontent%2Fvideos%2F&dn=%E0%A4%85%E0%A4%A8%E0%A5%87%E0%A4%95%E0%A4%BE%E0%A4%B0%E0%A5%8D%E0%A4%A5%E0%A5%80%20%E0%A4%B6%E0%A4%AC%E0%A5%8D%E0%A4%A6
Perfect Aspects of Tenses	कालका पूर्ण पक्ष	8N07					4	8	np	Language	Nepali	Grammar	Tenses			video			x	https://looma.website/video?fn=%E0%A4%95%E0%A4%BE%E0%A4%B2%E0%A4%95%E0%A4%BE_%E0%A4%AA%E0%A5%82%E0%A4%B0%E0%A5%8D%E0%A4%A3_%E0%A4%AA%E0%A4%95%E0%A5%8D%E0%A4%B7.mp4&fp=..%2Fcontent%2Fvideos%2F&dn=%E0%A4%95%E0%A4%BE%E0%A4%B2%E0%A4%95%E0%A4%BE%20%E0%A4%AA%E0%A5%82%E0%A4%B0%E0%A5%8D%E0%A4%A3%20%E0%A4%AA%E0%A4%95%E0%A5%8D%E0%A4%B7
Promotion and Dismissal	पदयोग र पदवियोग	8N07					4	8	np	Language	Nepali	Grammar				video			x	https://looma.website/video?fn=%E0%A4%AA%E0%A4%A6%E0%A4%AF%E0%A5%8B%E0%A4%97_%E0%A4%B0_%E0%A4%AA%E0%A4%A6%E0%A4%B5%E0%A4%BF%E0%A4%AF%E0%A5%8B%E0%A4%97.mp4&fp=..%2Fcontent%2Fvideos%2F&dn=%E0%A4%AA%E0%A4%A6%E0%A4%AF%E0%A5%8B%E0%A4%97%20%E0%A4%B0%20%E0%A4%AA%E0%A4%A6%E0%A4%B5%E0%A4%BF%E0%A4%AF%E0%A5%8B%E0%A4%97
Foggy Nepalese Landscape	प्रकृति	8N13					1	12	np	Social Studies	Geography	Asia	Nepal			image		flickr		https://looma.website/image?fn=binit-sharma-227839.jpg&fp=..%2Fcontent%2Fpictures%2FAnimals%20and%20Geography%2FNepalese%20Nature%2F
Teacher	शिक्षक	8N15					1	12	both	Social Studies	Economy	Occupations	Service			image				https://looma.website/image?fn=Teacher.jpg&fp=..%2Fcontent%2Fpictures%2FNepali%2F
UNICEF	युनिसेफ	8SS04.04					1	12	both	Social Studies	Community	Social Organization	Non-Profits			image				https://looma.website/image?fn=UNiCEF.png&fp=..%2Fcontent%2Fpictures%2F
Red Cross	रेड क्रस	8SS04.04					1	12	both	Social Studies	Community	Social Organization	Non-Profits			image				https://looma.website/content/W4S2013/images/742/74283.png
Destroyed building after earthquake	भूकम्पपछि भत्किएको भवन	8SS07.06					1	12	both	Science	Earth	Natural Disasters	Earthquakes			image				https://looma.website/image?fn=Destroyed%20building%20after%20Nepal%20earthquake%202015.jpg&fp=..%2Fcontent%2Fhistory%2FEarthquakes%20near%20Nepal%2F
SAARC Map	सार्क नक्शा	8SS07.05					6	9	both	Social Studies	Geography	Maps	Country			image				https://looma.website/map?id=5fd55ccb7a462b01e4c3bb2f
Building collapsed after the earthquake	भूकम्पपछि भत्किएको भवन	8SS07.06					4	10	both	Science	Earth	Natural Disasters				image				https://looma.website/image?fn=Destroyed%20building%20after%20Nepal%20earthquake%202015.jpg&fp=..%2Fcontent%2Fhistory%2FEarthquakes%20near%20Nepal%2F
World Topography	ग्लोब र विश्वको प्राकृतिक नक्सा	8SS07.02					4	10	en	Social Studies	Geography	Maps	Continents			map				https://looma.website/map?id=5b50cd497178a8017f26cc55Ministry of Federal Affairs and Local Development	सङ्घीय मामिला तथा स्थानीय विकास मन्त्रालय	8SS03.03					6	10	both	Social Studies	Community	Government	National	Ministry_of_Federal_Affairs_and_Local_Development.jpg		image		Wikimedia Commons		https://upload.wikimedia.org/wikipedia/commons/5/57/Sanghiya_mamila.jpg	Given to the field team
Ministry of Finance	अर्थ मन्त्रालय	8SS03.03					6	10	both	Social Studies	Community	Government	National	Ministry_of_Finance.jpg	         	image		Wikimedia Commons		https://upload.wikimedia.org/wikipedia/commons/4/4a/Finance_ministry_of_Nepal.jpeg	Given to the field team
Prime Minister's Office	प्रधानमन्त्रीको कार्यालय	8SS03.03					6	10	both	Social Studies	Community	Government	National	Prime_Minister's_Office.jpg		image		Wikimedia Commons		https://upload.wikimedia.org/wikipedia/commons/d/d4/Primeminister%27s_Office_01.jpg	Given to the field team
	न्यायपालिकाको परिचय र गठन प्रक्रिया	8SS03.04					7	10	np	Social Studies	Community	Social Organization	Laws		न्यायपालिकाको_परिचय_र_गठन_प्रक्रिया.jpg	image		Selfmade		https://www.canva.com/design/DAG9ubGx8oI/0XRSTgIeIYquciA71qjJlA/edit?utm_content=DAG9ubGx8oI&utm_campaign=designshare&utm_medium=link2&utm_source=sharebutton	For thumbnail given to the field team
Supreme Court of Nepal	नेपालको सर्वोच्च अदालत	8SS03.04	8SS01.04				6	10	both	Social Studies	Community	Social Organization	Laws	Supreme_Court_of_Nepal.jpg		image		Wikimedia Commons		https://upload.wikimedia.org/wikipedia/commons/9/9c/Supreme_Court_of_Nepal_02.jpg	Given to the field team
District Court	जिल्ला अदालत	8SS03.04					7	10	both	Social Studies	Community	Social Organization	Laws	District_Court.jpg		image		Wikimedia Commons		https://upload.wikimedia.org/wikipedia/commons/f/f5/Kathmandu_District_Court_Building.jpg	Given to the field team
High Court	उच्च अदालत	8SS03.04					7	10	both	Social Studies	Community	Social Organization	Laws	High_Court.jpg		image		Wikimedia Commons		https://upload.wikimedia.org/wikipedia/commons/c/cd/%E0%A4%89%E0%A4%9A%E0%A5%8D%E0%A4%9A_%E0%A4%85%E0%A4%A6%E0%A4%BE%E0%A4%B2%E0%A4%A4_%E0%A4%AA%E0%A4%BE%E0%A4%9F%E0%A4%A8%2C_%E0%A4%B9%E0%A5%87%E0%A4%9F%E0%A5%8C%E0%A4%82%E0%A4%A1%E0%A4%BE_%E0%A4%87%E0%A4%9C%E0%A4%B2%E0%A4%BE%E0%A4%B8.jpg	Given to the field team
	सकारात्मक भेद	8SS03.05					8	10	np	Social Studies	Community	Everyday Life	Cooperation		सकारात्मक_भेद.jpg	image		Selfmade		https://www.canva.com/design/DAG84alkHII/pzH4eDOaubzFmJb47zQg5g/edit?utm_content=DAG84alkHII&utm_campaign=designshare&utm_medium=link2&utm_source=sharebutton	For thumbnail given to the field team
	समावेशीकरणको परिचय	8SS03.05					8	10	np	Social Studies	Community	Everyday Life	Cooperation		समावेशीकरणको_परिचय.jpg	image		Selfmade		https://www.canva.com/design/DAG84XtugW8/qZVzFJ6YE0Jso7D-sAfXHw/edit?utm_content=DAG84XtugW8&utm_campaign=designshare&utm_medium=link2&utm_source=sharebutton	For thumbnail given to the field team
Inclusion	समावेशीकरण	8SS03.05					7	10	both	Social Studies	Community	Everyday Life	Cooperation	Inclusion.jpg		image		AI		https://drive.google.com/open?id=191cJjytS4Y82p67yzET1AOtPEB871Vyb	
	सुशासन	8SS03.07					8	10	np	Social Studies	Community	Government			सुशासन.jpg	image		Selfmade		https://www.canva.com/design/DAG8I1beejE/KqC6588BFfyxJC8yRxi2_Q/edit?utm_content=DAG8I1beejE&utm_campaign=designshare&utm_medium=link2&utm_source=sharebutton	For thumbnail given to the field team
Use of Information	सूचनाको प्रयोग	8SS03.07					6	10	both	Social Studies	Issues	Human Rights	Other Human Rights	Use_of_Information.jpg		image		Wikimedia Commons		https://upload.wikimedia.org/wikipedia/commons/a/a0/Old_man_reading_newspaper_early_in_the_morning_at_Basantapur-IMG_6800.jpg	Given to the field team
	बाल मजदुर	8SS04.01					6	10	np	Social Studies	Issues	Human Rights	Slavery		बाल_मजदुर.mp4	video		Samaya Chakra		https://youtu.be/gRY_Xz2XY9A?si=DKcM16YZg8UAg_-9	Given to the field team
	दाइजो प्रथा न्युनिकरण	8SS04.01					6	10	np	Social Studies	Issues	Other Issues			दाइजो_प्रथा_न्युनिकरण.mp4	video		WOREC Nepal		https://youtu.be/7gjrcQJGcYU?si=3vNELl83BwHKkxgo	Given to the field team
Awareness Program	सचेतना कार्यक्रम	8SS04.03					7	10	both	Social Studies	Issues	Solutions		Awareness_Program.jpg		image		Wikimedia Commons		https://commons.wikimedia.org/wiki/File:Wiki_education_3.jpg	Given to the field team
Protest	विरोध प्रदर्शन	8SS04.05	7SS04.05				6	10	both	Social Studies	Issues	Conflict		Protest.jpg	        	image		Wikimedia Commons		https://upload.wikimedia.org/wikipedia/commons/e/e9/2025_Nepalese_Gen_Z_protesters_infront_of_Bharatpur_mahanagarpalika_office.jpg	Given to the field team
	गोपाल वंश	8SS05.02					7	8	np	Social Studies	History	Nepal			गोपाल_वंश.pdf	pdf		Wikipedia Commons		https://ne.wikipedia.org/wiki/%E0%A4%97%E0%A5%8B%E0%A4%AA%E0%A4%BE%E0%A4%B2_%E0%A4%B5%E0%A4%82%E0%A4%B6	Given to the field team
	किराँत जाति	8SS05.02					7	8	np	Social Studies	Beliefs	Religions	Other Religions		किराँत_जाति.pdf	pdf		Wikipedia Commons		https://ne.wikipedia.org/wiki/%E0%A4%95%E0%A4%BF%E0%A4%B0%E0%A4%BE%E0%A4%81%E0%A4%A4_%E0%A4%9C%E0%A4%BE%E0%A4%A4%E0%A4%BF	Given to the field team
	प्राचीन समय र वर्तमान समयको आर्थिक क्रियाकलापबिच तुलना	8SS05.02					7	9	np	Social Studies	Community	Everyday Life	Other Everyday Life		प्राचीन_समय_र_वर्तमान_समयको_आर्थिक_क्रियाकलापबिच_तुलना.jpg	image		Selfmade		https://www.canva.com/design/DAHAbe7TC0o/5qk4TMgcdUfF-A6zlbe3qg/edit?utm_content=DAHAbe7TC0o&utm_campaign=designshare&utm_medium=link2&utm_source=sharebutton	For thumbnail given to the field team
	महिषपाल, गोपाल र किराँत वंशका प्रथम र अन्तिम राजाहरूको नाम	8SS05.02					7	8	np	Social Studies	History	Nepal	History		महिषपाल_गोपाल_र_किराँत_वंशका_प्रथम_र_अन्तिम_राजाहरूको_नाम.jpg	image		Selfmade		https://www.canva.com/design/DAG-XNu91qo/HPvfwMFmmnJhCV5p1rlJmg/edit?utm_content=DAG-XNu91qo&utm_campaign=designshare&utm_medium=link2&utm_source=sharebutton	For thumbnail given to the field team
	काठमाडौं उपत्यकाको सभ्यता	8SS05.03					7	9	np	Social Studies	History	Nepal	History		काठमाडौं_उपत्यकाको_सभ्यता.jpg	image		Selfmade		https://www.canva.com/design/DAHAhNEm2Gs/gOujH7x_cB0D1HZbR8SmGA/edit?utm_content=DAHAhNEm2Gs&utm_campaign=designshare&utm_medium=link2&utm_source=sharebutton	For thumbnail given to the field team
Martyrs	सहिदहरू	8SS05.04					6	10	both	Social Studies	History	Nepal	Famous Persons	Martyrs.jpg		image		Wikimedia Commons		https://upload.wikimedia.org/wikipedia/commons/8/83/Dashrath_gangalal_statues.jpeg	Given to the field team
Shahid Gate	सहिद गेट	8SS05.04					6	10	both	Social Studies	History	Nepal	History	Shahid_Gate.jpg		image		Wikimedia Commons		https://upload.wikimedia.org/wikipedia/commons/b/bc/Arch_and_Dharahara_tower_%282971502239%29.jpg	Given to the field team
	प्रथम सहिद लखन थापा	8SS05.04					7	9	np	Social Studies	History	Nepal	Famous Persons		प्रथम_सहिद_लखन_थापा.mp4	video		Samaya Chakra		https://youtu.be/IxqpidvjJik?si=BFnpHB3y_vgw61N_	Given to the field team
Brunelleschi	ब्रुन्लेस्की	8SS05.08					7	10	both	Social Studies	History	People		Brunelleschi.jpg		image		Wikimedia Commons		https://upload.wikimedia.org/wikipedia/commons/b/b2/Cinque_maestri_del_rinascimento_fiorentino%2C_XVI_sec%2C_Filippo_Brunelleschi.JPG	Given to the field team
Ghiberti	गिवर्टी	8SS05.08					7	10	both	Social Studies	History	People		Ghiberti.jpg		image		Wikimedia Commons		https://upload.wikimedia.org/wikipedia/commons/8/8b/Lorenzo_Ghiberti%27s_Self_Portrait-The_Gates_of_Paradise_-_Original-Museo_dell%27Opera_del_Duomo.jpg	Given to the field team
Erasmus	इरामस	8SS05.08					7	10	both	Social Studies	History	People		Erasmus.jpg		image		Wikimedia Commons		https://upload.wikimedia.org/wikipedia/commons/9/95/Portrait_of_Erasmus_by_Hans_Holbein_d._J.-Kunstmuseum_Basel.jpg	Given to the field team
Spenser	स्पेन्सर	8SS05.08					7	10	both	Social Studies	History	People		Spenser.jpg		image		Wikimedia Commons		https://upload.wikimedia.org/wikipedia/commons/c/ca/NSRW_Edmund_Spenser.jpg	Given to the field team
Old Nepali Coins	पुराना नेपाली सिक्काहरू	8SS06.01					6	9	both	Social Studies	History	Nepal	Symbols	Old_Nepali_Coins.jpg		image		Wikimedia Commons		https://upload.wikimedia.org/wikipedia/commons/c/ce/Old_coins_of_nepal.jpg	Given to the field team
Old Nepali Note	पुरानो नेपाली नोट	8SS06.01					6	9	both	Social Studies	History	Nepal	Symbols	Old_Nepali_Note.jpg		image		Wikimedia Commons		https://upload.wikimedia.org/wikipedia/commons/3/3e/Old_nepali_paper_note.jpg	Given to the field team
Nepal Rastra Bank	नेपाल राष्ट्र बैंक	8SS06.02					6	10	both	Social Studies	Economy	Business	Currency & Money	Nepal_Rastra_Bank.jpg		image		Wikimedia Commons		https://upload.wikimedia.org/wikipedia/commons/thumb/f/fb/Nepal_Rastra_Bank_Head_office.jpg/640px-Nepal_Rastra_Bank_Head_office.jpg	Given to the field team
    	नेपालीहरू वैदेशिक रोजगारीमा जाने कारणहरू	8SS06.05					7	9	np	Social Studies	Issues	Other Issues			नेपालीहरू_वैदेशिक_रोजगारीमा_जाने_कारणहरू.jpg	image		Selfmade		https://www.canva.com/design/DAG8PVYDfJA/NiE4SVTuokaKAEo2ThCaFg/edit?utm_content=DAG8PVYDfJA&utm_campaign=designshare&utm_medium=link2&utm_source=sharebutton	For thumbnail given to the field team
	वैदेशिक रोजगारीका अवसर र चुनौतीहरू	8SS06.05					7	9	np	Social Studies	Issues	Other Issues			वैदेशिक_रोजगारीका_अवसर_र_चुनौतीहरू.jpg	image		Selfmade		https://www.canva.com/design/DAG8PcRI8Kg/vzeozaFPG4Hq8-JSNm_gbQ/edit?utm_content=DAG8PcRI8Kg&utm_campaign=designshare&utm_medium=link2&utm_source=sharebutton	For thumbnail given to the field team
	सुरक्षित वैदेशिक रोजगारीका लागि सुझाव	8SS06.05					7	9	np	Social Studies	Economy	Business	Studies		सुरक्षित_वैदेशिक_रोजगारीका_लागि_सुझाव.jpg	image		Selfmade		https://www.canva.com/design/DAG8PX2xHn4/oSqmank5WF_IWad5Bbx_Dw/edit?utm_content=DAG8PX2xHn4&utm_campaign=designshare&utm_medium=link2&utm_source=sharebutton	For thumbnail given to the field team																							
	पृथ्वीको दैनिक र वार्षिक गतिका प्रभाव	8SS07.01					7	9	np	Science	Astronomy	Solar System	Earth		पृथ्वीको_दैनिक_र_वार्षिक_गतिका_प्रभाव.jpg	image		Selfmade		https://www.canva.com/design/DAG-BzinoCs/6P_ty0tsxKyLlrkXYaOhcA/edit?utm_content=DAG-BzinoCs&utm_campaign=designshare&utm_medium=link2&utm_source=sharebutton			For thumbnail given to the field team
Earth moves around the Sun	पृथ्वी सूर्यको वरिपरि घुम्छ	8SS07.01	7SS07.01				6	10	both	Science	Astronomy	Solar System	Earth	Earth_moves_around_the_Sun.mp4		video		Labtoons	x	https://youtu.be/GjlnKkqhFzQ			Given to the field team
	पृथ्वीको अक्षको झुकाव	8SS07.01					7	9	np	Science	Astronomy	Solar System	Earth		पृथ्वीको_अक्षको_झुकाव.jpg	image		Selfmade		https://www.canva.com/design/DAG-wBYO4-I/zpWbKfv3dEcZdibLSiRifg/edit?utm_content=DAG-wBYO4-I&utm_campaign=designshare&utm_medium=link2&utm_source=sharebutton			For thumbnail given to the field team
	पृथ्वीको परिक्रमण	8SS07.01					7	9	np	Science	Astronomy	Solar System	Earth		पृथ्वीको_परिक्रमण.jpg	image		Selfmade		https://www.canva.com/design/DAG-wACY3co/10ezmDfkLMN2wpotGi74fg/edit?utm_content=DAG-wACY3co&utm_campaign=designshare&utm_medium=link2&utm_source=sharebutton			For thumbnail given to the field team
	जलवायु परिवर्तनको असर न्यूनीकरणका उपाय	8SS07.03					7	9	np	Science	Earth	Human Impact	Conservation		जलवायु_परिवर्तनको_असर_न्यूनीकरणका_उपाय.jpg	image		Selfmade		https://www.canva.com/design/DAHAKXfW14s/_qD37huLp3C9YOyu-2mEYA/edit?utm_content=DAHAKXfW14s&utm_campaign=designshare&utm_medium=link2&utm_source=sharebutton			For thumbnail given to the field team
Mahendra Highway	महेन्द्र राजमार्ग	8SS07.04					6	10	both	Social Studies	Community	Social Organization	Infrastructure	Mahendra_Highway.jpg		image		Wikimedia Commons		https://upload.wikimedia.org/wikipedia/commons/e/e7/Mahendra_Highway_in_Lahan%2C_Nepal.jpg			Given to the field team
Araniko Highway	अरणिको राजमार्ग	8SS07.04					6	10	both	Social Studies	Community	Social Organization	Infrastructure	Araniko_Highway.jpg		image		Wikimedia Commons		https://upload.wikimedia.org/wikipedia/commons/0/03/6_Lane_Araniko_Highway_as_seen_from_Madhyapur%2C_Thimi.jpg			Given to the field team
The 18th SAARC Summit	१८औँ सार्क शिखर सम्मेलन	8SS07.05					6	10	both	Social Studies	Geography	Asia	Nepal	The_18th_SAARC_Summit.jpg		image		Wikimedia Commons		https://commons.wikimedia.org/wiki/File:The_Prime_Minister,_Shri_Narendra_Modi_along_with_the_SAARC_leaders,_at_the_concluding_session_of_the_18th_SAARC_Summit,_in_Kathmandu,_Nepal_on_November_27,_2014.jpg			Given to the field team
	बसाइँसराइले पारेको प्रभाव	8SS08.04					7	9	np	Social Studies	Community	Other Community			बसाइँसराइले_पारेको_प्रभाव.jpg	image		Selfmade		https://www.canva.com/design/DAG8PueajII/RYU_WcXg2emlcBTf-cEKZg/edit?utm_content=DAG8PueajII&utm_campaign=designshare&utm_medium=link2&utm_source=sharebutton			For thumbnail given to the field team
	बसाइँसराइका कारक तत्वहरू	8SS08.04					7	9	np	Social Studies	Community	Other Community			बसाइँसराइका_कारक_तत्वहरू.jpg	image		Selfmade		https://www.canva.com/design/DAG8Pr1vIsw/6Fn5mUtlpYFR1NzC4sXBQg/edit?utm_content=DAG8Pr1vIsw&utm_campaign=designshare&utm_medium=link2&utm_source=sharebutton			For thumbnail given to the field team
	नेपाली राजदूतावास रहेका देशहरू	8SS09.01					8	9	np	Social Studies	Community	Other Community			नेपाली_राजदूतावास_रहेका_देशहरू.jpg	image		Selfmade		https://www.canva.com/design/DAHAWImHmls/CBxp_hhaKY2wQpSawUcnmw/edit			For thumbnail given to the field team
	कूटनीतिक नियोगको परिचय	8SS09.01					8	9	np	Social Studies	Community	Other Community			कूटनीतिक_नियोगको_परिचय.jpg	image		Selfmade		https://www.canva.com/design/DAG9D5mG3CI/Fhl_rvG_kAahJj7moos-eA/edit?utm_content=DAG9D5mG3CI&utm_campaign=designshare&utm_medium=link2&utm_source=sharebutton			For thumbnail given to the field team
Birendra with Rajiv Gandhi	राजीव गान्धीसँग विरेन्द्र	8SS09.01					7	9	both	Social Studies	History	Nepal	Famous Persons	Birendra_with_Rajiv_Gandhi.jpg		image		Wikimedia Commons		https://upload.wikimedia.org/wikipedia/commons/1/1c/Birendra_of_Nepal_with_Rajiv_Gandhi.jpg			Given to the field team
Embassy of Nepal	नेपाल दूतावास	8SS09.01					6	10	both	Social Studies	Geography	Asia	Nepal	Embassy_of_Nepal.jpg		image		Wikimedia Commons		https://upload.wikimedia.org/wikipedia/commons/f/f8/Embassy_of_Nepal.JPG			Given to the field team
	बिमस्टेकको उ‌द्देश्य	8SS09.02					8	9	np	Social Studies	Geography	Asia			बिमस्टेकको_उ‌द्देश्य.jpg	image		Selfmade		https://www.canva.com/design/DAG9D9xu2Ks/ffsF9hnPAT_xMz3sTS57hw/edit?utm_content=DAG9D9xu2Ks&utm_campaign=designshare&utm_medium=link2&utm_source=sharebutton			For thumbnail given to the field team
	बिमस्टेक र सदस्य राष्ट्र	8SS09.02					8	9	np	Social Studies	Geography	Asia			बिमस्टेक_र_सदस्य_राष्ट्र.jpg	image		Selfmade		https://www.canva.com/design/DAG9Dx-Fc-Q/_funhzB2kUNynHXA1Yw5Ow/edit?utm_content=DAG9Dx-Fc-Q&utm_campaign=designshare&utm_medium=link2&utm_source=sharebutton			For thumbnail given to the field team
	बिमस्टेकबाट नेपालले प्राप्त गरेका उपलब्धि	8SS09.02					8	9	np	Social Studies	Geography	Asia			बिमस्टेकबाट_नेपालले_प्राप्त_गरेका_उपलब्धि.jpg	image		Selfmade		https://www.canva.com/design/DAG9D0WuLkw/MYVlG_jCv6n9IuBnkifZ5w/edit?utm_content=DAG9D0WuLkw&utm_campaign=designshare&utm_medium=link2&utm_source=sharebutton			For thumbnail given to the field team
	साइबर अपराधअन्तर्गत पर्ने क्रियाकलाप	8SS09.04					7	9	np	Social Studies	Issues	Other Issues			साइबर_अपराधअन्तर्गत_पर्ने_क्रियाकलाप.jpg	image		Selfmade		https://www.canva.com/design/DAG79wvaaAw/DqAjElx6Ew9O9KFeuKSyAQ/edit?utm_content=DAG79wvaaAw&utm_campaign=designshare&utm_medium=link2&utm_source=sharebutton			For thumbnail given to the field team
	साइबर अपराधको उजुरी दिने प्रक्रिया	8SS09.04					7	9	np	Social Studies	Issues	Other Issues			साइबर_अपराधको_उजुरी_दिने_प्रक्रिया.jpg	image		Selfmade		https://www.canva.com/design/DAG799B7qnw/1rl97UWhi_hh3RpNdecTwg/edit?utm_content=DAG799B7qnw&utm_campaign=designshare&utm_medium=link2&utm_source=sharebutton			For thumbnail given to the field team
	साइबर अपराध विरुद्ध सचेत रहने उपाय	8SS09.04					7	9	np	Social Studies	Issues	Other Issues			साइबर_अपराध_विरुद्ध_सचेत_रहने_उपाय.jpg	image		Selfmade		https://www.canva.com/design/DAG79_Ecdxk/Sx2Yh1di4d4MafNn8-Pk0w/edit?utm_content=DAG79_Ecdxk&utm_campaign=designshare&utm_medium=link2&utm_source=sharebutton			For thumbnail given to the field team
	साइबर अपराधका कानुनी व्यवस्था	8SS09.04					7	9	np	Social Studies	Issues	Other Issues			साइबर_अपराधका_कानुनी_व्यवस्था.jpg	image		Selfmade		https://www.canva.com/design/DAG7972W4jg/nn-x53xYZlksz_gg8l5POg/edit?utm_content=DAG7972W4jg&utm_campaign=designshare&utm_medium=link2&utm_source=sharebutton			For thumbnail given to the field team
World Cup 2022 Winner	विश्वकप २०२२ फाइनल विजेता	8SS09.05					6	10	both	Social Studies	Community	Sports	Football	World_Cup_2022_Winner.jpg		image		Flickr		https://www.flickr.com/photos/footpicshd/52572863508			Given to the field team
World Cup Trophy	विश्वकप ट्रफी	8SS09.05					6	10	both	Social Studies	Community	Sports	Football	World_Cup_Trophy.jpg		image		Flickr		https://www.flickr.com/photos/57511216@N04/44451488875			Given to the field team
	डेंगुबाट बच्‍ने उपायहरू	8SS09.05					7	9	np	Science	Medicine	Disease & Injury	Other Disease		डेंगुबाट_बच्‍ने_उपायहरू.jpg	image		Selfmade		https://www.canva.com/design/DAG-fnQ5vFk/LA8PwOfB1TzzUwSPrbA_cg/edit?utm_content=DAG-fnQ5vFk&utm_campaign=designshare&utm_medium=link2&utm_source=sharebutton			For thumbnail given to the field team
	विश्वकप फुटबलको सङ्क्षिप्त इतिहास	8SS09.05					7	9	np	Social Studies	Community	Sports	Football		विश्वकप_फुटबलको_सङ्क्षिप्त_इतिहास.jpg	image		Selfmade		https://www.canva.com/design/DAG-fTXDP7g/ICnShSWJaOdPq8DvId2y7A/edit?utm_content=DAG-fTXDP7g&utm_campaign=designshare&utm_medium=link2&utm_source=sharebutton			For thumbnail given to the field teamHouse of Parliament		7SS03.01					5	10	both	Social Studies	History	Modern				image				https://looma.website/image?fn=House%20of%20Parliament.JPG&fp=..%2Fcontent%2Fpictures%2FNepalese%20Modern%20History%2F
Constitution of Nepal		7SS03.01	7SS03.03				5	10	both	Social Studies	Issues	Solutions				image				https://looma.website/image?fn=Constitution_of_Nepal.jpg&fp=..%2Fcontent%2Fpictures%2FSocial%20Studies%2F
Active Learning - drama game		7SS02.09					4	8	both	Social Studies	Community	Education	Other Education			image				https://looma.website/image?fn=active%20learning%203.JPG&fp=..%2Fcontent%2FTeacher%20Tools%2FActive%20Learning%20Strategies%2F
Sarangi instrument		7SS02.09					4	10	both	Social Studies	Arts	Musical Instruments	Other Musical Instruments			image				https://looma.website/image?fn=Sarangi%20instrument.jpg&fp=..%2Fcontent%2Fpictures%2FNepalese%20People%2F
Gaijatra		7SS05.03					4	8	both	Social Studies	Beliefs	Religions	Hinduism			image				https://looma.website/image?fn=Gaijatra.jpg&fp=..%2Fcontent%2Fpictures%2FNepalese%20Holidays%2F
IndraJatra		7SS05.03					4	8	both	Social Studies	Beliefs	Religions	Hinduism			image				https://looma.website/image?fn=IndraJatra.jpg&fp=..%2Fcontent%2Fpictures%2FNepalese%20Holidays%2F
Stone Age tools		7SS01.01					6	9	both	Social Studies	History	Ancient	Other Ancient History			image				https://looma.website/image?fn=Stone_Age_tools.jpg&fp=..%2Fcontent%2Fpictures%2FSocial%20Studies%2F
Stone Age People Home		7SS01.01					6	9	both	Social Studies	History	Ancient	Other Ancient History			image				https://looma.website/image?fn=Stone_Age_People_Home.jpg&fp=..%2Fcontent%2Fpictures%2FSocial%20Studies%2F
Stone age		7SS01.01					6	9	both	Social Studies	History	Ancient	Other Ancient History			image				https://looma.website/image?fn=Stone_age.jpg&fp=..%2Fcontent%2Fpictures%2FSocial%20Studies%2F
Greenery in Sinja Valley		7SS05.07	7SS07.02				7	9	both	Social Studies	History	Nepal	Geography			image				https://looma.website/image?fn=Greenery_in_Sinja_Valley.jpg&fp=..%2Fcontent%2Fpictures%2FSocial%20Studies%2F
Nepalese policeman		7SS03.07	7SS03.02				4	8	both	Social Studies	Community	People				image				https://looma.website/image?fn=Nepalese_policeman.jpg&fp=..%2Fcontent%2Fpictures%2F
Cleaning street		7SS03.02					4	8	both	Social Studies	Issues	Other Issues	Sanitation			image				https://looma.website/image?fn=Cleaning_street.jpg&fp=..%2Fcontent%2Fpictures%2F
Election of Nepal		7SS03.02					5	10	both	Social Studies	Issues	Human Rights	Other Human Rights			image				https://looma.website/image?fn=Election_of_Nepal.jpg&fp=..%2Fcontent%2Fpictures%2F
Old Nepal 00147		7SS03.02					5	9	both	Social Studies	Geography	Asia	Nepal			image				https://looma.website/image?fn=Old%20Nepal%2000147.jpg&fp=..%2Fcontent%2FNepalese%20Traditions%2F
Pashupatinath		7SS03.02					4	10	both	Social Studies	Community	Everyday Life	Religious Sites			image				https://looma.website/image?fn=Pashupatinath_15526745068_l.jpg&fp=..%2Fcontent%2Fpictures%2Ftraditional%20nepal%2F
Hospital		7SS01.03					4	8	both	Social Studies	Community	Social Organization	Health Care			image				https://looma.website/image?fn=Hospital.jpg&fp=..%2Fcontent%2Fpictures%2F
Dullav School near Gorkha		7SS01.03					5	10	both	Social Studies	Community	Education	Other Education			image				https://looma.website/image?fn=Dullav%20School%20near%20Gorkha.jpg&fp=..%2Fcontent%2Fpictures%2FNepalese%20People%2F
Nepal Map		7SS03.01	7SS07.07				5	10	both	Social Studies	Geography	Asia	Nepal			map				https://looma.website/map?id=5fbf07a14f842b413188dffb
Araniko		7SS05.05					4	8	both	Social Studies	Arts	People				image				अरनिको
Araniko, the Great Architect of Nepal		7SS05.05					4	8	np	Social Studies	Arts	People				video				अरनिको
Deforestation In Action		7SS07.08	8SS07.03				4	9	both	Science	Earth	Human Impact				image				deforstation
Firestorm		7SS07.08	8SS07.03				5	8	both	Science	Earth	Natural Disasters	Fire			video			x	FIRESTORM
Creek Flooding		7SS07.08	8SS07.03				4	10	both	Science	Earth	Oceans & Water	Flood			image				FLOODING
King Prithvi Narayan Shah		7SS05.06					4	9	both	Social Studies	History	Nepal	Famous Persons			image				KingPrithviShah
Parma In Nepal		7SS06.01					5	9	both	Social Studies	Economy	Agriculture				image				कृषि
Tea Garden of Ilam		7SS06.01					5	10	both	Social Studies	Economy	Agriculture	Farming			image				Tea
Fruits and Veggies		7SS06.04					5	10	both	Science	Biology	Plants	Vegetable			image				Fruits
Pen and Paper		7SS06.04					1	10	both	Social Studies	Community	Everyday Life	Possessions			image				COPY AND PEN
Plateau		7SS07.02					6	9	both	Social Studies	Geography	Landforms				image				Plateu
volcano		7SS07.02	7SS07.03				5	10	both	Science	Earth	Natural Disasters	Volcanoes			image				Mountain
North American Grasslands		7SS07.02					5	10	both	Social Studies	Geography	North America				image				Plains
Rain		7SS07.05					4	10	both	Science	Earth	Climate	Rain			image				Monsoon rain
Winter Wonderland, Nepal		7SS07.05					5	10	both	Social Studies	Geography	Asia	Nepal			image				Winter
Nepal Mountain		7SS07.06					4	10	both	Social Studies	Geography	Asia	Nepal			image				Region
Mid-Hills in Nepal		7SS07.06					5	10	both	Social Studies	Geography	Asia	Nepal			image				hilly
Terai sunset purple		7SS07.06					5	10	both	Social Studies	Geography	Landforms				image				Terai
Glacier Landscape		7SS07.03					5	10	both	Science	Earth	Oceans & Water				image				Glacier
haystack and farm house		7SS07.04					4	10	both	Social Studies	Community	Everyday Life	Dwellings			image				house
Newar house 2		7SS07.04					5	10	both	Social Studies	Community	Other Community				image				HouseBishnu's Marriage		7SS01.02	7SS02.03				4	10	both	Social Studies	Community	Everyday Life	Customs			image				https://looma.website/image?fn=DCP_1673.JPG&fp=..%2Fcontent%2Fpictures%2FNepal%20Scenes%2F
Haat Bazaar		7SS01.02					3	10	both	Social Studies	Economy	Business	Market			image				https://looma.website/image?fn=Haat_Bazaar.JPG&fp=..%2Fcontent%2Fpictures%2F
Ubhauli Sakela Fest Observed		7SS01.02	7SS02.04				4	9	both	Social Studies	Community	Everyday Life	Celebrations			image				https://looma.website/image?fn=Ubhauli_Sakela_Fest_Observed.jpg&fp=..%2Fcontent%2Fpictures%2F
Newars Dance In Patan 1		7SS02.06					4	10	both	Social Studies	Arts	Dance	Folk Dance			image				https://looma.website/image?fn=3dancers.JPG&fp=..%2Fcontent%2Fpictures%2FNepal%20Scenes%2F
Cultural Dresses		7SS02.06	 				4	10	both	Social Studies	Community	Everyday Life	Clothing			image				https://looma.website/image?fn=Cultural_Dresses.jpeg&fp=..%2Fcontent%2Fpictures%2F
bhat		7SS02.06					1	10	both	Social Studies	Community	Everyday Life	Food			image				https://looma.website/image?fn=bhat.jpg&fp=..%2Fcontent%2Fdictionary%20images%2F
Yamari		7SS02.06					3	10	both	Social Studies	Community	Everyday Life	Customs			image				https://looma.website/image?fn=Yamari.jpg&fp=..%2Fcontent%2Fpictures%2FNepalese%20Holidays%2F
A Good Meal		7SS02.06	7SS02.07				3	10	both	Science	Medicine	Healthy Living	Nutrition			image				https://looma.website/image?fn=A_Good_Meal.jpg&fp=..%2Fcontent%2Fpictures%2F
rule		7SS04.03					3	10	both	Social Studies	Community	Education	Environment			image				https://looma.website/image?fn=rule.jpg&fp=..%2Fcontent%2Fdictionary%20images%2F
Students celebrate inauguration		7SS04.03					4	10	both	Social Studies	Community	Everyday Life	Celebrations			image				https://looma.website/image?fn=Students%20celebrate%20inauguration.jpg&fp=..%2Fcontent%2Fpictures%2FNepalese%20People%2F
Dullav students		7SS04.03					4	8	both	Social Studies	Community	Social Organization	Schools			image				https://looma.website/image?fn=Dullav%20students.jpg&fp=..%2Fcontent%2Fpictures%2FNepalese%20People%2F
Studying with Friends		7SS04.03					3	8	both	Social Studies	Community	Education				image				https://looma.website/image?fn=Studying_With_Friends.jpg&fp=..%2Fcontent%2Fpictures%2F
Law Firm		7SS04.03					6	10	both	Social Studies	Economy	Law				image				https://looma.website/image?fn=Law_Firm.jpg&fp=..%2Fcontent%2Fpictures%2FSocial%20Studies%2F
Friends together		7SS02.01					3	10	both	Social Studies	Community	People				image				https://looma.website/image?fn=Friends_together.jpg&fp=..%2Fcontent%2Fpictures%2F
Gender equality 2		7SS02.01	7SS04.02				4	10	both	Social Studies	Issues	Other Issues				image				https://looma.website/image?fn=Gender%20equality%202.jpg&fp=..%2Fcontent%2Fpictures%2F
Religious Tolerance		7SS02.01					4	10	both	Social Studies	Issues	Solutions				image				https://looma.website/image?fn=Religious_Tolerance.jpg&fp=..%2Fcontent%2Fpictures%2F
Team work		7SS02.01					4	10	both	Social Studies	Community	Everyday Life	Cooperation			image				https://looma.website/image?fn=Team_work.jpg&fp=..%2Fcontent%2Fpictures%2F
KELUDCLEAN		7SS04.04					4	10	both	Science	Earth	Human Impact	Waste & Recycling			image				https://looma.website/image?fn=KELUDCLEAN.jpg&fp=..%2Fcontent%2Fpictures%2F
Students and Mountains		7SS04.04					4	10	both	Social Studies	Community	Everyday Life	Other Everyday Life			image				https://looma.website/image?fn=Students%20and%20Mountains.jpg&fp=..%2Fcontent%2Fpictures%2FNepalese%20People%2F
Sakela Ritual of Kirat		7SS02.03					6	10	both	Social Studies	Beliefs	Religions	Other Religions			image				https://looma.website/image?fn=Sakela_Ritual_of_Kirat.jpg&fp=..%2Fcontent%2Fpictures%2FSocial%20Studies%2F
Buddhist Spinning Prayer Wheel		7SS02.03					4	10	both	Social Studies	Beliefs	Religions	Buddhism			image				https://looma.website/image?fn=Buddhist%20spinning%20prayer%20wheel%20in%20Nepal.jpg&fp=..%2Fcontent%2Fpictures%2FPictures%20of%20Nepal%2F
Hindu Ceremony		7SS02.03					5	10	both	Social Studies	Community	Everyday Life	Customs			image				https://looma.website/image?fn=hindu%20ceremony.jpg&fp=..%2Fcontent%2Fpictures%2FNepalese%20People%2F
Eid in Chechnya		7SS02.03					5	10	both	Social Studies	Beliefs	Religions	Islam			image				https://looma.website/image?fn=Eid_in_Chechnya.png&fp=..%2Fcontent%2Fpictures%2F
Cow Tihar Festival		7SS02.04					4	10	both	Social Studies	Community	Everyday Life	Celebrations			image				https://looma.website/image?fn=Cow%20Tihar%20Festival.jpg&fp=..%2Fcontent%2Fpictures%2FNepalese%20People%2F
Janai Purnima Festival		7SS02.04					4	9	both	Social Studies	Community	Everyday Life	Celebrations			image				https://looma.website/image?fn=Janai_Purnima_Festival.jpg&fp=..%2Fcontent%2Fpictures%2F
Christmas		7SS02.04					2	12	both	Social Studies	Beliefs	Religions	Christianity			image				https://looma.website/image?fn=Christmas.jpg&fp=..%2Fcontent%2Fpictures%2F
Eid in India		7SS02.04					4	10	both	Social Studies	Beliefs	Religions	Islam			image				https://looma.website/image?fn=Eid_in_India.png&fp=..%2Fcontent%2Fpictures%2F
Household Buddha Celebration		7SS02.04					5	10	both	Social Studies	Community	Everyday Life	Customs			image				https://looma.website/image?fn=Depankar%202004.JPG&fp=..%2Fcontent%2Fpictures%2FNepal%20Scenes%2F
Karnali River		7SS06.02	7SS07.03				5	10	both	Science	Earth	Oceans & Water	River			image				https://looma.website/image?fn=Karnali_River.jpg&fp=..%2Fcontent%2Fpictures%2F
Old Nepal 00172		7SS06.02					4	10	both	Social Studies	Economy	Agriculture				image				https://looma.website/image?fn=Old%20Nepal%2000174.jpg&fp=..%2Fcontent%2FNepalese%20Traditions%2F
Pollution in Kathmandu's Bagmati River		7SS08.03					4	10	both	Science	Earth	Human Impact	Pollution			image				https://looma.website/image?fn=BaghmatiTrash%201.JPG&fp=..%2Fcontent%2Fpictures%2FNepal%20Scenes%2F
Deforestation In Action		7SS08.03					4	9	both	Science	Earth	Human Impact				image				https://looma.website/image?fn=Deforestation_In_Action.jpg&fp=..%2Fcontent%2Fpictures%2F
Social Media		7SS09.03					5	9	both	Science	IT	Internet				image				https://looma.website/image?fn=Social_Media.jpg&fp=..%2Fcontent%2Fpictures%2FSocial%20Studies%2F
Smart Phone		7SS09.03					4	10	both	Science	Technology	Electrical	Electronics			image				https://looma.website/image?fn=Smart_Phone.jpg&fp=..%2Fcontent%2Fpictures%2FTechnology%2F
Computers		7SS09.03					4	10	both	Science	Technology	Electrical	Electronics			image				https://looma.website/image?fn=computer.jpg&fp=..%2Fcontent%2Fdictionary%20images%2F
Television		7SS09.03					3	9	both	Science	Technology	Electrical	Electronics			image				https://looma.website/image?fn=Television.jpg&fp=..%2Fcontent%2Fpictures%2FTechnology%2F
Online news resources		7SS09.03					4	9	both	Social Studies	Community	Education	Other Education			image				https://looma.website/image?fn=Online_news_resources.jpg&fp=..%2Fcontent%2Fpictures%2F
phone		7SS09.03					4	10	both	Science	Technology	Electrical	Electronics			image				https://looma.website/image?fn=phone.jpg&fp=..%2Fcontent%2Fdictionary%20images%2F
Cracked road 2015 Nepal earthquake		7SS07.09	7SS07.03				5	8	both	Social Studies	History	Nepal	Geography			image				https://looma.website/image?fn=Cracked%20road%20after%20Nepal%20earthquake%202015.jpg&fp=..%2Fcontent%2Fhistory%2FEarthquakes%20near%20Nepal%2F
thunderstorm		7SS07.09					5	9	both	Science	Earth	Natural Disasters	Other Natural Disasters			image				https://looma.website/image?fn=thunderstorm.jpg&fp=..%2Fcontent%2Fdictionary%20images%2F
नक्सामा प्रयोग हुने सङ्केतहरू		7SS07.10					4	7	np	Social Studies	Geography	Maps				video			X	https://looma.website/video?fn=%E0%A4%A8%E0%A4%95%E0%A5%8D%E0%A4%B8%E0%A4%BE%E0%A4%AE%E0%A4%BE_%E0%A4%AA%E0%A5%8D%E0%A4%B0%E0%A4%AF%E0%A5%8B%E0%A4%97_%E0%A4%B9%E0%A5%81%E0%A4%A8%E0%A5%87_%E0%A4%B8%E0%A4%99%E0%A5%8D%E0%A4%95%E0%A5%87%E0%A4%A4%E0%A4%B9%E0%A4%B0%E0%A5%82.mov&fp=..%2Fcontent%2Fvideos%2F&dn=undefined
Nepal flag		7SS02.07					1	12	both	Social Studies	Community	Government	National			image				https://looma.website/image?fn=National_Flag_Nepal.jpg&fp=..%2Fcontent%2Fpictures%2F
Diwali ping swing		7SS02.07					2	10	both	Social Studies	Community	Everyday Life	Celebrations			image				https://looma.website/image?fn=Diwali%20ping%20swing.jpg&fp=..%2Fcontent%2Fpictures%2FNepalese%20People%2F
Nepali National Anthem		7SS02.07					1	12	np	Language	Nepali	Form	Song			video			X	https://looma.website/video?fn=Nepali_National_Anthem.mp4&fp=..%2Fcontent%2Fvideos%2F&dn=Nepali%20National%20Anthem
Prithvi Narayan Shah		7SS02.07					4	10	both	Social Studies	History	Nepal	Famous Persons			image				https://looma.website/image?fn=Prithvi%20Narayan%20Shah.jpg&fp=..%2Fcontent%2Fpictures%2FNepalese%20Modern%20History%2F
Boudhanath and prayer flags		7SS02.07					4	9	both	Social Studies	Community	Everyday Life	Religious Sites			image				https://looma.website/image?fn=Boudhanath%20and%20prayer%20flags.jpg&fp=..%2Fcontent%2Fpictures%2FNepalese%20People%2F
Road Construction		7SS03.06					5	8	both	Social Studies	Community	Social Organization	Infrastructure			image				https://looma.website/image?fn=Road_Construction.jpg&fp=..%2Fcontent%2Fpictures%2F
School girls		7SS03.05					4	8	both	Social Studies	Community	Education	Girls			image				https://looma.website/image?fn=School%20girls.jpg&fp=..%2Fcontent%2Fpictures%2FNepalese%20People%2F
Teej		7SS02.05					4	9	both	Social Studies	Community	Everyday Life	Customs			image				https://looma.website/image?fn=Teej.jpg&fp=..%2Fcontent%2Fpictures%2FNepalese%20Holidays%2F
Panche Baaja		7SS02.05					4	10	both	Social Studies	Arts	Musical Instruments	Other Musical Instruments			image				https://looma.website/image?fn=Panche_Baaja.jpg&fp=..%2Fcontent%2Fpictures%2F
native dance music		7SS02.05					4	10	both	Social Studies	Arts	Dance	Folk Dance			video			X	https://looma.website/video?fn=native%20dance%20music.MOV&fp=..%2Fcontent%2Fpictures%2FNepalese%20People%2F&dn=native%20dance%20music
Nepali Folk Dance		7SS02.05					4	8	both	Language	Nepali	Form	Song			video			X	https://looma.website/video?fn=Nepali_Folk_Dance.mp4&fp=..%2Fcontent%2Fvideos%2F&dn=Nepali%20Folk%20DanceMakar Sankranti Mela	मकर संक्रान्ति मेला	7SS01.02					5	10	both	Social Studies	Community	Everyday Life	Celebrations	Makar_Sankranti_Mela.jpg		image		Wikimedia Commons		https://upload.wikimedia.org/wikipedia/commons/9/96/6_images_Makar_Sankranti_collage.jpg
Christian Wedding Ceremony	ख्रीष्टयान विवाह समारोह	7SS02.03					5	10	both	Social Studies	Community	Everyday Life	Customs	Christian_Wedding_Ceremony.jpg		image		Wikimedia Commons		https://upload.wikimedia.org/wikipedia/commons/4/44/Christian_Wedding_1_76.jpg
Religious Folk Song	धार्मिक लोकगीत	7SS02.05					5	10	both	Social Studies	Arts	Music	Other Music	Religious_Folk_Song.jpg		image		Wikimedia Commons		https://upload.wikimedia.org/wikipedia/commons/0/0a/KHAIJADI_BHAJAN_Nepali_Caltural_Song.png
Women singing Dohori	दोहोरी गाइरहेकी महिलाहरू	7SS02.05					5	10	both	Social Studies	Arts	Music	Performers	Women_singing_Dohori.jpg		image		Wikimedia Commons		https://upload.wikimedia.org/wikipedia/commons/5/54/Dohori_Women.jpg
Earrings	झुम्का	7SS02.05					5	10	both	Social Studies	Community	Everyday Life	Other Everyday Life	Earrings.jpg		image		Wikimedia Commons		https://upload.wikimedia.org/wikipedia/commons/b/ba/Main-qimg-ca38af55d8dbed355f3ee34da4790a43.jpg
Bangles	चुरा	7SS02.05					5	10	both	Social Studies	Community	Everyday Life	Other Everyday Life	Bangles.jpg		image		Wikimedia Commons		https://upload.wikimedia.org/wikipedia/commons/thumb/d/d8/Chura_2.jpg/500px-Chura_2.jpg?20210905163429
Necklace	हार	7SS02.05					5	10	both	Social Studies	Community	Everyday Life	Other Everyday Life	Necklace.jpg		image		Wikimedia Commons		https://upload.wikimedia.org/wikipedia/commons/b/b4/Mala_sikri.jpg
Sel Roti	सेल रोटी	7SS02.06					5	10	both	Social Studies	Community	Everyday Life	Food	Sel_Roti.jpg		image		Wikimedia Commons		https://upload.wikimedia.org/wikipedia/commons/e/e1/%E0%A4%B8%E0%A5%87%E0%A4%B2_%E0%A4%B0%E0%A5%8B%E0%A4%9F%E0%A4%BF_%281%29.JPG
Dhido	ढिडो	7SS02.06					5	10	both	Social Studies	Community	Everyday Life	Food	Dhido.jpg		image		Wikimedia Commons		https://pd.w.org/2023/10/523651d37b996a860.59106669-rotated.jpeg
People holding Nepali Flag	नेपाली झण्डा बोकेका मानिसहरू	7SS02.07					5	10	both	Social Studies	Community	Everyday Life	Other Everyday Life	People_holding_Nepali_Flag.jpg		image		Wikimedia Commons		https://upload.wikimedia.org/wikipedia/commons/thumb/c/c8/Temba_Tsheri_Sherpa_%28R%29_and_Chhiring_Dorje_Sherpa_holding_the_flag_of_-Nepal_on_the_top_of_Mt.Denali_%28McKinley%29%2C_6168m_above_sea_level._On_26_June_2015.jpg/948px-Temba_Tsheri_Sherpa_%28R%29_and_Chhiring_Dorje_Sherpa_holding_the_flag_of_-Nepal_on_the_top_of_Mt.Denali_%28McKinley%29%2C_6168m_above_sea_level._On_26_June_2015.jpg?20151112020401
Celebrating Topi Diwas	टोपी दिवस मनाउँदै	7SS02.07	7SS03.01				5	10	both	Celebrating_Topi_Diwas.jpg	Community	Everyday Life	Celebrations	Celebrating_Topi_Diwas.jpg		image		Wikimedia Commons		https://upload.wikimedia.org/wikipedia/commons/thumb/4/4c/Jagaruk_Yuwa_Abhiyan_Nepal_Celebrating_Topi_Diwas.jpg/960px-Jagaruk_Yuwa_Abhiyan_Nepal_Celebrating_Topi_Diwas.jpg?20250109071702
	नेपाली वर्णमाला	7SS02.07					4	12	np	Language	Nepali	Other Nepali			नेपाली_वर्णमाला.jpg	image		Wikimedia Commons		https://drive.google.com/file/d/1Tcv2STZCWb8qNjCGU_R9u7zGHtPD4V2a/view?usp=drive_link
Picture of Falgunanda	फाल्गुनन्दको फोटो	7SS02.08					5	10	both	Social Studies	History	People		Picture_of_Falgunanda.jpg		image		Wikimedia Commons		https://upload.wikimedia.org/wikipedia/commons/3/3a/Muhigum_Angsimang_Mahaguru_Falgunanda_Lingden_-_By_Ambhu_Zetha.jpg
Shankhadhar Sakhwa	शंखधर साख्वा	7SS02.08					5	10	both	Social Studies	History	People		Shankhadhar_Sakhwa.jpg		image		Wikimedia Commons		https://upload.wikimedia.org/wikipedia/commons/6/68/Sankhadhar_statue.jpg
Draw and Color	चित्र बनाएर रङ्ग भर्नु	7SS02.09	5N13				5	10	both	Social Studies	Arts	Visual Arts	Color	Draw_and_Color.jpg		image		Wikimedia Commons		https://upload.wikimedia.org/wikipedia/commons/9/9d/Children_drawing_for_My_School_Toilet_contest_%285227403348%29.jpg
Population	जनसंख्या	7SS03.01					7	7	both	Social Studies	Economy	Other Economy	Population	Population.jpg		image		AI		https://drive.google.com/file/d/1hZWClFBczZnb68TnKrkkXEZ5Q5LwYm25/view?usp=drive_link
Representation of the People	जनताको प्रतिनिधित्व	7SS03.02					5	10	both	Social Studies	Community	Social Organization	Leaders	Representation_of_the_People.jpg		image		Wikimedia Commons		https://upload.wikimedia.org/wikipedia/commons/1/19/Arjun-Narsingha-KC-at-Parliament.jpg?20181207181359
National Human Rights Commission	राष्ट्रिय मानव अधिकार आयोग	7SS03.04					6	9	both	Social Studies	Issues	Human Rights	Other Human Rights	National_Human_Rights_Commission.jpg		image		Google Drive		https://drive.google.com/open?id=1hQMWyEdLHbmp2gbH2bqTGNssw7ZKuOKm&usp=drive_copy
Political Participation and Leadership	राजनीतिक सहभागीता र नेतृत्व	7SS03.05					5	10	both	Social Studies	Community	Social Organization	Leaders	Political_Participation_and_Leadership.jpg		image		Wikimedia Commons		https://upload.wikimedia.org/wikipedia/commons/2/25/Lucky_Sherpa_Nepalese_Ambassador_.jpg
Employment Opportunities	रोजगार अवसरहरू	7SS03.05					6	9	both	Social Studies	Community	Social Organization	Work	Employment_Opportunities.jpg		image		PIXNIO		https://pixnio.com/free-images/people/female-women/the-nepalese-women-carpenters-960x640.jpg
Police, Peace and Security Management	प्रहरी, शान्ति र सुरक्षा व्यवस्थापन	7SS03.06	7SS04.03				5	10	both	Social Studies	Community	Peace	Other Peace	Police_Peace_and_Security_Management.jpg		image		Wikimedia Commons		https://upload.wikimedia.org/wikipedia/commons/thumb/2/26/Jana_andolan.jpg/960px-Jana_andolan.jpg?20110328062750
Education Management	शिक्षा व्यवस्थापन	7SS03.06					5	10	both	Social Studies	Community	Education	Other Education	Education_Management.jpg		image		Wikimedia Commons		https://upload.wikimedia.org/wikipedia/commons/thumb/1/17/Playgroup_in_Shree_Sahara_Bal_Primary_School%2C_Pokhara%2C_Nepal._%2810713704153%29.jpg/960px-Playgroup_in_Shree_Sahara_Bal_Primary_School%2C_Pokhara%2C_Nepal._%2810713704153%29.jpg?20140414061535
Health Management	स्वास्थ्य व्यवस्थापन	7SS03.06					5	10	both	Social Studies	Community	Social Organization	Health Care	Health_Management.jpg		image		Wikimedia Commons		https://upload.wikimedia.org/wikipedia/commons/thumb/7/76/District_Public_Health_Office%2C_Immunisation_Clinic%2C_Pokhara%2C_Nepal._%2810693299213%29.jpg/960px-District_Public_Health_Office%2C_Immunisation_Clinic%2C_Pokhara%2C_Nepal._%2810693299213%29.jpg?20210824205402
Nepal Army	नेपाल सेना	7SS03.07					5	10	both	Social Studies	Issues	Solutions		Nepal_Army.jpg		image		Wikimedia Commons		https://upload.wikimedia.org/wikipedia/commons/7/7c/Nepal_Army_%2830981244392%29.jpg
Armed Police Force of Nepal	नेपालको सशस्त्र प्रहरी बल	7SS03.07					5	10	both	Social Studies	Issues	Solutions		Armed_Police_Force_of_Nepal.jpg		image		Wikimedia Commons		https://upload.wikimedia.org/wikipedia/commons/7/7e/Armed_Police_Force_Nepal.jpg	भानुभक्त आचार्य	7SS02.08	5N05				5	9	np	Social Studies	Arts	People			भानुभक्त_आचार्य.mp3	audio		Looma		https://drive.google.com/file/d/1N7J1n0ZwvskTPP_VwGy252DYXyDSGzV0/view?usp=drive_link
	उपभोक्ता अधिकारभित्र पर्ने कुराहरू	7SS06.04					7	9	np	Social Studies	Issues	Civil Rights	Other Civil Rights		उपभोक्ता_अधिकारभित्र_पर्ने_कुराहरू.jpg	image		Selfmade		https://www.canva.com/design/DAG_oYEk1UM/uJo-2sokUeQkm31XeDkbwg/edit?utm_content=DAG_oYEk1UM&utm_campaign=designshare&utm_medium=link2&utm_source=sharebutton
	उपभोक्ता संरक्षण ऐन २०७५का व्यवस्था	7SS06.04					7	9	np	Social Studies	Issues	Civil Rights	Other Civil Rights		उपभोक्ता_संरक्षण_ऐन_२०७५का_व्यवस्था.jpg	image		Selfmade		https://www.canva.com/design/DAHA7g3wDrk/_6Jpqspk6GfwFR-SKI0DUg/edit?utm_content=DAHA7g3wDrk&utm_campaign=designshare&utm_medium=link2&utm_source=sharebutton
	उमेर समूहका आधारमा जनसङ्ख्याको बनोट	7SS08.01					7	8	np	Social Studies	Economy	Other Economy	Population		उमेर_समूहका_आधारमा_जनसङ्ख्याको_बनोट.jpg	image		Selfmade		https://www.canva.com/design/DAG_mBzmVHE/lNi1xOEumTcBuBl3TmBSKQ/edit?utm_content=DAG_mBzmVHE&utm_campaign=designshare&utm_medium=link2&utm_source=sharebutton
	काठमाडौं उपत्यका विभाजनअघिको राजनीतिक अवस्था	7SS05.01					7	8	np	Social Studies	History	Nepal	Other Nepal		काठमाडौं_उपत्यका_विभाजनअघिको_राजनीतिक_अवस्था.jpg	image		Selfmade		https://www.canva.com/design/DAG9EVBZgnw/CoOdzDvf-ebTnNUGmtpCFA/edit?utm_content=DAG9EVBZgnw&utm_campaign=designshare&utm_medium=link2&utm_source=sharebutton
	काठमाडौंको मध्यकालीन राजनीतिक अवस्था	7SS05.01					7	8	np	Social Studies	History	Nepal	Other Nepal		काठमाडौंको_मध्यकालीन_राजनीतिक_अवस्था.jpg	image		Selfmade		https://www.canva.com/design/DAG9EcHyvmU/ixDx7r4-7CfjfuoyyP59zA/edit?utm_content=DAG9EcHyvmU&utm_campaign=designshare&utm_medium=link2&utm_source=sharebutton
	कृषि उद्योग र व्यापारबिचको अन्तरसम्बन्ध	7SS06.03					6	9	np	Social Studies	Economy	Agriculture			कृषि_उद्योग_र_व्यापारबिचको_अन्तरसम्बन्ध.jpg	image		Selfmade		https://www.canva.com/design/DAG_44724n0/TdN5aAHy-Haw_Umzj3NFWg/edit?utm_content=DAG_44724n0&utm_campaign=designshare&utm_medium=link2&utm_source=sharebutton
	जनसङ्ख्या व्यवस्थापनका उपायहरू	7SS08.05					7	9	np	Social Studies	Economy	Other Economy	Population		जनसङ्ख्या_व्यवस्थापनका_उपायहरू.jpg	image		Selfmade		https://www.canva.com/design/DAG-Bvpd9QA/1_0nwQTwGzklEz5_s66Y3Q/edit?utm_content=DAG-Bvpd9QA&utm_campaign=designshare&utm_medium=link2&utm_source=sharebutton
	तीव्र जनसंख्या वृद्धि हुँदा पर्ने असर	7SS08.05					7	9	np	Social Studies	Economy	Other Economy	Population		तीव्र_जनसंख्या_वृद्धि_हुँदा_पर्ने_असर.jpg	image		Selfmade		https://www.canva.com/design/DAG7pWbQZ4I/VhOptsslLp0DjlkktZE5XQ/edit?utm_content=DAG7pWbQZ4I&utm_campaign=designshare&utm_medium=link2&utm_source=sharebutton
	धर्मअनुसार जनसङ्ख्याको बनोट	7SS08.01					7	8	np	Social Studies	Economy	Other Economy	Population		धर्मअनुसार_जनसङ्ख्याको_बनोट.jpg	image		Selfmade		https://www.canva.com/design/DAG_mDvVu9k/vom_DGSpy8w2Nt8n3kUIag/edit?utm_content=DAG_mDvVu9k&utm_campaign=designshare&utm_medium=link2&utm_source=sharebutton
	नेपालका ऋतुहरू र विशेषता	7SS07.01					6	9	np	Science	Earth	Climate	Season		नेपालका_ऋतुहरू_र_विशेषता.jpg	image		Selfmade		https://www.canva.com/design/DAG8DWBjKts/D80ExKaXXhnHl_JqJbRcLg/edit?utm_content=DAG8DWBjKts&utm_campaign=designshare&utm_medium=link2&utm_source=sharebutton
	परिभ्रमण र परिक्रमण	7SS07.01					6	9	np	Science	Astronomy	Other Astronomy			परिभ्रमण_र_परिक्रमण.jpg	image		Selfmade		https://www.canva.com/design/DAG9KZPyV_8/pLaFO5VtEg8Gp1k8LnSvbQ/edit?utm_content=DAG9KZPyV_8&utm_campaign=designshare&utm_medium=link2&utm_source=sharebutton
	पृथ्वीमा ऋतु परिवर्तनका मुख्य दिन	7SS07.01					6	9	np	Science	Earth	Climate	Season		पृथ्वीमा_ऋतु_परिवर्तनका_मुख्य_दिन.jpg	image		Selfmade		https://www.canva.com/design/DAG9KR7kxEo/7e7cQQHLxTNjc-Xh1emePw/edit?utm_content=DAG9KR7kxEo&utm_campaign=designshare&utm_medium=link2&utm_source=sharebutton
	बुद्धका उपदेश	7SS05.04					6	9	np	Social Studies	Beliefs	Religion	Buddhism		बुद्धका_उपदेश.jpg	image		Selfmade		https://www.canva.com/design/DAG9FdipsOk/DwXP2GPghEEkiWyXHQGHzw/edit?utm_content=DAG9FdipsOk&utm_campaign=designshare&utm_medium=link2&utm_source=sharebutton%289273542290%29.jpg
	बुद्धका चार आर्य सत्य	7SS05.04					6	9	np	Social Studies	Beliefs	Religion	Buddhism		बुद्धका_चार_आर्य_सत्य.jpg	image		Selfmade		https://www.canva.com/design/DAG9EsIuaN0/N1SbFucOzStXfus1YT8Jaw/edit?utm_content=DAG9EsIuaN0&utm_campaign=designshare&utm_medium=link2&utm_source=sharebutton
	भू-क्षयका कारणहरू	7SS07.09					6	9	np	Science	Earth	Human Impact	Erosion		भू_क्षयका_कारणहरू.jpg	image		Selfmade		https://www.canva.com/design/DAG-wbeowpw/X_2ky4dB_pb7Z55FXf8SqA/edit?utm_content=DAG-wbeowpw&utm_campaign=designshare&utm_medium=link2&utm_source=sharebutton
	मध्यकालीन नेपालको परिचय	7SS05.01					7	8	np	Social Studies	History	Nepal	Other Nepal		मध्यकालीन_नेपालको_परिचय.jpg	image		Selfmade		https://www.canva.com/design/DAG9EN22l8o/ba4fTRYOsJoS2cz-icQO4A/edit?utm_content=DAG9EN22l8o&utm_campaign=designshare&utm_medium=link2&utm_source=sharebutton
Ocean	महासागर	7SS07.02					6	9	both	Science	Earth	Oceans & Water		Ocean.jpg		image		Selfmade		https://www.canva.com/design/DAG--E81KGQ/9H82I4uf5kOhVzbd3a8LOw/edit?utm_content=DAG--E81KGQ&utm_campaign=designshare&utm_medium=link2&utm_source=sharebutton
	महिला अधिकार	7SS03.05					7	9	np	Social Studies	Issues	Human Rights	Girls & Women		महिला_अधिकार.jpg	image		Selfmade		https://www.canva.com/design/DAG_sNATZHc/-Sn2SM2sICPg7Svetkr61Q/edit?utm_content=DAG_sNATZHc&utm_campaign=designshare&utm_medium=link2&utm_source=sharebutton
	महिलाहरूको जीवनस्तर सुधार गर्ने उपाय	7SS08.05					7	9	np	Social Studies	Issues	Human Rights	Girls & Women		महिलाहरूको_जीवनस्तर_सुधार_गर्ने_उपाय.jpg	image		Selfmade		https://www.canva.com/design/DAG-Bi64LEs/yTO27KXXbHFuYWgffuA5IQ/edit?utm_content=DAG-Bi64LEs&utm_campaign=designshare&utm_medium=link2&utm_source=sharebutton
	मौलिक हक	7SS03.04					7	9	np	Social Studies	Issues	Human Rights	Other Human Rights		मौलिक_हक.jpg	image		Selfmade		https://www.canva.com/design/DAG7jJmm60A/n9u2IOh5bp04E8pQGGzb3w/edit?utm_content=DAG7jJmm60A&utm_campaign=designshare&utm_medium=link2&utm_source=sharebutton
	राज्यको अर्थ	7SS03.01	     				7	9	np	Social Studies	Geography	Asia	Nepal		राज्यको_अर्थ.jpg	image		Selfmade		https://www.canva.com/design/DAG_r7JNEsw/AXF5AE5bVLXahXJKIjU4kg/edit?utm_content=DAG_r7JNEsw&utm_campaign=designshare&utm_medium=link2&utm_source=sharebutton
Roman Empire	रोमन साम्राज्य	7SS01.01					7	8	both	Social Studies	History	Ancient	Rome	Roman_Empire.jpg		image		Wikimedia Commons		https://looma.website/content/W4S2013/images/3092/309276.jpg
	लिङ्गअनुसार जनसङ्ख्याको बनोट	7SS08.01					7	8	np	Social Studies	Economy	Other Economy	Population		लिङ्गअनुसार_जनसङ्ख्याको_बनोट.jpg	image		Selfmade		https://www.canva.com/design/DAG_mLs7Tsg/cHAz_Ato4NvQEgCmCwXLxQ/edit?utm_content=DAG_mLs7Tsg&utm_campaign=designshare&utm_medium=link2&utm_source=sharebutton
	लैङ्गिक विभेद	7SS04.02					7	9	np	Social Studies	Issues	Other Issues			लैङ्गिक_विभेद.jpg	image		Selfmade		https://www.canva.com/design/DAG9KEYaq_s/wFn8mRJLy-R-gvqDG6IT-A/edit?utm_content=DAG9KEYaq_s&utm_campaign=designshare&utm_medium=link2&utm_source=sharebutton
	सरकारी आय र व्यय 	7SS06.05					7	9	np	Social Studies	Community	Government	Other Government		सरकारी_आय_र_व्यय.jpg 	image		Selfmade		https://www.canva.com/design/DAG8OpGeDYQ/DZNvccP6FktOYkEOtFRKBA/edit?utm_content=DAG8OpGeDYQ&utm_campaign=designshare&utm_medium=link2&utm_source=sharebutton
	संविधानका विशेषता	7SS03.03					7	9	np	Social Studies	Community	Social Organization	Laws		संविधानका_विशेषता.jpg	image		Selfmade		https://www.canva.com/design/DAG_0QM7s1E/jk41ROtsYRPTkpx8SB5Q5Q/edit?utm_content=DAG_0QM7s1E&utm_campaign=designshare&utm_medium=link2&utm_source=sharebutton
	सामाजिक भेदभाव	7SS04.01					7	9	np	Social Studies	Issues	Other Issues			सामाजिक_भेदभाव.jpg	image		Selfmade		https://www.canva.com/design/DAG6grTCRqU/9chgNuv70PW8xjppMuSfJg/edit?utm_content=DAG6grTCRqU&utm_campaign=designshare&utm_medium=link2&utm_source=sharebutton
	सामाजिक संस्कारहरू	7SS02.02					6	9	np	Social Studies	Community	Everyday Life	Customs		सामाजिक_संस्कारहरू.jpg	image		Selfmade		https://www.canva.com/design/DAG89EE6PJs/3xIrzdW2nRU5pmYlYkO7Wg/edit?utm_content=DAG89EE6PJs&utm_campaign=designshare&utm_medium=link2&utm_source=sharebutton
	सूचना प्रविधिका फाइदाहरू	7SS09.03					7	9	np	Science	IT	Internet			सूचना_प्रविधिका_फाइदाहरू.jpg	image		Selfmade		https://www.canva.com/design/DAG7ppiVhCg/_z013-ByTSAlfGo4rhrepw/edit?utm_content=DAG7ppiVhCg&utm_campaign=designshare&utm_medium=link2&utm_source=sharebutton
	हिउँ पहिरोका कारणहरू 	7SS07.09					6	9	np	Science	Earth	Human Impact	Other Human Impact		हिउँ_पहिरोका_कारणहरू.jpg 	image		Selfmade		https://www.canva.com/design/DAG-wWGZ29I/AzEKfDlYOASC4IyGl9aywQ/edit?utm_content=DAG-wWGZ29I&utm_campaign=designshare&utm_medium=link2&utm_source=sharebutton
	जलवायु परिवर्तनको कथा	7SS07.08	8SS07.03				7	10	np	Science	Earth	Human Impact	Other Human Impact		जलवायु_परिवर्तनको_कथा.mp4	video		IIED	x	https://www.youtube.com/watch?app=desktop&v=zpdExnNQcWg&feature=youtu.be
	नेपालका स्थानीय सरकारहरू	7SS06.05					7	10	np	Social Studies	Community	Government	Local		नेपालका_स्थानीय_सरकारहरू.mp4	video		International IDEA	x	https://youtu.be/0mAyoUV5_ok?si=noQ0LHJWN0FnxoQE
18th SAARC Summit Photo	१८औं सार्क शिखर सम्मेलनको फोटो	7SS09.02					6	9	both	Social Studies	Geography	Asia	Nepal	18th_SAARC_Summit_Photo.jpg		image		Flickr		https://www.flickr.com/photos/meaindia/15705177927
Beijing Baitasi	बेइजिङ बाईतासी	7SS05.05					5	10	both	Social Studies	Community	Everyday Life	Religious Sites	Beijing_Baitasi.jpg		image		Wikimedia Commons		https://upload.wikimedia.org/wikipedia/commons/f/f8/Beijing_Baitasi_%282017%29_C.jpg
Bodhisattva	बोधिसत्व	7SS05.05					5	10	both	Social Studies	Beliefs	Religion	Buddhism	Bodhisattva.jpg		image		Wikimedia Commons		https://upload.wikimedia.org/wikipedia/commons/9/98/Wood_Bodhisattva.jpg
Health Support	स्वास्थ्य समर्थन	7SS04.04					5	10	both	Social Studies	Community	Social Organization	Health Care	Health_Support.jpg		image		Wikimedia Commons		https://commons.wikimedia.org/wiki/File:Bishnu_Maya_Thapa_is_the_Health_Worker_as_Bishnu_Maya_Sunar_arrives_at_the_temporary_Batulechaur_Health_Post_for_a_blood_pressure_checkup_%2810677193566%29.jpg
Human Trafficking 	मानव तस्करी	7SS04.02					5	10	both	Social Studies	Issues	Other Issues		Human_Trafficking.jpg		image		Wikimedia Commons		https://upload.wikimedia.org/wikipedia/commons/a/ab/Human_Trafficking.jpg
Hydropower	जलविद्युत	7SS06.02					5	10	both	Social Studies	Community	Social Organization	Infrastructure	Hydropower.jpg		image		Wikimedia Commons		https://upload.wikimedia.org/wikipedia/commons/6/66/Kaligandaki_and_aadhi_khola_river.jpg
Malla Era Coin	मल्ल युगको सिक्का	7SS05.03					5	10	both	Social Studies	History	Nepal	Symbols	Malla_Era_Coin.jpg		image		Wikimedia Commons		https://upload.wikimedia.org/wikipedia/commons/8/83/Mohar_Nepal_842_MiNIS2300b_1ar3085_%288523538777%29.jpg
Migration	बसाइँसराइ	7SS08.03					5	9	both	Social Studies	Community	Everyday Life	Other Everyday Life	Migration.jpg		image		Arab Media & Society		https://www.arabmediasociety.com/wp-content/uploads/2023/08/Sub-saharan-migrant-women.jpeg
Olympics 2020 in Tokyo	टोकियो ओलम्पिक्स २०२०	7SS09.05					7	9	both	Social Studies	Community	Everyday Life	Games	Olympics_2020_in_Tokyo.jpg		image		Wikimedia Commons		https://upload.wikimedia.org/wikipedia/commons/b/b8/Tokyo_2020_Olympic_Games_women%27s_shot_put_podium.jpg
Olympics Closing Ceremony	ओलम्पिकको समापन समारोह	7SS09.05					7	9	both	Social Studies	Community	Everyday Life	Games	Olympics_Closing_Ceremony.jpg		image		Wikimedia Commons		https://upload.wikimedia.org/wikipedia/commons/0/02/2020_Summer_Olympics_closing_ceremony_%283%29.jpg
Pig Farming	सुँगुर पालन	7SS06.03					5	10	both	Social Studies	Economy	Agriculture	Farming	Pig_Farming.jpg		image		Wikimedia Commons		https://upload.wikimedia.org/wikipedia/commons/5/5f/Swine_Farm.jpg
Poultry Farming	कुखुरा पालन व्यवसाय	7SS06.03	7SS06.01				5	10	both	Social Studies	Economy	Agriculture	Poultry Production	Poultry_Farming.jpg		image		Wikimedia Commons		https://upload.wikimedia.org/wikipedia/commons/7/72/Poultry_Farm_in_Namakkal%2C_Tamil_Nadu.jpg
The Red Planet	रातो ग्रह	7SS09.05					5	9	both	Science	Astronomy	Solar System	Mars	The_Red_Planet.jpg		image		Wikimedia Commons		https://upload.wikimedia.org/wikipedia/commons/5/50/The_Red_Planet_%2850144550853%29.jpg
Tokyo Olympics Winners	टोकियो ओलम्पिकका विजेताहरू	7SS09.05					7	9	both	Social Studies	Community	Everyday Life	Games	Tokyo_Olympics_Winners.jpg		image		Wikimedia Commons		https://upload.wikimedia.org/wikipedia/commons/9/90/Men%27s_Greco-Roman_87_kg_medal_ceremony_at_Tokyo_2020.jpg
Women from Terai	तराईका महिलाहरू	7SS07.04					5	10	both	Social Studies	Community	Other Community		Women_from_Terai.jpg		image		Wikimedia Commons		https://upload.wikimedia.org/wikipedia/commons/b/bd/N%C3%A9pal_rana_tharu1818a_Crop.jpg