{"type":"FeatureCollection","attribution":"River data (c) OpenStreetMap contributors, ODbL","features":[{"type":"Feature","properties":{"name":"ghatte Khola","length_km":3,"rank":3},"geometry":{"type":"MultiLineString","coordinates":[[[85.3912,27.7591],[85.3975,27.7539],[85.3937,27.7489],[85.3955,27.7458],[85.3933,27.7426],[85.3898,27.7414],[85.3897,27.7398]]]}},{"type":"Feature","properties":{"name":"Keshaliya River","length_km":3,"rank":3},"geometry":{"type":"MultiLineString","coordinates":[[[87.4072,26.8069],[87.4111,26.8045],[87.41,26.802],[87.4113,26.789],[87.4104,26.7863],[87.4073,26.784]]]}},{"type":"Feature","properties":{"name":"Madhav Khola","length_km":3,"rank":3},"geometry":{"type":"MultiLineString","coordinates":[[[85.4351,27.7512],[85.4328,27.7453],[85.4309,27.7427],[85.4288,27.742],[85.4284,27.739],[85.4252,27.7391],[85.4276,27.7304],[85.4292,27.7305]]]}},{"type":"Feature","properties":{"name":"Larke Khola","length_km":3,"rank":3},"geometry":{"type":"MultiLineString","coordinates":[[[84.5995,28.6531],[84.607,28.6523],[84.6079,28.6534],[84.613,28.6531],[84.6223,28.6556],[84.6268,28.6535]]]}},{"type":"Feature","properties":{"name":"Garsa Khola","length_km":3,"rank":3},"geometry":{"type":"MultiLineString","coordinates":[[[81.5526,30.0373],[81.5559,30.0396],[81.5578,30.0446],[81.5712,30.0548],[81.5752,30.0593]]]}},{"type":"Feature","properties":{"name":"Kanchan River","length_km":3,"rank":3},"geometry":{"type":"MultiLineString","coordinates":[[[83.303,27.605],[83.3076,27.605],[83.3079,27.6066],[83.3106,27.6057],[83.3116,27.6015],[83.3104,27.5961],[83.3154,27.5961],[83.3224,27.5925]]]}},{"type":"Feature","properties":{"name":"Bhingri Gad","length_km":3,"rank":3},"geometry":{"type":"MultiLineString","coordinates":[[[80.1679,29.0787],[80.1619,29.0785],[80.1615,29.0769],[80.1591,29.0771],[80.1501,29.0717],[80.1375,29.074]]]}},{"type":"Feature","properties":{"name":"Sagar Khola","length_km":3,"rank":3},"geometry":{"type":"MultiLineString","coordinates":[[[82.9926,29.2144],[82.9875,29.2087],[82.9819,29.2057],[82.9757,29.2039],[82.9652,29.203]]]}},{"type":"Feature","properties":{"name":"Bakuwa River","length_km":3,"rank":3,"name_ne":"बकुवा खाेला"},"geometry":{"type":"MultiLineString","coordinates":[[[86.4868,27.008],[86.4847,27.0063],[86.4853,27.0052],[86.4819,27.0047],[86.4848,27.0021],[86.4822,26.9987],[86.4866,26.9949],[86.4862,26.9921],[86.4835,26.9897]]]}},{"type":"Feature","properties":{"name":"Menchet Khola","length_km":3,"rank":3},"geometry":{"type":"MultiLineString","coordinates":[[[85.0893,28.1887],[85.0751,28.1928],[85.0713,28.1911]],[[85.1019,28.1906],[85.0951,28.1885],[85.0893,28.1887]]]}},{"type":"Feature","properties":{"name":"Baghai Khola","length_km":3,"rank":3},"geometry":{"type":"MultiLineString","coordinates":[[[84.4448,27.4121],[84.4433,27.4152],[84.4446,27.4173],[84.4418,27.4205],[84.4418,27.4257],[84.4395,27.4278],[84.4399,27.4307],[84.4364,27.4339],[84.4355,27.4366]]]}},{"type":"Feature","properties":{"name":"Ikhre Khola","length_km":3,"rank":3},"geometry":{"type":"MultiLineString","coordinates":[[[81.2023,29.8987],[81.1995,29.8996],[81.1973,29.9025],[81.192,29.9056],[81.1736,29.9078]]]}},{"type":"Feature","properties":{"name":"Phulbari Khola","length_km":3,"rank":3},"geometry":{"type":"MultiLineString","coordinates":[[[85.7309,27.2427],[85.7311,27.2451],[85.7267,27.2467],[85.7222,27.245],[85.717,27.2445],[85.7148,27.2455],[85.7126,27.2509],[85.7151,27.2574]]]}},{"type":"Feature","properties":{"name":"Ranighat Khola","length_km":3,"rank":3,"name_ne":"रानिघाट खोला"},"geometry":{"type":"MultiLineString","coordinates":[[[82.3239,28.1277],[82.3233,28.1267],[82.325,28.1247],[82.3208,28.1233],[82.317,28.1141],[82.3148,28.1124],[82.3102,28.1115],[82.3094,28.1095]]]}},{"type":"Feature","properties":{"name":"36 khola","length_km":3,"rank":3},"geometry":{"type":"MultiLineString","coordinates":[[[83.4753,27.6583],[83.4754,27.6582]],[[83.4754,27.6582],[83.4776,27.6542]],[[83.4776,27.6542],[83.4777,27.6541]],[[83.4777,27.6541],[83.4804,27.6492]],[[83.4804,27.6492],[83.4804,27.6491]],[[83.4804,27.6491],[83.4814,27.6464]],[[83.4814,27.6464],[83.4814,27.6463]],[[83.4873,27.6395],[83.4874,27.6394]],[[83.4814,27.6463],[83.4819,27.6424],[83.4873,27.6395]],[[83.4874,27.6394],[83.4882,27.638]],[[83.4882,27.638],[83.4883,27.6379]],[[83.4883,27.6379],[83.49,27.6363]],[[83.49,27.6363],[83.4901,27.6362]]]}},{"type":"Feature","properties":{"name":"khadi khola","length_km":3,"rank":3},"geometry":{"type":"MultiLineString","coordinates":[[[83.801,28.0358],[83.7955,28.0328],[83.7909,28.033]],[[83.7879,28.0319],[83.7846,28.0314],[83.7835,28.028],[83.7808,28.0256],[83.776,28.0243]]]}},{"type":"Feature","properties":{"name":"Seti Khola","length_km":4,"rank":3},"geometry":{"type":"MultiLineString","coordinates":[[[83.8546,28.1432],[83.8542,28.1415],[83.8507,28.1395],[83.8456,28.1406],[83.8405,28.1398],[83.8408,28.1378],[83.8505,28.1308]],[[83.8598,28.141],[83.8576,28.1427],[83.8572,28.1457],[83.8554,28.1458],[83.8546,28.1432]]]}},{"type":"Feature","properties":{"name":"Thado Koshi Khola","length_km":4,"rank":3},"geometry":{"type":"MultiLineString","coordinates":[[[86.7453,27.7193],[86.745,27.7207],[86.7413,27.7216],[86.7287,27.7195],[86.723,27.7209],[86.7123,27.7166]]]}},{"type":"Feature","properties":{"name":"Darma Yankti","length_km":4,"rank":3},"geometry":{"type":"MultiLineString","coordinates":[[[80.5756,29.9788],[80.5885,29.9787],[80.5966,29.9743],[80.6013,29.9579]]]}},{"type":"Feature","properties":{"name":"Lubdi Khola","length_km":4,"rank":3},"geometry":{"type":"MultiLineString","coordinates":[[[83.7521,28.0452],[83.7603,28.0444],[83.762,28.0407],[83.7639,28.0414],[83.7632,28.0394],[83.766,28.0375],[83.7743,28.0372],[83.7776,28.0308]]]}},{"type":"Feature","properties":{"name":"Manamati","length_km":4,"rank":3},"geometry":{"type":"MultiLineString","coordinates":[[[85.278,27.7026],[85.2808,27.6994],[85.2846,27.6995],[85.2899,27.6967],[85.2971,27.6966],[85.3003,27.6952]],[[85.2762,27.7038],[85.2763,27.7037]],[[85.2763,27.7037],[85.2773,27.7034]],[[85.2773,27.7034],[85.2776,27.7031]],[[85.2776,27.7031],[85.2777,27.703]],[[85.2703,27.7086],[85.2695,27.7066],[85.273,27.7048],[85.2743,27.7056],[85.2762,27.7038]],[[85.2777,27.703],[85.278,27.7026]]]}},{"type":"Feature","properties":{"name":"Kumle Khola","length_km":4,"rank":3},"geometry":{"type":"MultiLineString","coordinates":[[[84.1024,28.0212],[84.0999,28.0217],[84.0982,28.0197],[84.0974,28.0172],[84.0984,28.0133],[84.096,28.0128],[84.0931,28.0099]],[[84.0994,28.0315],[84.0975,28.0281],[84.1006,28.0249],[84.0997,28.0213]],[[84.0931,28.0099],[84.0905,28.0105]]]}},{"type":"Feature","properties":{"name":"Kayar Khola","length_km":4,"rank":3},"geometry":{"type":"MultiLineString","coordinates":[[[84.5601,27.6809],[84.5586,27.6807],[84.5562,27.6765],[84.5556,27.6723],[84.548,27.6568]],[[84.548,27.6568],[84.548,27.6567]],[[84.5659,27.6849],[84.564,27.682],[84.5601,27.6809]]]}},{"type":"Feature","properties":{"name":"Kayar Khola","length_km":4,"rank":3},"geometry":{"type":"MultiLineString","coordinates":[[[84.5273,27.6168],[84.5256,27.6182],[84.5225,27.6166],[84.5257,27.6144],[84.5269,27.6112],[84.5259,27.6102],[84.5241,27.6101],[84.5243,27.6129],[84.5227,27.6135],[84.5181,27.6118]],[[84.5181,27.6118],[84.517,27.609],[84.5136,27.6058],[84.5118,27.6055],[84.5116,27.6021]]]}},{"type":"Feature","properties":{"name":"Ghwang Khola","length_km":4,"rank":3},"geometry":{"type":"MultiLineString","coordinates":[[[86.3847,27.7025],[86.3816,27.7013],[86.3781,27.6938],[86.3752,27.6922],[86.3624,27.6917],[86.3548,27.6939],[86.3508,27.6937]]]}},{"type":"Feature","properties":{"name":"Puntura Gad","length_km":4,"rank":3},"geometry":{"type":"MultiLineString","coordinates":[[[80.3381,29.1091],[80.3369,29.1099],[80.3349,29.1177],[80.3325,29.1214],[80.3342,29.1332],[80.3322,29.139]]]}},{"type":"Feature","properties":{"name":"Parung Khola","length_km":4,"rank":3},"geometry":{"type":"MultiLineString","coordinates":[[[84.0343,29.1664],[84.0318,29.1659],[84.0304,29.1633],[84.0239,29.1617],[84.0179,29.1638],[84.0163,29.1658],[84.0105,29.1658],[84.0034,29.1606],[84.002,29.1571],[83.9996,29.1561]]]}},{"type":"Feature","properties":{"name":"Ratu Nadi","length_km":4,"rank":3},"geometry":{"type":"MultiLineString","coordinates":[[[85.8552,26.8751],[85.8467,26.8748],[85.8458,26.8735],[85.8476,26.8697],[85.8429,26.8663],[85.8444,26.8638],[85.8464,26.8632],[85.8459,26.8606],[85.8395,26.8588]],[[85.856,26.877],[85.8552,26.8751]]]}},{"type":"Feature","properties":{"name":"Rikhuwa Khola","length_km":4,"rank":3},"geometry":{"type":"MultiLineString","coordinates":[[[87.7732,26.7859],[87.7779,26.7866],[87.7804,26.7889],[87.7847,26.7899],[87.789,26.7935],[87.8021,26.7993],[87.8093,26.7979]]]}},{"type":"Feature","properties":{"name":"Khimti Kh","length_km":4,"rank":3},"geometry":{"type":"MultiLineString","coordinates":[[[86.4059,27.7651],[86.3964,27.7584],[86.3944,27.7593],[86.3877,27.755],[86.3871,27.7523],[86.3815,27.7485],[86.3763,27.7413]]]}},{"type":"Feature","properties":{"name":"Ghilunpa Khola","length_km":4,"rank":3},"geometry":{"type":"MultiLineString","coordinates":[[[83.7673,28.897],[83.7688,28.8937],[83.771,28.8947],[83.776,28.89],[83.7774,28.8902],[83.7916,28.8773]]]}},{"type":"Feature","properties":{"name":"Dhara Khola","length_km":4,"rank":3},"geometry":{"type":"MultiLineString","coordinates":[[[81.8888,28.8125],[81.8722,28.8129],[81.8654,28.811],[81.8632,28.8068],[81.8656,28.7966]]]}},{"type":"Feature","properties":{"name":"Mabja Zangbo","length_km":4,"rank":3,"name_ne":"कर्णाली"},"geometry":{"type":"MultiLineString","coordinates":[[[81.3037,30.164],[81.3064,30.1641],[81.3088,30.1618],[81.3092,30.1569],[81.3151,30.1538],[81.3168,30.1512],[81.3209,30.153],[81.3339,30.1528]]]}},{"type":"Feature","properties":{"name":"salinadi river","length_km":4,"rank":3},"geometry":{"type":"MultiLineString","coordinates":[[[85.4697,27.7297],[85.4695,27.733],[85.4711,27.7363],[85.4704,27.7376],[85.4755,27.7428],[85.4799,27.7445],[85.4823,27.7499],[85.487,27.7537],[85.4878,27.7577]]]}},{"type":"Feature","properties":{"name":"Karmanasha Khola","length_km":4,"rank":3,"name_ne":"कर्मनाशा खोला"},"geometry":{"type":"MultiLineString","coordinates":[[[85.336,27.6479],[85.337,27.6493],[85.3357,27.6501],[85.3363,27.6513],[85.3347,27.6541],[85.3367,27.6573],[85.3337,27.666],[85.3386,27.6673],[85.3392,27.6697],[85.3418,27.6713],[85.343,27.6709],[85.3435,27.6721]]]}},{"type":"Feature","properties":{"name":"Nakhu River","length_km":4,"rank":3},"geometry":{"type":"MultiLineString","coordinates":[[[85.313,27.6478],[85.3144,27.6478],[85.3125,27.6504],[85.312,27.6555],[85.3106,27.6575],[85.3074,27.6588],[85.3075,27.6625],[85.3039,27.6623],[85.3026,27.6651],[85.2995,27.6655],[85.2965,27.6632]]]}},{"type":"Feature","properties":{"name":"Dhoti Khola","length_km":4,"rank":3},"geometry":{"type":"MultiLineString","coordinates":[[[83.8108,28.2935],[83.8072,28.2946],[83.8027,28.2933],[83.8001,28.2945],[83.7947,28.2942],[83.7852,28.2979],[83.7805,28.2955],[83.7782,28.2973]]]}},{"type":"Feature","properties":{"name":"Akusi Nadi","length_km":4,"rank":3},"geometry":{"type":"MultiLineString","coordinates":[[[85.8249,26.8226],[85.8225,26.8212],[85.8248,26.8193],[85.8234,26.8172],[85.8242,26.813],[85.823,26.8103],[85.821,26.8085],[85.8129,26.8058],[85.8115,26.8041],[85.8118,26.7951]]]}},{"type":"Feature","properties":{"name":"Chhorak Dopko Khola","length_km":4,"rank":3},"geometry":{"type":"MultiLineString","coordinates":[[[83.9442,29.1896],[83.9509,29.1857],[83.9626,29.1853],[83.9796,29.1793]]]}},{"type":"Feature","properties":{"name":"Chaka Khola","length_km":4,"rank":3},"geometry":{"type":"MultiLineString","coordinates":[[[84.0606,29.1413],[84.0613,29.1464],[84.0566,29.1517],[84.05,29.1569],[84.0413,29.1595],[84.0394,29.1626],[84.0343,29.1664]]]}},{"type":"Feature","properties":{"name":"Adha Khola","length_km":5,"rank":3},"geometry":{"type":"MultiLineString","coordinates":[[[85.1138,28.1513],[85.1105,28.1584],[85.1006,28.1655],[85.0987,28.1686],[85.097,28.1755],[85.0982,28.1796],[85.0962,28.1823],[85.0961,28.1846],[85.0893,28.1887]]]}},{"type":"Feature","properties":{"name":"Idi Khola","length_km":5,"rank":3,"name_ne":"मार्दी खोला"},"geometry":{"type":"MultiLineString","coordinates":[[[83.8659,28.3188],[83.8674,28.3201],[83.873,28.32],[83.8825,28.3229],[83.8868,28.3207],[83.8922,28.3201],[83.8944,28.3159],[83.8991,28.3128],[83.904,28.312],[83.9057,28.3103]]]}},{"type":"Feature","properties":{"name":"Lobuche","length_km":5,"rank":3},"geometry":{"type":"MultiLineString","coordinates":[[[86.8019,27.9113],[86.8032,27.9097],[86.8091,27.9085],[86.8177,27.8955],[86.8188,27.8847],[86.8159,27.8794]]]}},{"type":"Feature","properties":{"name":"Arun Khola","length_km":5,"rank":3},"geometry":{"type":"MultiLineString","coordinates":[[[84.9213,27.8996],[84.9177,27.8997],[84.9157,27.902],[84.9129,27.9019],[84.9118,27.9027],[84.9121,27.9044],[84.9102,27.9042],[84.9095,27.9055],[84.9025,27.9059]],[[84.9025,27.9059],[84.8975,27.9098],[84.8929,27.9092],[84.891,27.911],[84.888,27.9097],[84.8861,27.9113],[84.8846,27.91]]]}},{"type":"Feature","properties":{"name":"Punyamati River","length_km":5,"rank":3},"geometry":{"type":"MultiLineString","coordinates":[[[85.5158,27.6372],[85.5158,27.635],[85.5139,27.6345],[85.5153,27.6334],[85.5149,27.6314],[85.5171,27.6303],[85.5164,27.6288],[85.5191,27.6281],[85.5222,27.6249],[85.5259,27.6245],[85.5285,27.619],[85.5306,27.6182],[85.5319,27.6144],[85.5309,27.6104],[85.5326,27.6092]]]}},{"type":"Feature","properties":{"name":"Punyamata River","length_km":5,"rank":3},"geometry":{"type":"MultiLineString","coordinates":[[[85.5326,27.6092],[85.5309,27.6064],[85.533,27.6024],[85.5246,27.5986],[85.5238,27.5958],[85.5187,27.5937],[85.5171,27.5923],[85.5168,27.5896],[85.5141,27.5882],[85.5137,27.5858],[85.5178,27.586]],[[85.5178,27.586],[85.5193,27.5852]]]}},{"type":"Feature","properties":{"name":"Ban Khola","length_km":5,"rank":3},"geometry":{"type":"MultiLineString","coordinates":[[[84.1458,27.6399],[84.1461,27.6388],[84.1429,27.6362],[84.1435,27.6338],[84.1407,27.6335],[84.1378,27.6313],[84.1392,27.6309],[84.14,27.6273],[84.1421,27.6286],[84.1447,27.6266],[84.1428,27.6211],[84.144,27.6194],[84.1423,27.6186],[84.1419,27.6155],[84.1376,27.6122]]]}},{"type":"Feature","properties":{"name":"Gochekhola","length_km":5,"rank":3,"name_ne":"गोचेखोला"},"geometry":{"type":"MultiLineString","coordinates":[[[81.8467,28.4129],[81.8438,28.4136],[81.8427,28.4169],[81.8407,28.417],[81.8372,28.4234],[81.8302,28.4286],[81.8299,28.4304],[81.8361,28.4333],[81.8335,28.4421]]]}},{"type":"Feature","properties":{"name":"Khairala Khola","length_km":5,"rank":3},"geometry":{"type":"MultiLineString","coordinates":[[[80.7861,28.9102],[80.7915,28.9081],[80.7939,28.9101],[80.8046,28.9107],[80.8066,28.9129],[80.8097,28.9135],[80.8162,28.919],[80.8172,28.9248],[80.8148,28.9286],[80.8185,28.9289],[80.8201,28.9308]]]}},{"type":"Feature","properties":{"name":"Mardi Kohla","length_km":5,"rank":3},"geometry":{"type":"MultiLineString","coordinates":[[[83.8818,28.3679],[83.8824,28.3655],[83.8807,28.3627],[83.8819,28.3591],[83.8808,28.3585],[83.8811,28.3546],[83.8796,28.3539],[83.8865,28.3434],[83.8861,28.3417],[83.8886,28.3365],[83.8885,28.334],[83.8925,28.3296]]]}},{"type":"Feature","properties":{"name":"Budhi Gad","length_km":5,"rank":3},"geometry":{"type":"MultiLineString","coordinates":[[[80.4456,29.6934],[80.444,29.6914],[80.445,29.6891],[80.4426,29.685],[80.4387,29.6824],[80.4397,29.6818],[80.4385,29.6804],[80.4349,29.6783],[80.432,29.6784],[80.429,29.6765],[80.4283,29.6753],[80.4292,29.6748],[80.4278,29.6742],[80.4272,29.6759],[80.4235,29.6748],[80.4246,29.6724],[80.4239,29.6716]]]}},{"type":"Feature","properties":{"name":"Gidi Khola","length_km":5,"rank":3},"geometry":{"type":"MultiLineString","coordinates":[[[82.1472,29.2325],[82.1398,29.2336],[82.1349,29.2329],[82.1293,29.2347],[82.123,29.239],[82.1219,29.2378],[82.1153,29.2366],[82.1131,29.238],[82.1066,29.239]],[[82.1065,29.2391],[82.1055,29.2389]]]}},{"type":"Feature","properties":{"name":"Phatan Gad","length_km":5,"rank":3},"geometry":{"type":"MultiLineString","coordinates":[[[80.7159,29.947],[80.7104,29.9506],[80.7035,29.9514],[80.6994,29.9539],[80.6795,29.9486],[80.6721,29.9574]]]}},{"type":"Feature","properties":{"name":"Hariaun Khola","length_km":5,"rank":3},"geometry":{"type":"MultiLineString","coordinates":[[[85.5421,27.1255],[85.5415,27.1231],[85.5432,27.1221],[85.5423,27.1205],[85.5447,27.1139],[85.5411,27.111],[85.5348,27.1103],[85.5317,27.107],[85.5223,27.1038],[85.5153,27.098]]]}},{"type":"Feature","properties":{"name":"Bhabil Khola","length_km":5,"rank":3},"geometry":{"type":"MultiLineString","coordinates":[[[85.1299,28.2197],[85.1268,28.2171],[85.1201,28.2165],[85.1173,28.2112],[85.115,28.211],[85.1136,28.2072],[85.1091,28.204],[85.1056,28.1924],[85.1019,28.1906]]]}},{"type":"Feature","properties":{"name":"Nallu Khola","length_km":5,"rank":3},"geometry":{"type":"MultiLineString","coordinates":[[[85.3113,27.5814],[85.3114,27.5886],[85.3138,27.5905],[85.3133,27.5922],[85.3145,27.5943],[85.3166,27.5957],[85.3162,27.5998],[85.3195,27.6032],[85.3176,27.607],[85.3131,27.6086]],[[85.3127,27.575],[85.3113,27.5814]],[[85.3128,27.5695],[85.3119,27.5717],[85.3127,27.575]]]}},{"type":"Feature","properties":{"name":"Phulmadi Khola","length_km":5,"rank":3},"geometry":{"type":"MultiLineString","coordinates":[[[84.1483,27.8176],[84.1482,27.8199],[84.1496,27.8209],[84.1569,27.8221],[84.159,27.823],[84.1606,27.8258],[84.1646,27.8268],[84.1646,27.8299],[84.1662,27.8308],[84.1648,27.8332],[84.1665,27.8346],[84.1654,27.8356],[84.1666,27.8388],[84.1653,27.8406],[84.1676,27.8426],[84.1659,27.8448],[84.1663,27.8461]]]}},{"type":"Feature","properties":{"name":"Phirdi Khola","length_km":5,"rank":3},"geometry":{"type":"MultiLineString","coordinates":[[[84.1846,27.8142],[84.1827,27.8199],[84.1848,27.8254],[84.1757,27.8311],[84.1758,27.8338],[84.1729,27.8376],[84.1746,27.8398],[84.1715,27.8421],[84.172,27.8433],[84.1708,27.8436],[84.1704,27.8458]]]}},{"type":"Feature","properties":{"name":"Sephu Khola","length_km":5,"rank":3},"geometry":{"type":"MultiLineString","coordinates":[[[83.0075,29.3437],[83.0051,29.3458],[83.0013,29.3462],[82.9957,29.3436],[82.984,29.3442],[82.9742,29.3465],[82.9646,29.3527]]]}},{"type":"Feature","properties":{"name":"Chauthe Khola","length_km":5,"rank":3},"geometry":{"type":"MultiLineString","coordinates":[[[85.178,27.7942],[85.1795,27.7922],[85.1788,27.7903],[85.1804,27.7888],[85.1793,27.7859],[85.181,27.7826],[85.1788,27.7764],[85.1693,27.7731],[85.1674,27.7698],[85.1645,27.7679],[85.1645,27.7658]]]}},{"type":"Feature","properties":{"name":"Bharani Nala","length_km":5,"rank":3},"geometry":{"type":"MultiLineString","coordinates":[[[82.8124,27.5305],[82.8106,27.5265],[82.8132,27.5202],[82.8167,27.5181],[82.816,27.5144],[82.8192,27.509],[82.8187,27.5015],[82.8171,27.4985],[82.8204,27.4958]]]}},{"type":"Feature","properties":{"name":"Khanjhani Khola","length_km":5,"rank":3},"geometry":{"type":"MultiLineString","coordinates":[[[85.7723,27.2155],[85.7749,27.2155],[85.775,27.2168],[85.7765,27.217],[85.7737,27.2173],[85.7752,27.2193],[85.7746,27.2213],[85.776,27.222],[85.7764,27.2281],[85.773,27.2328],[85.7735,27.2368],[85.7722,27.2385],[85.7743,27.2394],[85.775,27.2423],[85.7798,27.2446],[85.7805,27.2476]]]}},{"type":"Feature","properties":{"name":"Dori Khola","length_km":5,"rank":3},"geometry":{"type":"MultiLineString","coordinates":[[[81.7921,29.3629],[81.7945,29.3601],[81.7941,29.3568],[81.7863,29.3473],[81.7854,29.3393],[81.7887,29.3298],[81.7914,29.3263]]]}},{"type":"Feature","properties":{"name":"ghattegad","length_km":5,"rank":3},"geometry":{"type":"MultiLineString","coordinates":[[[81.9391,29.2996],[81.9458,29.2964],[81.9474,29.2931],[81.9497,29.2917],[81.9496,29.2898],[81.9538,29.2869],[81.9538,29.2844],[81.9563,29.2804]],[[81.9563,29.2804],[81.9591,29.2783]],[[81.9591,29.2783],[81.9596,29.2771]],[[81.9598,29.2751],[81.9617,29.2726]],[[81.9596,29.2771],[81.9598,29.2752]],[[81.9598,29.2752],[81.9598,29.2751]],[[81.935,29.2985],[81.939,29.2997]],[[81.939,29.2997],[81.9391,29.2996]]]}},{"type":"Feature","properties":{"name":"Gajargad Khola","length_km":5,"rank":3},"geometry":{"type":"MultiLineString","coordinates":[[[81.2824,29.012],[81.2785,29.0132],[81.2787,29.0153],[81.2766,29.0159],[81.2776,29.0203],[81.2802,29.0232],[81.2795,29.0253],[81.2767,29.0263],[81.2774,29.0295],[81.2749,29.0301],[81.2753,29.0322],[81.2735,29.0327],[81.2721,29.0315],[81.2661,29.0335],[81.2656,29.0397]]]}},{"type":"Feature","properties":{"name":"Godhaha Khola","length_km":6,"rank":3},"geometry":{"type":"MultiLineString","coordinates":[[[83.5817,27.6573],[83.5797,27.6574],[83.5761,27.6551],[83.5742,27.6518],[83.5702,27.653],[83.5714,27.6493],[83.5702,27.6483],[83.5681,27.6492],[83.5642,27.6468],[83.5623,27.6428],[83.5596,27.6447],[83.557,27.643],[83.5484,27.6418],[83.5444,27.6356]]]}},{"type":"Feature","properties":{"name":"Sangle River","length_km":6,"rank":3},"geometry":{"type":"MultiLineString","coordinates":[[[85.3163,27.7706],[85.318,27.7634],[85.316,27.7593],[85.3172,27.7556],[85.315,27.7483],[85.3153,27.7446]],[[85.3164,27.7707],[85.3163,27.7706]],[[85.3244,27.7879],[85.3258,27.7852],[85.3208,27.7806],[85.3205,27.7779],[85.3229,27.7737],[85.3196,27.7736],[85.3164,27.7707]]]}},{"type":"Feature","properties":{"name":"Ghagar Khola","length_km":6,"rank":3},"geometry":{"type":"MultiLineString","coordinates":[[[84.411,27.43],[84.4088,27.4338],[84.4068,27.434]],[[84.4121,27.4119],[84.4157,27.4147],[84.4126,27.4176],[84.4129,27.4206],[84.4102,27.4233],[84.4121,27.4257],[84.4116,27.4294],[84.4099,27.432],[84.4078,27.4325],[84.4031,27.4401],[84.3977,27.4445],[84.393,27.4459],[84.3926,27.4473]]]}},{"type":"Feature","properties":{"name":"Rancha Khola","length_km":6,"rank":3},"geometry":{"type":"MultiLineString","coordinates":[[[85.6962,27.3703],[85.6977,27.3681],[85.6952,27.3639],[85.7042,27.3578],[85.7053,27.35],[85.7038,27.3454],[85.7005,27.344],[85.6992,27.3409],[85.6893,27.3371],[85.6875,27.3377]]]}},{"type":"Feature","properties":{"name":"Rithe Gad","length_km":6,"rank":3},"geometry":{"type":"MultiLineString","coordinates":[[[80.4944,29.6806],[80.4952,29.6792],[80.5006,29.6775],[80.5045,29.6782],[80.5115,29.6742],[80.5157,29.675],[80.5196,29.6739],[80.5247,29.671],[80.528,29.6641],[80.527,29.6603],[80.5253,29.6596],[80.5255,29.6554]]]}},{"type":"Feature","properties":{"name":"Gadauli Khola","length_km":6,"rank":3},"geometry":{"type":"MultiLineString","coordinates":[[[85.9479,27.2253],[85.9424,27.2236],[85.9422,27.2208],[85.9356,27.2192],[85.9374,27.2161],[85.9311,27.2145],[85.9312,27.2124],[85.9334,27.2099],[85.9286,27.2072],[85.9294,27.2038],[85.9265,27.203],[85.9259,27.2004],[85.9234,27.1997],[85.9222,27.1968],[85.9177,27.1939]]]}},{"type":"Feature","properties":{"name":"Tungun River","length_km":6,"rank":3},"geometry":{"type":"MultiLineString","coordinates":[[[85.3491,27.5017],[85.3444,27.4963],[85.3413,27.4967],[85.3405,27.4995],[85.3361,27.4979],[85.3355,27.5007],[85.3239,27.4951],[85.3182,27.4968],[85.3162,27.4952],[85.3147,27.4962],[85.3144,27.4939],[85.3121,27.4943],[85.3131,27.4925],[85.3107,27.4933]]]}},{"type":"Feature","properties":{"name":"Sailun Khola","length_km":6,"rank":3},"geometry":{"type":"MultiLineString","coordinates":[[[85.9543,27.5892],[85.9419,27.5907],[85.9409,27.5938],[85.9353,27.5926],[85.9337,27.5952],[85.9302,27.5947],[85.9273,27.5993],[85.9255,27.5984],[85.9205,27.6],[85.9193,27.6032],[85.9161,27.6036],[85.915,27.6051]]]}},{"type":"Feature","properties":{"name":"Khahare Khola","length_km":6,"rank":3,"name_ne":"खहरे खोला"},"geometry":{"type":"MultiLineString","coordinates":[[[84.0015,28.1808],[84.0029,28.1794],[84.0023,28.178],[84.0041,28.1782],[84.0028,28.1756],[84.0035,28.1725],[84.0082,28.1687],[84.0061,28.1661]],[[83.9963,28.1849],[83.9979,28.1774],[83.9956,28.1751]],[[84.0004,28.1909],[83.9996,28.1885],[84.001,28.1861],[83.9994,28.1846],[84.0002,28.1811],[84.0014,28.1808]],[[84.0005,28.191],[84.0004,28.1909]],[[84.0011,28.1931],[84.0005,28.191]]]}},{"type":"Feature","properties":{"name":"Ganma Zangbo","length_km":6,"rank":3},"geometry":{"type":"MultiLineString","coordinates":[[[87.3686,27.859],[87.379,27.8579],[87.3974,27.861],[87.404,27.8633],[87.4186,27.8627],[87.4203,27.8602],[87.4253,27.8595]]]}},{"type":"Feature","properties":{"name":"Panda Khola","length_km":6,"rank":3},"geometry":{"type":"MultiLineString","coordinates":[[[83.815,28.7972],[83.805,28.7993],[83.7961,28.8039],[83.7886,28.8037],[83.786,28.8025],[83.7725,28.8035],[83.7626,28.8058]]]}},{"type":"Feature","properties":{"name":"Budhi Khola","length_km":6,"rank":3},"geometry":{"type":"MultiLineString","coordinates":[[[87.202,26.569],[87.1991,26.5683],[87.1966,26.5701],[87.1948,26.5675],[87.1921,26.5681],[87.1908,26.5623],[87.1856,26.5599],[87.1832,26.5569],[87.1836,26.5554],[87.1795,26.5524],[87.1795,26.55],[87.1759,26.5461],[87.176,26.5414],[87.1729,26.5398]]]}},{"type":"Feature","properties":{"name":"Nakhhu","length_km":6,"rank":3},"geometry":{"type":"MultiLineString","coordinates":[[[85.3131,27.6086],[85.3107,27.6108],[85.3124,27.6119],[85.3101,27.6155],[85.3116,27.6167],[85.3097,27.6179],[85.3107,27.6194],[85.3095,27.6234],[85.3122,27.6268],[85.3095,27.6289],[85.31,27.6311],[85.3075,27.6318],[85.3069,27.6331],[85.3083,27.6347],[85.308,27.636],[85.3097,27.6364],[85.3083,27.6386],[85.3127,27.6406],[85.3108,27.6445],[85.3111,27.6477],[85.313,27.6478]]]}},{"type":"Feature","properties":{"name":"LAMBU KHOLA","length_km":6,"rank":3},"geometry":{"type":"MultiLineString","coordinates":[[[87.4344,27.1585],[87.4354,27.1529],[87.434,27.1498],[87.4342,27.1456],[87.4369,27.1436],[87.4398,27.1352],[87.4438,27.1321],[87.4429,27.1299],[87.4458,27.1278],[87.4471,27.1241],[87.4442,27.118],[87.4453,27.1154]]]}},{"type":"Feature","properties":{"name":"Siriya Khola","length_km":6,"rank":3},"geometry":{"type":"MultiLineString","coordinates":[[[82.3921,27.7138],[82.3907,27.7105],[82.392,27.7077],[82.3887,27.7042],[82.3882,27.7003],[82.3869,27.7001],[82.385,27.6962],[82.3839,27.6893],[82.3849,27.6855],[82.3832,27.6828],[82.3847,27.6817],[82.3851,27.6757],[82.3876,27.6752],[82.3905,27.6719],[82.3934,27.6661]]]}},{"type":"Feature","properties":{"name":"Sadani Khola","length_km":6,"rank":3},"geometry":{"type":"MultiLineString","coordinates":[[[80.2836,29.0923],[80.2741,29.0944],[80.2724,29.0969],[80.2683,29.0986],[80.2653,29.098],[80.2584,29.1006],[80.2568,29.1028],[80.2573,29.1072],[80.2562,29.1087],[80.247,29.1136],[80.247,29.117],[80.2419,29.1212],[80.238,29.1205]]]}},{"type":"Feature","properties":{"name":"Trishuli River","length_km":7,"rank":3},"geometry":{"type":"MultiLineString","coordinates":[[[85.3413,28.1644],[85.3377,28.1625],[85.3374,28.1599],[85.3338,28.1586],[85.3264,28.152],[85.3132,28.1451],[85.3125,28.1413],[85.3098,28.1422],[85.3076,28.1407]],[[85.3076,28.1407],[85.2981,28.1275]]]}},{"type":"Feature","properties":{"name":"Phusre Khola","length_km":7,"rank":3,"name_ne":"फुस्रे खोला"},"geometry":{"type":"MultiLineString","coordinates":[[[83.9777,28.1745],[83.9801,28.1746],[83.9848,28.1722],[83.9921,28.1725],[83.9932,28.1698],[83.9978,28.1681],[84.0005,28.164],[84.0103,28.1618]],[[83.9586,28.1851],[83.9617,28.183],[83.9613,28.1802],[83.9688,28.1798],[83.972,28.1785],[83.9744,28.1745],[83.9771,28.1745]]]}},{"type":"Feature","properties":{"name":"Kali River","length_km":7,"rank":3,"name_ne":"काली खोला"},"geometry":{"type":"MultiLineString","coordinates":[[[83.9884,28.2807],[83.9845,28.2732],[83.9821,28.2712],[83.9817,28.2684],[83.9846,28.2679],[83.9852,28.2655]],[[83.9852,28.2655],[83.9851,28.2639],[83.9883,28.2634],[83.9902,28.2611],[83.9846,28.2589],[83.9837,28.2562],[83.9871,28.2543],[83.9946,28.2458]],[[83.9902,28.2613],[83.9892,28.2605]],[[83.9846,28.2589],[83.984,28.2577]],[[83.9946,28.2458],[83.9962,28.2416],[83.9945,28.241]],[[83.9939,28.2465],[83.9944,28.2459]],[[83.9878,28.2533],[83.9898,28.2508]]]}},{"type":"Feature","properties":{"name":"Balkhu River","length_km":7,"rank":3},"geometry":{"type":"MultiLineString","coordinates":[[[85.2625,27.6817],[85.2663,27.6789],[85.2704,27.6822],[85.2699,27.6837],[85.2741,27.686],[85.2742,27.6877],[85.2766,27.6881],[85.2772,27.689],[85.2758,27.6909],[85.2775,27.6919],[85.2785,27.6902],[85.2812,27.6909],[85.2836,27.6897],[85.2845,27.6913],[85.2887,27.6886],[85.2907,27.6897],[85.2929,27.6864],[85.2965,27.6879],[85.2964,27.6861],[85.2994,27.6829]]]}},{"type":"Feature","properties":{"name":"Kyangdi Khola","length_km":7,"rank":3},"geometry":{"type":"MultiLineString","coordinates":[[[84.0314,28.0198],[84.0371,28.0193],[84.0401,28.0158],[84.0434,28.0218],[84.0483,28.0233],[84.0509,28.0222],[84.059,28.023],[84.063,28.0179],[84.0678,28.0177],[84.0716,28.0124],[84.0817,28.0142],[84.0844,28.0112]]]}},{"type":"Feature","properties":{"name":"Panjyan Khola","length_km":7,"rank":3},"geometry":{"type":"MultiLineString","coordinates":[[[83.1311,29.4802],[83.1287,29.4802],[83.1247,29.484],[83.1202,29.4847],[83.1148,29.4879],[83.1085,29.4896],[83.1063,29.4887],[83.1034,29.4909],[83.0975,29.4924],[83.0891,29.4925]],[[83.0891,29.4925],[83.0854,29.4927],[83.0838,29.4912],[83.0804,29.4922],[83.0783,29.4911],[83.0699,29.4914]]]}},{"type":"Feature","properties":{"name":"Khahar River","length_km":7,"rank":3},"geometry":{"type":"MultiLineString","coordinates":[[[85.0209,27.3587],[85.0328,27.3712],[85.0322,27.3745],[85.0345,27.381],[85.0337,27.3846],[85.0347,27.3862],[85.0351,27.4005],[85.0331,27.4039],[85.0361,27.408],[85.0371,27.4135]]]}},{"type":"Feature","properties":{"name":"Biso Khola","length_km":7,"rank":3},"geometry":{"type":"MultiLineString","coordinates":[[[82.757,27.6762],[82.7579,27.6722],[82.7545,27.6734],[82.7527,27.6719],[82.756,27.6671],[82.7548,27.6658],[82.7549,27.6629],[82.753,27.6632],[82.7517,27.6617],[82.7551,27.657],[82.7535,27.6536],[82.7558,27.6524],[82.7588,27.6538],[82.7577,27.6523],[82.7585,27.6498],[82.7561,27.6471],[82.757,27.6454],[82.7579,27.6474],[82.7595,27.6472],[82.7581,27.6437],[82.7568,27.6431],[82.7592,27.6419],[82.7592,27.6397]]]}},{"type":"Feature","properties":{"name":"Gai Khola","length_km":7,"rank":3},"geometry":{"type":"MultiLineString","coordinates":[[[83.113,27.7399],[83.1074,27.7266],[83.1124,27.7195],[83.1071,27.7155],[83.1093,27.7131],[83.1124,27.7122],[83.1115,27.7072],[83.1087,27.7049],[83.1081,27.7028],[83.1109,27.6971],[83.1177,27.696]]]}},{"type":"Feature","properties":{"name":"Bahadura Khola","length_km":7,"rank":3},"geometry":{"type":"MultiLineString","coordinates":[[[86.3696,27.1341],[86.3681,27.1362],[86.3655,27.1365],[86.365,27.139],[86.3668,27.1399]],[[86.3668,27.1399],[86.3702,27.1466],[86.3734,27.1477],[86.3701,27.1514],[86.3733,27.1545],[86.3735,27.1581],[86.3755,27.1614],[86.3771,27.1612],[86.3794,27.1641],[86.3779,27.1651],[86.3811,27.1684],[86.3831,27.1734],[86.3849,27.1731],[86.3845,27.1759],[86.3898,27.1799]]]}},{"type":"Feature","properties":{"name":"Khulli Khola","length_km":7,"rank":3},"geometry":{"type":"MultiLineString","coordinates":[[[80.9987,28.9774],[81.0034,28.9761],[81.0093,28.9786],[81.0151,28.9789],[81.0207,28.9729],[81.033,28.9695],[81.0341,28.9661]],[[80.9779,28.9846],[80.9836,28.9837],[80.9848,28.9805],[80.9892,28.9821],[80.9969,28.9814],[80.9987,28.9774]]]}},{"type":"Feature","properties":{"name":"Jharahi Khola","length_km":7,"rank":3},"geometry":{"type":"MultiLineString","coordinates":[[[84.2395,27.7255],[84.2406,27.7192],[84.2431,27.7175],[84.2449,27.7122],[84.247,27.7103],[84.2461,27.7054],[84.2481,27.702],[84.2531,27.6806],[84.2586,27.6659]]]}},{"type":"Feature","properties":{"name":"Mardi Khola","length_km":7,"rank":3,"name_ne":"मार्दी खोला"},"geometry":{"type":"MultiLineString","coordinates":[[[83.8925,28.3296],[83.8929,28.3263],[83.8973,28.3203],[83.9029,28.3174]],[[83.9161,28.3048],[83.9187,28.303]],[[83.9029,28.3174],[83.9062,28.3151],[83.9057,28.3103],[83.9071,28.3085],[83.9177,28.3046],[83.9187,28.3036],[83.9187,28.2999],[83.9248,28.3015],[83.9271,28.2983],[83.9305,28.2971],[83.9324,28.2933]]]}},{"type":"Feature","properties":{"name":"Thali Gad","length_km":7,"rank":3},"geometry":{"type":"MultiLineString","coordinates":[[[80.5524,29.767],[80.5498,29.7702],[80.5446,29.7725],[80.5442,29.7744],[80.5416,29.7744],[80.5392,29.776],[80.5347,29.7809],[80.5266,29.7836],[80.5248,29.7826],[80.5171,29.7846],[80.5146,29.784],[80.5006,29.788],[80.4956,29.791],[80.4928,29.7953]]]}},{"type":"Feature","properties":{"name":"Nau Gad","length_km":7,"rank":3},"geometry":{"type":"MultiLineString","coordinates":[[[80.622,29.7322],[80.6101,29.7256],[80.605,29.7246],[80.6029,29.7206],[80.608,29.7159],[80.6046,29.7091],[80.6073,29.7065],[80.611,29.6974],[80.6082,29.6864]]]}},{"type":"Feature","properties":{"name":"Khani Khola","length_km":7,"rank":3},"geometry":{"type":"MultiLineString","coordinates":[[[84.9899,27.8624],[84.9915,27.8598],[84.9888,27.8588],[84.9916,27.8575],[84.9924,27.855],[84.999,27.8559],[85.0013,27.8537],[84.9997,27.8531],[85.0043,27.8527],[85.0048,27.8511],[85.0069,27.8505],[85.0053,27.8479],[85.008,27.8451],[85.0059,27.8418]],[[84.993,27.8774],[84.9949,27.8756],[84.9923,27.8725],[84.9941,27.8707],[84.9916,27.8688],[84.9916,27.8654],[84.9899,27.8624]]]}},{"type":"Feature","properties":{"name":"Mukunde Khola","length_km":7,"rank":3},"geometry":{"type":"MultiLineString","coordinates":[[[84.2313,27.6991],[84.2311,27.6976],[84.2285,27.6958],[84.2273,27.6975],[84.2231,27.6971],[84.2206,27.6933],[84.2208,27.6921],[84.2228,27.6921],[84.2217,27.6882],[84.2198,27.687],[84.2238,27.6835],[84.2249,27.6789],[84.2222,27.6776],[84.2243,27.6761],[84.2229,27.6738],[84.2234,27.6715],[84.2221,27.6703],[84.2202,27.6712],[84.2187,27.669],[84.2195,27.668],[84.2186,27.6642]]]}},{"type":"Feature","properties":{"name":"Sisa Khola","length_km":7,"rank":3},"geometry":{"type":"MultiLineString","coordinates":[[[86.5095,27.4508],[86.5124,27.4477],[86.5143,27.448],[86.5141,27.4465],[86.519,27.4405],[86.5265,27.4418],[86.5289,27.4451],[86.5346,27.446],[86.5354,27.4472],[86.5367,27.4457],[86.5432,27.4462],[86.5466,27.4483],[86.5472,27.445],[86.5488,27.4462],[86.5504,27.444],[86.552,27.445],[86.5515,27.4461],[86.5539,27.4459]]]}},{"type":"Feature","properties":{"name":"Bhoti Khola","length_km":7,"rank":3},"geometry":{"type":"MultiLineString","coordinates":[[[84.2644,27.7473],[84.2676,27.7446],[84.2684,27.7392],[84.2709,27.7381],[84.272,27.7354]],[[84.272,27.7354],[84.2744,27.7336],[84.2762,27.7344],[84.2841,27.731],[84.2876,27.733],[84.2898,27.7325],[84.2898,27.7305],[84.2964,27.7221],[84.297,27.7194],[84.2956,27.7169],[84.2967,27.7129]],[[84.297,27.712],[84.296,27.7088]],[[84.2967,27.7129],[84.297,27.712]]]}},{"type":"Feature","properties":{"name":"Kimaling Khola","length_km":7,"rank":3},"geometry":{"type":"MultiLineString","coordinates":[[[83.9171,29.227],[83.9234,29.2272],[83.9284,29.2258],[83.9365,29.2189],[83.9537,29.216],[83.9558,29.214],[83.9625,29.2117],[83.9665,29.2115],[83.9693,29.2129],[83.9721,29.2109],[83.9719,29.209]]]}},{"type":"Feature","properties":{"name":"Talkoti Gad(Talkoti Khola)","length_km":7,"rank":3},"geometry":{"type":"MultiLineString","coordinates":[[[81.3612,29.6073],[81.3595,29.6076],[81.352,29.6016],[81.3423,29.6023],[81.3344,29.6005],[81.3304,29.6031],[81.3196,29.6028]],[[81.3196,29.6028],[81.3157,29.6024],[81.3046,29.6047],[81.3004,29.6039],[81.2957,29.606],[81.2951,29.6078]]]}},{"type":"Feature","properties":{"name":"Ingala Kola","length_km":7,"rank":3},"geometry":{"type":"MultiLineString","coordinates":[[[88.0105,27.0398],[88.0026,27.036],[87.9945,27.027],[87.9929,27.0202],[87.9867,27.0115],[87.983,27.0112],[87.9771,27.0066],[87.975,27.0067],[87.9709,27.0029],[87.9735,27.0023],[87.9733,27.0011],[87.9685,27.0002],[87.9681,26.9989]]]}},{"type":"Feature","properties":{"name":"Kachani Nala","length_km":7,"rank":3},"geometry":{"type":"MultiLineString","coordinates":[[[82.9165,27.5247],[82.9163,27.5223],[82.9176,27.5219],[82.9158,27.5185],[82.92,27.5172],[82.9204,27.5156],[82.9248,27.5134],[82.9252,27.5107],[82.9277,27.5099],[82.9269,27.5072],[82.9352,27.5077],[82.9368,27.5066],[82.9396,27.5088],[82.9398,27.5109],[82.9418,27.5092],[82.9438,27.5108],[82.9448,27.5104],[82.9462,27.5047],[82.9484,27.5043],[82.9496,27.5053]]]}},{"type":"Feature","properties":{"name":"Patre Khola","length_km":7,"rank":3,"name_ne":"पत्रे खोला"},"geometry":{"type":"MultiLineString","coordinates":[[[82.4068,28.0921],[82.405,28.0896],[82.4031,28.0892],[82.4033,28.0874],[82.4018,28.0861],[82.4005,28.087],[82.3974,28.0853],[82.3978,28.0836],[82.395,28.0849],[82.3936,28.0823],[82.392,28.0832],[82.3894,28.0803],[82.3867,28.083],[82.3834,28.0795],[82.3804,28.0801],[82.3785,28.076],[82.3743,28.0759],[82.3732,28.0722],[82.3708,28.0712],[82.369,28.0687]]]}},{"type":"Feature","properties":{"name":"Puiya Khola","length_km":7,"rank":3},"geometry":{"type":"MultiLineString","coordinates":[[[81.6138,30.0464],[81.6175,30.0522]],[[81.6175,30.0522],[81.6218,30.0568]],[[81.5699,30.0166],[81.5744,30.015],[81.5772,30.0156],[81.5832,30.0204],[81.5846,30.024],[81.5892,30.0286],[81.6072,30.04],[81.6138,30.0464]]]}},{"type":"Feature","properties":{"name":"Gaghar Khola","length_km":7,"rank":3},"geometry":{"type":"MultiLineString","coordinates":[[[85.7917,27.2389],[85.7944,27.2412],[85.7956,27.2447],[85.7955,27.2507]],[[85.814,27.2124],[85.807,27.2173],[85.7969,27.2184],[85.7941,27.2217],[85.7859,27.2248],[85.7855,27.2287],[85.7917,27.2389]]]}},{"type":"Feature","properties":{"name":"Gwang (Gaumati) Khola","length_km":7,"rank":3},"geometry":{"type":"MultiLineString","coordinates":[[[85.9177,27.1939],[85.9213,27.1923],[85.9185,27.1901],[85.9241,27.1884],[85.9247,27.1866],[85.9232,27.1855],[85.9214,27.1868],[85.9212,27.1841],[85.9193,27.1829],[85.9157,27.1842],[85.9156,27.182],[85.911,27.1805],[85.9105,27.1832],[85.9087,27.1832],[85.9083,27.1797],[85.9099,27.1777],[85.9085,27.1758],[85.9051,27.1763],[85.9062,27.1727],[85.9012,27.1714],[85.901,27.1662]]]}},{"type":"Feature","properties":{"name":"Bighi Nadi","length_km":8,"rank":3},"geometry":{"type":"MultiLineString","coordinates":[[[85.9656,26.9815],[85.967,26.9793],[85.9718,26.9778],[85.9721,26.9755],[85.9703,26.9752],[85.9698,26.9734],[85.9734,26.9698],[85.9778,26.9556],[85.9818,26.9528],[85.9844,26.9476],[85.9832,26.9405],[85.9843,26.9306],[85.979,26.9206]]]}},{"type":"Feature","properties":{"name":"chudi river","length_km":8,"rank":3},"geometry":{"type":"MultiLineString","coordinates":[[[84.4064,27.9685],[84.4077,27.9656],[84.4117,27.9631],[84.4117,27.9606],[84.4158,27.9583],[84.4164,27.9521],[84.4225,27.9563]],[[84.4121,27.9899],[84.4096,27.9849],[84.4116,27.981],[84.4066,27.9781],[84.4103,27.9733],[84.4057,27.9702],[84.4064,27.9685]],[[84.4085,27.9748],[84.4103,27.9733],[84.4057,27.9702],[84.4067,27.9678]]]}},{"type":"Feature","properties":{"name":"Pampa Khola","length_km":8,"rank":3},"geometry":{"type":"MultiLineString","coordinates":[[[84.6421,27.6342],[84.6358,27.6305],[84.6316,27.6233],[84.6245,27.6167],[84.6244,27.615],[84.6211,27.6138],[84.6204,27.6027],[84.6091,27.6015],[84.5983,27.6068],[84.5942,27.6053]]]}},{"type":"Feature","properties":{"name":"Lilawati River","length_km":8,"rank":3},"geometry":{"type":"MultiLineString","coordinates":[[[85.4421,27.5964],[85.4435,27.5954],[85.4462,27.5961],[85.449,27.5942],[85.4514,27.5978],[85.4544,27.5974],[85.4567,27.6],[85.4577,27.5964],[85.4597,27.5968],[85.4587,27.5947],[85.4631,27.5945],[85.4653,27.5927],[85.4698,27.5942],[85.4767,27.5912],[85.4795,27.5916],[85.4803,27.5889],[85.4839,27.5889],[85.4873,27.5855]],[[85.4335,27.6007],[85.4385,27.6],[85.4421,27.5964]]]}},{"type":"Feature","properties":{"name":"Jamuni Nadi","length_km":8,"rank":3},"geometry":{"type":"MultiLineString","coordinates":[[[85.8923,26.59],[85.8888,26.589],[85.8895,26.5876],[85.888,26.5833],[85.8852,26.5822],[85.882,26.5843],[85.8787,26.5839],[85.8791,26.5819],[85.8754,26.5811],[85.8728,26.5783],[85.8708,26.5797],[85.869,26.5778],[85.8697,26.576],[85.8614,26.5705],[85.8586,26.5704],[85.8556,26.573],[85.855,26.571],[85.852,26.5701],[85.8519,26.5681],[85.8472,26.5696]]]}},{"type":"Feature","properties":{"name":"Hadi Khola","length_km":8,"rank":3},"geometry":{"type":"MultiLineString","coordinates":[[[85.9858,27.8297],[85.9888,27.8216],[85.9843,27.8148],[85.9855,27.8022],[85.9818,27.794],[85.9799,27.7917],[85.9723,27.7896],[85.9655,27.7826],[85.9624,27.7835],[85.9619,27.7824],[85.9584,27.782]]]}},{"type":"Feature","properties":{"name":"Phoksundo Khola","length_km":8,"rank":3},"geometry":{"type":"MultiLineString","coordinates":[[[82.9006,29.273],[82.9028,29.2698],[82.9032,29.2621],[82.9082,29.2517],[82.9122,29.2492],[82.9145,29.2438],[82.9258,29.2317],[82.9254,29.229],[82.9374,29.2223],[82.9419,29.2177]]]}},{"type":"Feature","properties":{"name":"Thanaban Gad","length_km":8,"rank":3},"geometry":{"type":"MultiLineString","coordinates":[[[80.8313,29.6288],[80.8342,29.6276],[80.8381,29.6228],[80.8386,29.6201],[80.8443,29.6169],[80.8435,29.6126],[80.8502,29.6035],[80.8518,29.5973],[80.8552,29.5943],[80.8544,29.5873],[80.8555,29.5833],[80.8591,29.5794]],[[80.8211,29.6348],[80.8276,29.6288],[80.8313,29.6288]]]}},{"type":"Feature","properties":{"name":"Balan Nadi","length_km":8,"rank":3},"geometry":{"type":"MultiLineString","coordinates":[[[86.547,26.8255],[86.544,26.8243],[86.5438,26.8228],[86.5418,26.8232],[86.5439,26.8168],[86.5397,26.816],[86.5373,26.8131],[86.5381,26.8117],[86.5316,26.8122],[86.5298,26.8095],[86.5315,26.8058],[86.5337,26.8049],[86.5318,26.8037],[86.5336,26.8024],[86.5318,26.7998],[86.5335,26.7988],[86.5319,26.7975],[86.5353,26.7964],[86.5319,26.7941],[86.5302,26.7882],[86.5251,26.7843]]]}},{"type":"Feature","properties":{"name":"Buwa Khola","length_km":8,"rank":3},"geometry":{"type":"MultiLineString","coordinates":[[[87.6263,26.8322],[87.6314,26.8306],[87.6361,26.8319],[87.6456,26.8301],[87.6478,26.8311],[87.6492,26.8299],[87.652,26.8251],[87.6522,26.8189],[87.6562,26.8187],[87.6572,26.8166],[87.6617,26.8149],[87.6596,26.8085],[87.6616,26.8082],[87.6612,26.8059],[87.6595,26.804],[87.658,26.8041],[87.6561,26.8013],[87.6559,26.7986]]]}},{"type":"Feature","properties":{"name":"Sera Gad","length_km":8,"rank":3},"geometry":{"type":"MultiLineString","coordinates":[[[80.7491,29.0605],[80.749,29.0573],[80.7455,29.0568],[80.7449,29.0537],[80.7394,29.0511],[80.7403,29.0486],[80.7358,29.045],[80.7381,29.0421],[80.7355,29.0383],[80.7374,29.0357],[80.7406,29.0349],[80.739,29.0332],[80.7409,29.0279],[80.7398,29.026],[80.741,29.0215],[80.7375,29.0183],[80.7398,29.0149],[80.7365,29.0148],[80.7367,29.0108]]]}},{"type":"Feature","properties":{"name":"Bhartola Gad","length_km":8,"rank":3},"geometry":{"type":"MultiLineString","coordinates":[[[80.4656,29.7392],[80.4307,29.753],[80.4288,29.7552],[80.4231,29.7576],[80.4227,29.7618],[80.4166,29.7645],[80.4042,29.7641],[80.4008,29.7656],[80.3963,29.7633]]]}},{"type":"Feature","properties":{"name":"Laikhu Khola","length_km":8,"rank":3},"geometry":{"type":"MultiLineString","coordinates":[[[86.6632,27.1738],[86.6648,27.1685],[86.6685,27.165],[86.6688,27.1623],[86.6733,27.158],[86.6736,27.1527],[86.677,27.1495],[86.6776,27.1465],[86.6769,27.1394],[86.6784,27.138],[86.6775,27.136],[86.6781,27.1306],[86.6763,27.1258],[86.6779,27.1195],[86.6759,27.1171],[86.6698,27.1157]]]}},{"type":"Feature","properties":{"name":"Polte Khola","length_km":8,"rank":3},"geometry":{"type":"MultiLineString","coordinates":[[[83.3302,29.3222],[83.3284,29.3226],[83.3239,29.3286],[83.324,29.3349],[83.3158,29.3468],[83.308,29.3511],[83.3078,29.3525],[83.3046,29.3542],[83.2988,29.3631],[83.2957,29.3643],[83.2913,29.3686],[83.2887,29.3695],[83.2841,29.3672]]]}},{"type":"Feature","properties":{"name":"Ankhu Khloa","length_km":8,"rank":3},"geometry":{"type":"MultiLineString","coordinates":[[[84.853,27.9959],[84.8522,27.9938],[84.8489,27.9947]],[[84.8632,27.9945],[84.857,27.9963]],[[84.8905,27.993],[84.888,27.9914],[84.8835,27.9937],[84.8747,27.991],[84.8701,27.9927],[84.8661,27.9923],[84.8613,27.9962],[84.8555,27.9967],[84.85,27.9946],[84.8387,27.9963],[84.8282,27.995]]]}},{"type":"Feature","properties":{"name":"Chapa khola","length_km":8,"rank":3},"geometry":{"type":"MultiLineString","coordinates":[[[84.6328,28.2296],[84.6336,28.221],[84.6372,28.2159],[84.6376,28.2084],[84.6403,28.2041],[84.6365,28.1987],[84.6332,28.1895],[84.6234,28.1843],[84.6225,28.18],[84.619,28.1797],[84.6162,28.1751],[84.6116,28.1727]]]}},{"type":"Feature","properties":{"name":"Tom Khola","length_km":8,"rank":3},"geometry":{"type":"MultiLineString","coordinates":[[[84.8231,28.5844],[84.8203,28.5807],[84.8206,28.5768],[84.8156,28.5744]],[[84.8156,28.5744],[84.8069,28.5673],[84.7996,28.5645],[84.7943,28.5597]],[[84.7943,28.5597],[84.7937,28.558],[84.7988,28.5551]],[[84.7988,28.5551],[84.8004,28.5528],[84.8075,28.5485],[84.8074,28.547],[84.804,28.5448],[84.8036,28.5425]],[[84.8036,28.5425],[84.8034,28.5396],[84.8059,28.5374],[84.8064,28.5346]]]}},{"type":"Feature","properties":{"name":"Ghalemch Khola","length_km":8,"rank":3},"geometry":{"type":"MultiLineString","coordinates":[[[83.7521,28.5406],[83.747,28.5395],[83.7395,28.5405],[83.7341,28.5374],[83.7314,28.5374],[83.7308,28.5357],[83.7281,28.5343],[83.7228,28.5353],[83.7115,28.5329],[83.6941,28.5329],[83.6876,28.5309],[83.6825,28.5339],[83.6788,28.5337]]]}},{"type":"Feature","properties":{"name":"Chabche Khola","length_km":8,"rank":3},"geometry":{"type":"MultiLineString","coordinates":[[[84.1364,28.747],[84.1398,28.7479],[84.1598,28.7364],[84.1683,28.7302],[84.1729,28.7233],[84.1762,28.7216],[84.1843,28.7183],[84.1935,28.7164],[84.1963,28.718],[84.199,28.7166]]]}},{"type":"Feature","properties":{"name":"Dudamari river","length_km":8,"rank":3},"geometry":{"type":"MultiLineString","coordinates":[[[87.7913,26.6416],[87.786,26.6326],[87.7852,26.6257],[87.7862,26.6246],[87.7804,26.6174],[87.7821,26.6136],[87.7866,26.6101],[87.7845,26.6081],[87.7849,26.6038],[87.7832,26.6039],[87.7826,26.602],[87.7858,26.5967],[87.7848,26.5951],[87.7864,26.5923],[87.7853,26.5923],[87.7857,26.5891],[87.7876,26.5889]]]}},{"type":"Feature","properties":{"name":"Chyanjun Khola","length_km":8,"rank":3},"geometry":{"type":"MultiLineString","coordinates":[[[83.4505,29.1393],[83.4534,29.1332],[83.4484,29.1179],[83.4429,29.1118],[83.4323,29.1085],[83.4285,29.1043]],[[83.4285,29.1043],[83.4259,29.1013],[83.4215,29.0997],[83.4183,29.097],[83.4163,29.089]]]}},{"type":"Feature","properties":{"name":"Kalapani River","length_km":8,"rank":3},"geometry":{"type":"MultiLineString","coordinates":[[[80.895,30.2082],[80.889,30.1995],[80.8839,30.1944],[80.8857,30.1883],[80.8845,30.186],[80.8804,30.181],[80.8667,30.175],[80.8625,30.1693]],[[80.9036,30.2168],[80.902,30.214],[80.8971,30.2125],[80.895,30.2082]]]}},{"type":"Feature","properties":{"name":"Chua Khola","length_km":8,"rank":3},"geometry":{"type":"MultiLineString","coordinates":[[[81.8635,29.9487],[81.8571,29.9441],[81.8582,29.9405]],[[81.8885,29.9574],[81.8866,29.9586],[81.8792,29.9576],[81.8635,29.9487]],[[81.9271,29.9531],[81.9141,29.9539],[81.9077,29.9565],[81.8966,29.9584],[81.8885,29.9574]]]}},{"type":"Feature","properties":{"name":"Apsuwa Khola","length_km":8,"rank":3},"geometry":{"type":"MultiLineString","coordinates":[[[87.1766,27.5672],[87.1777,27.5623],[87.1765,27.5606],[87.1772,27.5573],[87.1814,27.5537],[87.1849,27.5552],[87.1897,27.5535],[87.1991,27.5541],[87.2068,27.5525],[87.2088,27.5506],[87.2115,27.5512],[87.2127,27.5497],[87.2157,27.5502],[87.2291,27.5452],[87.2314,27.5399]]]}},{"type":"Feature","properties":{"name":"Chilod Khola","length_km":8,"rank":3},"geometry":{"type":"MultiLineString","coordinates":[[[80.6247,28.9503],[80.6318,28.9541],[80.6337,28.958],[80.6493,28.9548],[80.6556,28.9488],[80.6564,28.9391],[80.6623,28.9349],[80.6648,28.9282],[80.6676,28.9278],[80.6715,28.922]]]}},{"type":"Feature","properties":{"name":"Liep (Tatopani) Khola","length_km":9,"rank":3},"geometry":{"type":"MultiLineString","coordinates":[[[85.083,28.2613],[85.0836,28.2596],[85.0798,28.2483],[85.0775,28.2473],[85.078,28.245],[85.0723,28.2394],[85.0736,28.2379],[85.0722,28.2304],[85.0733,28.2275],[85.0697,28.224],[85.0716,28.2176],[85.069,28.2149],[85.0682,28.2051],[85.0693,28.2038],[85.0695,28.1958],[85.0713,28.1938],[85.0713,28.1911]]]}},{"type":"Feature","properties":{"name":"Bheri Nadi","length_km":9,"rank":3},"geometry":{"type":"MultiLineString","coordinates":[[[82.6456,29.1435],[82.6401,29.1352],[82.6189,29.124],[82.615,29.1189],[82.6085,29.1183],[82.6058,29.1191],[82.602,29.1136],[82.5975,29.1136],[82.5958,29.1119],[82.5917,29.1123],[82.5886,29.1147],[82.5854,29.1143],[82.5774,29.1184],[82.5724,29.1188]]]}},{"type":"Feature","properties":{"name":"Badhkhola","length_km":9,"rank":3},"geometry":{"type":"MultiLineString","coordinates":[[[83.9343,28.0966],[83.9287,28.1016],[83.9279,28.1004],[83.9216,28.1017],[83.9206,28.1043],[83.9121,28.1029]],[[83.9107,28.1028],[83.9081,28.1009],[83.8945,28.1021],[83.8904,28.101],[83.8891,28.1018],[83.8893,28.1039],[83.8858,28.1037],[83.8835,28.1066],[83.8809,28.1063],[83.8814,28.1077],[83.8802,28.1082],[83.8773,28.1057],[83.8771,28.1033],[83.8731,28.1039],[83.8714,28.1019]],[[83.9121,28.1029],[83.9107,28.1028]]]}},{"type":"Feature","properties":{"name":"Kodku Khola","length_km":9,"rank":3},"geometry":{"type":"MultiLineString","coordinates":[[[85.3385,27.6016],[85.3432,27.6027]],[[85.3432,27.6027],[85.345,27.6047],[85.3484,27.6046],[85.3514,27.6126],[85.349,27.6146],[85.3484,27.6187],[85.3424,27.6223],[85.3434,27.6257],[85.3423,27.6277],[85.3398,27.6277],[85.3408,27.6285],[85.34,27.6298],[85.3378,27.6287],[85.3376,27.6306],[85.3356,27.6312],[85.3363,27.6332],[85.3338,27.6343],[85.3347,27.6368],[85.336,27.6371],[85.3345,27.6415],[85.336,27.6479]]]}},{"type":"Feature","properties":{"name":"Peri Kapuwa Khola","length_km":9,"rank":3},"geometry":{"type":"MultiLineString","coordinates":[[[82.8219,29.2961],[82.8285,29.2895],[82.8382,29.2872],[82.8579,29.2791],[82.8645,29.2818],[82.8663,29.2808],[82.8774,29.2853],[82.8826,29.2832],[82.8913,29.2838],[82.8954,29.2813],[82.8975,29.2772],[82.9006,29.2749],[82.9006,29.273]]]}},{"type":"Feature","properties":{"name":"Ghunse Khola","length_km":9,"rank":3},"geometry":{"type":"MultiLineString","coordinates":[[[87.8714,27.5658],[87.8637,27.563],[87.8608,27.564],[87.852,27.5614],[87.8439,27.5548],[87.8243,27.5474],[87.8026,27.5319]]]}},{"type":"Feature","properties":{"name":"Kukhreni Khola","length_km":9,"rank":3},"geometry":{"type":"MultiLineString","coordinates":[[[85.0056,27.3555],[85.0044,27.3585],[85.0089,27.3716],[85.0114,27.3752],[85.0186,27.3806],[85.021,27.3873],[85.0206,27.3918],[85.0139,27.3992],[85.01,27.4017],[85.0068,27.4097],[85.01,27.4181],[85.0101,27.4204],[85.0087,27.4212]]]}},{"type":"Feature","properties":{"name":"Gurmuwa Khola","length_km":9,"rank":3},"geometry":{"type":"MultiLineString","coordinates":[[[83.0074,27.7225],[83.0067,27.7191],[83.0031,27.7186],[83.0013,27.7158],[83.0041,27.7133],[83.0079,27.7132],[83.0032,27.7084],[83.0061,27.7048],[83.0056,27.7021],[82.9993,27.7009],[82.9976,27.6974],[82.9946,27.6987],[82.9905,27.6976],[82.9923,27.6919],[82.9958,27.6911],[82.9946,27.6873],[82.9921,27.6874],[82.9911,27.6893],[82.99,27.6879],[82.9902,27.6844],[82.9947,27.6821],[82.9924,27.679]]]}},{"type":"Feature","properties":{"name":"Junbesi Khola","length_km":9,"rank":3},"geometry":{"type":"MultiLineString","coordinates":[[[86.5412,27.6059],[86.5446,27.6049],[86.5461,27.6032],[86.5471,27.5983],[86.5498,27.5965],[86.5516,27.5921],[86.5503,27.5867],[86.5484,27.5845],[86.5477,27.5785],[86.5491,27.5734],[86.5524,27.5697],[86.5557,27.5625],[86.5593,27.5589],[86.57,27.5555],[86.5716,27.5525],[86.5766,27.5507],[86.5771,27.5491],[86.5798,27.549]]]}},{"type":"Feature","properties":{"name":"Twang Khola","length_km":9,"rank":3,"name_ne":"ट्वाङ् खोला"},"geometry":{"type":"MultiLineString","coordinates":[[[82.0943,28.222],[82.0941,28.2177],[82.1002,28.2175],[82.1017,28.2129],[82.1009,28.2099],[82.105,28.2072],[82.1006,28.2029],[82.1017,28.2014],[82.1002,28.1965],[82.1007,28.1916],[82.0979,28.1884],[82.0947,28.1758],[82.0912,28.1753],[82.0901,28.1703],[82.0876,28.1679],[82.0888,28.1663],[82.0865,28.1621],[82.0866,28.159]]]}},{"type":"Feature","properties":{"name":"Gala Gad","length_km":9,"rank":3},"geometry":{"type":"MultiLineString","coordinates":[[[81.0674,29.0547],[81.0709,29.0544],[81.0736,29.0566],[81.0727,29.0605],[81.0767,29.0597],[81.0802,29.062],[81.0868,29.0615],[81.0883,29.0582],[81.0908,29.061],[81.0926,29.0596],[81.0937,29.0648],[81.0975,29.0633],[81.0999,29.0661],[81.1029,29.0654],[81.1051,29.0686],[81.1041,29.0698],[81.1063,29.0706],[81.1062,29.0727],[81.1099,29.0749],[81.1118,29.0735],[81.1158,29.0757],[81.1176,29.0747],[81.1192,29.0754],[81.1211,29.0737]]]}},{"type":"Feature","properties":{"name":"Banarahawa River","length_km":9,"rank":3},"geometry":{"type":"MultiLineString","coordinates":[[[83.2773,27.7166],[83.2784,27.7153],[83.2772,27.7124],[83.2735,27.7102],[83.2748,27.7079],[83.2742,27.706],[83.2756,27.704],[83.2789,27.7036],[83.2792,27.7016],[83.2838,27.7022],[83.2847,27.7004],[83.2864,27.7006],[83.2858,27.6995],[83.2904,27.6957],[83.29,27.6941],[83.2917,27.6936],[83.2932,27.6905],[83.2976,27.6898],[83.2984,27.6824],[83.3003,27.6829],[83.2998,27.6812],[83.3027,27.6772],[83.305,27.6774],[83.3045,27.6757],[83.3061,27.6755]],[[83.3064,27.6753],[83.3077,27.6747],[83.3069,27.674],[83.308,27.6725],[83.3111,27.6728]],[[83.3061,27.6755],[83.3064,27.6753]]]}},{"type":"Feature","properties":{"name":"Chilime Khola","length_km":9,"rank":3},"geometry":{"type":"MultiLineString","coordinates":[[[85.2849,28.2166],[85.2905,28.2098],[85.2896,28.2039],[85.2911,28.1977],[85.2946,28.1926],[85.2977,28.1913],[85.301,28.1851],[85.3055,28.1835],[85.3092,28.1796],[85.3179,28.1814],[85.321,28.18],[85.3283,28.1794],[85.3382,28.1821],[85.3427,28.1812]],[[85.3427,28.1812],[85.3428,28.1812]]]}},{"type":"Feature","properties":{"name":"Garuwa Khola","length_km":9,"rank":3},"geometry":{"type":"MultiLineString","coordinates":[[[87.9471,26.8016],[87.9473,26.7986],[87.9413,26.7953],[87.9309,26.7935],[87.9248,26.7938],[87.9212,26.7917],[87.9172,26.7868],[87.9151,26.7712],[87.9095,26.7719],[87.9016,26.7652],[87.8935,26.7624]]]}},{"type":"Feature","properties":{"name":"Ruma Khola","length_km":9,"rank":3},"geometry":{"type":"MultiLineString","coordinates":[[[81.8626,28.8545],[81.8601,28.8498],[81.8608,28.846],[81.8551,28.8442],[81.853,28.8352],[81.8477,28.8322],[81.848,28.8303],[81.846,28.8303],[81.8456,28.8269],[81.8428,28.8233],[81.8443,28.8222],[81.8427,28.8142],[81.846,28.8073],[81.8457,28.8037],[81.8473,28.7996],[81.8457,28.7962],[81.8466,28.7935],[81.8487,28.7924],[81.8479,28.7886],[81.8467,28.7885]]]}},{"type":"Feature","properties":{"name":"Chunban Khola","length_km":9,"rank":3},"geometry":{"type":"MultiLineString","coordinates":[[[82.5511,28.5346],[82.5524,28.5316],[82.5465,28.5294],[82.5401,28.524],[82.5407,28.5227],[82.5391,28.5196],[82.5399,28.5136],[82.5325,28.5064],[82.5329,28.4989],[82.5317,28.4978],[82.5324,28.4965],[82.5305,28.4918],[82.5312,28.4911],[82.528,28.4879],[82.5269,28.4843],[82.525,28.4832],[82.5255,28.4813],[82.5239,28.4764],[82.525,28.4749]]]}},{"type":"Feature","properties":{"name":"Ning Khola","length_km":9,"rank":3},"geometry":{"type":"MultiLineString","coordinates":[[[81.8044,30.2619],[81.7922,30.2633],[81.7884,30.2613],[81.78,30.2608],[81.7755,30.2563],[81.7716,30.2556],[81.7711,30.2568],[81.7686,30.2572],[81.7619,30.2538],[81.7606,30.2516],[81.7549,30.2512],[81.7496,30.2475],[81.7395,30.2497],[81.7359,30.2462],[81.7273,30.2482]]]}},{"type":"Feature","properties":{"name":"Naugarh Gad","length_km":9,"rank":3},"geometry":{"type":"MultiLineString","coordinates":[[[80.6717,29.7576],[80.6771,29.7575],[80.6801,29.756],[80.6817,29.7519],[80.6809,29.75],[80.6774,29.7454],[80.6737,29.7457],[80.6679,29.7402],[80.6633,29.7391],[80.6605,29.7357],[80.6571,29.736],[80.6545,29.734],[80.6496,29.734],[80.6473,29.7324],[80.6456,29.7336],[80.6342,29.7351],[80.622,29.7322]]]}},{"type":"Feature","properties":{"name":"Aurahi Nadi","length_km":9,"rank":3},"geometry":{"type":"MultiLineString","coordinates":[[[85.979,26.9206],[85.9752,26.9012],[85.9668,26.8896],[85.9695,26.8848],[85.9652,26.8786],[85.9635,26.8729],[85.9551,26.8677],[85.9497,26.8697],[85.9478,26.8631],[85.9465,26.8623],[85.9437,26.8636]]]}},{"type":"Feature","properties":{"name":"Chandaha Khola","length_km":9,"rank":3},"geometry":{"type":"MultiLineString","coordinates":[[[86.025,27.1413],[86.0247,27.139],[86.0226,27.1372],[86.0246,27.133],[86.0205,27.1265],[86.0213,27.1228],[86.0202,27.1199],[86.0243,27.1178],[86.0305,27.1073],[86.0288,27.1049],[86.0256,27.1035],[86.0202,27.1054],[86.0158,27.0976],[86.0129,27.0991],[86.011,27.0984],[86.0086,27.095],[86.0046,27.0825]]]}},{"type":"Feature","properties":{"name":"SUNDARI RIVER","length_km":9,"rank":3},"geometry":{"type":"MultiLineString","coordinates":[[[86.8678,26.6623],[86.8677,26.6605],[86.8752,26.6593],[86.8814,26.6555],[86.8843,26.6487],[86.8836,26.6336],[86.8874,26.628],[86.8888,26.6228],[86.8889,26.6126],[86.8849,26.6069],[86.887,26.6042],[86.8867,26.5988]]]}},{"type":"Feature","properties":{"name":"Pheda Khola","length_km":9,"rank":3},"geometry":{"type":"MultiLineString","coordinates":[[[85.9344,27.6545],[85.9314,27.6525],[85.931,27.6481],[85.9292,27.6458],[85.9253,27.6426],[85.9153,27.6382],[85.9123,27.6386],[85.9047,27.6337],[85.9039,27.6317],[85.8983,27.6303],[85.8973,27.6284],[85.8914,27.6251],[85.8894,27.6202],[85.8841,27.614],[85.886,27.6108],[85.8825,27.6104],[85.8824,27.6131],[85.8811,27.6145]]]}},{"type":"Feature","properties":{"name":"Akhu Khola","length_km":9,"rank":3},"geometry":{"type":"MultiLineString","coordinates":[[[84.8282,27.995],[84.823,27.9908],[84.8243,27.9896],[84.8208,27.9851],[84.8135,27.9845],[84.815,27.9826],[84.813,27.9799],[84.8138,27.9774],[84.8091,27.9777],[84.8049,27.9816],[84.7984,27.9769],[84.7963,27.977],[84.7945,27.9793],[84.7912,27.9791],[84.7881,27.978],[84.7872,27.974],[84.7813,27.9744],[84.7796,27.9717],[84.7699,27.9678]]]}},{"type":"Feature","properties":{"name":"Bad Khola","length_km":9,"rank":3},"geometry":{"type":"MultiLineString","coordinates":[[[84.148,27.6179],[84.1479,27.6179]],[[84.1427,27.6133],[84.139,27.6108],[84.136,27.6127],[84.1329,27.6112],[84.1285,27.6118],[84.1245,27.6074],[84.121,27.5953],[84.1176,27.5925],[84.116,27.5927],[84.115,27.5902],[84.1166,27.5846],[84.1149,27.5806],[84.1173,27.5783],[84.1171,27.5752],[84.1146,27.5736],[84.1156,27.5717],[84.114,27.5698],[84.1141,27.5678],[84.1124,27.5671],[84.1107,27.5681]],[[84.1479,27.6179],[84.1427,27.6133]]]}},{"type":"Feature","properties":{"name":"Rongshar Chu","length_km":9,"rank":3},"geometry":{"type":"MultiLineString","coordinates":[[[86.2601,28.0165],[86.2519,28.0123],[86.2503,28.0089],[86.244,28.0026],[86.2442,27.9997],[86.2401,27.9936],[86.2411,27.9897],[86.2399,27.9871],[86.242,27.9839],[86.2403,27.9823],[86.2394,27.9728]],[[86.2394,27.9728],[86.2374,27.9682],[86.2338,27.9662],[86.2258,27.9665],[86.2199,27.9635]]]}},{"type":"Feature","properties":{"name":"Jaide Khola","length_km":9,"rank":3},"geometry":{"type":"MultiLineString","coordinates":[[[81.4284,29.2468],[81.4279,29.241],[81.4289,29.2377],[81.4324,29.2378],[81.4336,29.2345],[81.4288,29.2236],[81.43,29.2217],[81.4303,29.2167],[81.429,29.2154],[81.4267,29.2158],[81.4246,29.2102],[81.4248,29.2068],[81.4165,29.1981],[81.416,29.1955],[81.4129,29.1947],[81.4133,29.1926],[81.4087,29.1853]]]}},{"type":"Feature","properties":{"name":"Devaniya Khola","length_km":9,"rank":3},"geometry":{"type":"MultiLineString","coordinates":[[[88.048,26.5983],[88.0434,26.5955],[88.045,26.5939],[88.0451,26.5879],[88.0494,26.5871],[88.0475,26.5857],[88.0458,26.5815],[88.0421,26.5821],[88.0416,26.5795],[88.0383,26.5776],[88.0386,26.5748],[88.0434,26.574],[88.0423,26.57],[88.0448,26.568],[88.0444,26.5647],[88.0476,26.5635],[88.046,26.5581],[88.0491,26.555],[88.0471,26.5502],[88.0502,26.5492],[88.0488,26.5474]]]}},{"type":"Feature","properties":{"name":"Suli Gad","length_km":9,"rank":3},"geometry":{"type":"MultiLineString","coordinates":[[[82.9038,29.0398],[82.9072,29.0307],[82.906,29.026],[82.9066,29.0198],[82.9043,29.012],[82.8984,29.0049],[82.8937,28.9932],[82.8901,28.9896],[82.8875,28.9847],[82.881,28.9776],[82.877,28.976],[82.8747,28.9725]]]}},{"type":"Feature","properties":{"name":"Sukhaura Khola","length_km":9,"rank":3},"geometry":{"type":"MultiLineString","coordinates":[[[83.4794,27.7109],[83.4772,27.7088],[83.4749,27.7089],[83.4713,27.7047],[83.4691,27.7046],[83.4695,27.7023],[83.4674,27.6968],[83.4738,27.6889],[83.4822,27.6839]],[[83.4824,27.6839],[83.487,27.6823],[83.4883,27.6796],[83.4899,27.6792],[83.4891,27.6764],[83.4904,27.6761],[83.4939,27.6689],[83.4952,27.6688],[83.4931,27.6677],[83.4942,27.665],[83.4967,27.6654],[83.4994,27.663],[83.5006,27.6586]],[[83.4822,27.6839],[83.4824,27.6839]]]}},{"type":"Feature","properties":{"name":"Gasali Khloa","length_km":10,"rank":3},"geometry":{"type":"MultiLineString","coordinates":[[[85.0974,28.0932],[85.0949,28.0924],[85.0926,28.0892],[85.0876,28.0875],[85.0635,28.0892],[85.0595,28.0884],[85.0559,28.0844],[85.0501,28.0862],[85.0469,28.0857],[85.0382,28.0885],[85.0337,28.0865],[85.0282,28.0892],[85.0258,28.0889],[85.0165,28.0857],[85.0082,28.0878]]]}},{"type":"Feature","properties":{"name":"Barun Khola","length_km":10,"rank":3},"geometry":{"type":"MultiLineString","coordinates":[[[85.6593,27.2034],[85.6555,27.2008],[85.653,27.2011],[85.6447,27.1951],[85.6412,27.1971],[85.6402,27.2008],[85.6382,27.2014],[85.6293,27.1974],[85.6271,27.1984],[85.624,27.1971],[85.6233,27.1933],[85.6256,27.1891],[85.6239,27.1891],[85.625,27.1881],[85.6221,27.1875],[85.6222,27.1864],[85.6199,27.187],[85.6238,27.1842],[85.6207,27.1844],[85.6203,27.1819],[85.6182,27.1831],[85.6199,27.1811],[85.6242,27.1817],[85.6205,27.1793],[85.6213,27.1747]]]}},{"type":"Feature","properties":{"name":"Kali Khola","length_km":10,"rank":3},"geometry":{"type":"MultiLineString","coordinates":[[[86.9413,26.7972],[86.9301,26.7901],[86.9274,26.7839],[86.9251,26.7837],[86.9243,26.7799]],[[86.9516,26.8007],[86.947,26.8011],[86.9413,26.7972]],[[86.9544,26.7967],[86.9516,26.8007]],[[86.9243,26.7799],[86.9203,26.777],[86.9211,26.775],[86.9251,26.7745],[86.9206,26.7653],[86.9274,26.7623],[86.9271,26.7543],[86.9295,26.7517],[86.9302,26.7476]]]}},{"type":"Feature","properties":{"name":"Paurai Khola","length_km":10,"rank":3},"geometry":{"type":"MultiLineString","coordinates":[[[85.4244,27.1414],[85.428,27.1382],[85.4269,27.1346],[85.4322,27.1334],[85.4304,27.1289],[85.4344,27.1225],[85.441,27.1197],[85.4431,27.1154],[85.4471,27.1167],[85.4493,27.1142],[85.4497,27.1061],[85.4468,27.0957]],[[85.4324,27.1615],[85.4328,27.1576],[85.4306,27.1555],[85.4311,27.1502],[85.4286,27.1485],[85.4286,27.1453],[85.4242,27.1442],[85.4244,27.1414]]]}},{"type":"Feature","properties":{"name":"Jiri Khola","length_km":10,"rank":3},"geometry":{"type":"MultiLineString","coordinates":[[[86.2345,27.6625],[86.2345,27.6596],[86.2305,27.6512],[86.2312,27.6428],[86.2286,27.6355],[86.2322,27.6255],[86.2312,27.6202],[86.2343,27.6141],[86.2315,27.6089],[86.2249,27.604],[86.2275,27.6001],[86.2255,27.5965],[86.2263,27.5905],[86.2247,27.5896],[86.2263,27.5877],[86.2262,27.5853]]]}},{"type":"Feature","properties":{"name":"Thansan Khola","length_km":10,"rank":3},"geometry":{"type":"MultiLineString","coordinates":[[[83.4791,28.9923],[83.4797,28.9933],[83.4744,29.0019],[83.4755,29.0216],[83.4729,29.0266],[83.4743,29.0288],[83.4722,29.0309],[83.4731,29.0362],[83.472,29.042],[83.4695,29.0452],[83.468,29.0517],[83.4688,29.0539],[83.4673,29.0583],[83.4677,29.0643],[83.4659,29.0665],[83.4601,29.0695],[83.4594,29.0716]]]}},{"type":"Feature","properties":{"name":"Thotne Khola","length_km":10,"rank":3},"geometry":{"type":"MultiLineString","coordinates":[[[86.5802,27.2822],[86.5856,27.2829],[86.5861,27.2843],[86.6005,27.2842],[86.6056,27.2825],[86.609,27.2838],[86.6124,27.2838],[86.613,27.2828],[86.6187,27.2846],[86.6218,27.2816],[86.624,27.2815],[86.6265,27.2789],[86.6324,27.2762],[86.6329,27.2746],[86.6373,27.2735],[86.6409,27.2746],[86.6436,27.2728],[86.6471,27.2737],[86.648,27.2705],[86.6504,27.271],[86.6557,27.2672],[86.6586,27.2669]]]}},{"type":"Feature","properties":{"name":"Sorung Khola","length_km":10,"rank":3},"geometry":{"type":"MultiLineString","coordinates":[[[86.444,27.0892],[86.4487,27.0874],[86.4507,27.0823],[86.4525,27.0859],[86.4546,27.0855],[86.4552,27.0827],[86.4589,27.0844],[86.4585,27.0857],[86.4596,27.0861],[86.4618,27.0859],[86.4628,27.0839],[86.4645,27.0868],[86.4668,27.0846],[86.4711,27.0876],[86.4742,27.0859],[86.4746,27.0898],[86.4796,27.0903],[86.4808,27.0885],[86.4817,27.0927],[86.484,27.09],[86.4857,27.0906],[86.4866,27.0932],[86.4855,27.0958],[86.4886,27.0982],[86.4878,27.1005],[86.4906,27.1046]]]}},{"type":"Feature","properties":{"name":"solti","length_km":10,"rank":3},"geometry":{"type":"MultiLineString","coordinates":[[[87.5839,26.7287],[87.5851,26.7236],[87.5883,26.7205],[87.5921,26.713],[87.6075,26.698],[87.608,26.693],[87.6106,26.6898],[87.6085,26.6868],[87.6136,26.6823],[87.6094,26.6779],[87.6105,26.6763],[87.6075,26.6726],[87.6082,26.6694],[87.6066,26.668],[87.6074,26.666],[87.605,26.6618],[87.6087,26.6585],[87.6084,26.6577]]]}},{"type":"Feature","properties":{"name":"Ghusban Khola","length_km":10,"rank":3},"geometry":{"type":"MultiLineString","coordinates":[[[82.7966,28.4386],[82.7932,28.4371],[82.7932,28.4344],[82.7979,28.4296],[82.8031,28.4282],[82.8063,28.4252],[82.8072,28.4221],[82.8063,28.4178],[82.8097,28.4145],[82.8099,28.4061],[82.8125,28.4034],[82.8117,28.4022],[82.8128,28.3998],[82.8106,28.3964],[82.8118,28.3937],[82.809,28.3923],[82.8083,28.3894],[82.8096,28.3882],[82.8086,28.3867],[82.8096,28.3848],[82.8069,28.3767],[82.8091,28.3753],[82.8083,28.3699]]]}},{"type":"Feature","properties":{"name":"Bauri Gad","length_km":10,"rank":3},"geometry":{"type":"MultiLineString","coordinates":[[[81.5308,29.4655],[81.5299,29.4647],[81.5289,29.4658],[81.5271,29.4635],[81.5223,29.4642],[81.5145,29.4593],[81.5072,29.4608],[81.5066,29.4599],[81.5046,29.4617],[81.5012,29.4601],[81.4984,29.4564],[81.4957,29.4578],[81.4903,29.4573],[81.4869,29.4598],[81.4843,29.4639],[81.4775,29.4648],[81.4731,29.4622],[81.4735,29.4588],[81.4715,29.4564],[81.4721,29.4551],[81.4679,29.4509],[81.4659,29.4501],[81.4615,29.4512],[81.4603,29.4501]]]}},{"type":"Feature","properties":{"name":"Ramdi-Khola","length_km":10,"rank":3},"geometry":{"type":"MultiLineString","coordinates":[[[83.6657,27.8458],[83.6541,27.8516],[83.6554,27.8611],[83.6533,27.8615],[83.6488,27.8701],[83.6455,27.8721],[83.6424,27.8804],[83.6422,27.8828],[83.6438,27.8841],[83.6419,27.8843],[83.6405,27.89],[83.6375,27.8926],[83.6374,27.8955],[83.6331,27.8987],[83.6327,27.8997],[83.6337,27.8997]],[[83.6657,27.8457],[83.6657,27.8458]],[[83.6748,27.8389],[83.6716,27.8374],[83.6679,27.8383],[83.6647,27.8418],[83.6657,27.8457]]]}},{"type":"Feature","properties":{"name":"Chauda Khola","length_km":10,"rank":3},"geometry":{"type":"MultiLineString","coordinates":[[[85.3285,27.3427],[85.3373,27.3437],[85.3398,27.3461],[85.3483,27.3475],[85.3581,27.3521],[85.3642,27.3512],[85.3903,27.3438],[85.3944,27.3386],[85.408,27.3279],[85.4175,27.3241]]]}},{"type":"Feature","properties":{"name":"Ankhu Khloa","length_km":10,"rank":3},"geometry":{"type":"MultiLineString","coordinates":[[[85.0082,28.0878],[85.0043,28.0867],[85.0005,28.0824],[84.9908,28.0772],[84.9868,28.0718],[84.982,28.0689],[84.9815,28.0674],[84.9828,28.0665],[84.9769,28.0515],[84.9714,28.0481],[84.9727,28.0451],[84.9662,28.04],[84.9655,28.0319],[84.9595,28.0274]],[[84.9707,28.0439],[84.9701,28.0441]],[[84.9718,28.0466],[84.9728,28.0455]]]}},{"type":"Feature","properties":{"name":"Ankhu River","length_km":10,"rank":3,"name_ne":"आँखु खोला"},"geometry":{"type":"MultiLineString","coordinates":[[[84.9595,28.0274],[84.9476,28.0251],[84.9451,28.0222],[84.9414,28.0212],[84.9383,28.0185],[84.9261,28.0181],[84.923,28.0152],[84.9241,28.0117],[84.9214,28.0086],[84.9186,28.0085],[84.9167,28.0065],[84.9084,28.0043],[84.9058,27.9997],[84.8897,28.0004],[84.8881,27.9953],[84.8905,27.993]]]}},{"type":"Feature","properties":{"name":"Manahara Khola","length_km":10,"rank":3},"geometry":{"type":"MultiLineString","coordinates":[[[80.5972,28.8294],[80.5895,28.8231],[80.5877,28.8163],[80.5835,28.8157],[80.5825,28.8126],[80.5787,28.8126],[80.5757,28.8077],[80.5727,28.8083],[80.5727,28.805],[80.5691,28.8023],[80.5671,28.8017],[80.5632,28.8051],[80.5614,28.8035],[80.5592,28.8044],[80.5564,28.799],[80.5551,28.7928],[80.5568,28.7907],[80.5525,28.7864],[80.5492,28.7878],[80.5444,28.7856]]]}},{"type":"Feature","properties":{"name":"Kakur Khola","length_km":10,"rank":3},"geometry":{"type":"MultiLineString","coordinates":[[[86.3793,27.0345],[86.3816,27.0327],[86.3822,27.0303],[86.3792,27.0318],[86.3792,27.0299],[86.374,27.0232],[86.3747,27.0205],[86.3724,27.0173],[86.3732,27.0137],[86.3721,27.0102],[86.3748,27.0079],[86.375,27.0044],[86.3738,27.0014],[86.3658,26.9933],[86.3668,26.9877],[86.365,26.9815],[86.3665,26.9731],[86.3623,26.9685],[86.3597,26.9677],[86.3596,26.9638]]]}},{"type":"Feature","properties":{"name":"Phedi Khola","length_km":10,"rank":3},"geometry":{"type":"MultiLineString","coordinates":[[[86.947,27.3684],[86.9512,27.3708],[86.9561,27.3705],[86.9603,27.3676],[86.9669,27.3665],[86.9691,27.3644],[86.9735,27.3645],[86.9751,27.3661],[86.9778,27.3663],[86.9804,27.3696],[86.9866,27.3714],[86.9924,27.3726],[86.9993,27.3716],[87.0051,27.3723],[87.0061,27.3714],[87.0092,27.3747],[87.0114,27.3746],[87.0242,27.385],[87.031,27.3871]]]}},{"type":"Feature","properties":{"name":"Gauriya Khola","length_km":10,"rank":3},"geometry":{"type":"MultiLineString","coordinates":[[[87.7036,26.4763],[87.7059,26.4752],[87.7047,26.4726],[87.7077,26.4692],[87.7067,26.468],[87.7074,26.4658],[87.7107,26.4625],[87.7091,26.4605],[87.7105,26.4564],[87.7091,26.4488],[87.7111,26.4448],[87.7143,26.4457],[87.7157,26.4428],[87.7149,26.4407],[87.7162,26.4389],[87.7159,26.4351],[87.7128,26.4338],[87.7127,26.4311],[87.7101,26.4328],[87.7101,26.4269]]]}},{"type":"Feature","properties":{"name":"Sukli Khola","length_km":10,"rank":3},"geometry":{"type":"MultiLineString","coordinates":[[[82.4407,27.723],[82.4358,27.7221],[82.4326,27.7188],[82.4318,27.7133],[82.4267,27.7048],[82.4266,27.6987],[82.4179,27.6916],[82.4118,27.6792],[82.4054,27.6726],[82.4065,27.6712],[82.4014,27.6672],[82.3991,27.6675],[82.3998,27.665],[82.3962,27.6627]]]}},{"type":"Feature","properties":{"name":"Jagdula Khola","length_km":10,"rank":3},"geometry":{"type":"MultiLineString","coordinates":[[[82.6486,29.23],[82.6458,29.2094],[82.6425,29.2034],[82.6443,29.2016],[82.644,29.1954],[82.6465,29.1877],[82.6459,29.1851],[82.6485,29.173],[82.647,29.1709],[82.6448,29.1613],[82.6462,29.1546],[82.6446,29.152],[82.6466,29.1509],[82.6472,29.1476],[82.6456,29.1435]]]}},{"type":"Feature","properties":{"name":"Lende Khola","length_km":10,"rank":3,"name_ne":"लेन्डे खोला"},"geometry":{"type":"MultiLineString","coordinates":[[[85.4307,28.3304],[85.4218,28.3298],[85.4146,28.3265],[85.4131,28.3229],[85.4145,28.3173],[85.4119,28.3083],[85.3977,28.2981],[85.3973,28.295],[85.393,28.2894],[85.3881,28.2871],[85.3859,28.2842],[85.377,28.2781]],[[85.4401,28.3358],[85.4353,28.334],[85.4307,28.3304]]]}},{"type":"Feature","properties":{"name":"Musi Khola","length_km":10,"rank":3},"geometry":{"type":"MultiLineString","coordinates":[[[82.5504,27.724],[82.5568,27.7213],[82.5584,27.7116],[82.5554,27.7076],[82.5577,27.7052],[82.5578,27.7022],[82.5609,27.6973],[82.5709,27.6873],[82.5744,27.6774],[82.5755,27.672],[82.5747,27.6642],[82.5723,27.6626],[82.5744,27.6595],[82.5725,27.6596],[82.5694,27.6563]]]}},{"type":"Feature","properties":{"name":"Talung","length_km":10,"rank":3},"geometry":{"type":"MultiLineString","coordinates":[[[81.6985,30.2106],[81.6967,30.2161],[81.6986,30.2178],[81.698,30.2209],[81.6907,30.2321],[81.6877,30.2542],[81.6808,30.2709],[81.6779,30.2734],[81.6728,30.2727],[81.6633,30.2651]]]}},{"type":"Feature","properties":{"name":"Pabuk Khola","length_km":11,"rank":3},"geometry":{"type":"MultiLineString","coordinates":[[[87.8101,27.8805],[87.8119,27.8759],[87.8146,27.8745]],[[87.8146,27.8745],[87.8169,27.8736],[87.8174,27.8699],[87.8227,27.8653],[87.8288,27.8572],[87.8345,27.8428],[87.8476,27.8314],[87.8481,27.8287],[87.8509,27.8255],[87.8538,27.8249],[87.8602,27.8203],[87.8627,27.816],[87.865,27.8153],[87.8662,27.8138],[87.8648,27.8106],[87.8655,27.8093]]]}},{"type":"Feature","properties":{"name":"Imja Khola","length_km":11,"rank":3},"geometry":{"type":"MultiLineString","coordinates":[[[86.9069,27.8996],[86.8958,27.9003],[86.88,27.8978],[86.8751,27.8981],[86.8718,27.9002],[86.8663,27.898],[86.8637,27.8997],[86.8596,27.8984],[86.8554,27.8995],[86.8468,27.8963],[86.8395,27.8965],[86.8338,27.8911],[86.8287,27.8889],[86.8234,27.8818],[86.8174,27.8803]],[[86.8174,27.8803],[86.8171,27.8805]]]}},{"type":"Feature","properties":{"name":"Khangsar Khola","length_km":11,"rank":3},"geometry":{"type":"MultiLineString","coordinates":[[[83.9078,28.6788],[83.9105,28.6748],[83.9159,28.6704],[83.9215,28.671],[83.9237,28.674],[83.926,28.6749],[83.9354,28.6756],[83.9418,28.6739],[83.9558,28.6742],[83.9609,28.6712],[83.9691,28.6695],[83.972,28.667],[83.9758,28.6664],[83.9944,28.6701],[83.9984,28.6699],[84.0013,28.6679],[84.0067,28.6694]]]}},{"type":"Feature","properties":{"name":"Tihar River","length_km":11,"rank":3},"geometry":{"type":"MultiLineString","coordinates":[[[85.0995,26.9625],[85.101,26.9583],[85.0987,26.9547],[85.1002,26.9519],[85.0988,26.9485],[85.0999,26.947],[85.098,26.9419],[85.0965,26.9416],[85.0973,26.941],[85.0961,26.9374],[85.0923,26.9382],[85.0903,26.9328],[85.0847,26.9317],[85.087,26.926]],[[85.087,26.926],[85.0807,26.9198],[85.082,26.9192],[85.0812,26.9169]],[[85.1001,26.965],[85.0995,26.9625]],[[85.111,26.9785],[85.1122,26.9781],[85.1123,26.9749],[85.1111,26.9743],[85.1105,26.9705],[85.1092,26.97],[85.1094,26.9674],[85.106,26.9641],[85.1047,26.9654],[85.1001,26.965]],[[85.0913,26.9356],[85.0909,26.9347]]]}},{"type":"Feature","properties":{"name":"Nupche Khola","length_km":11,"rank":3},"geometry":{"type":"MultiLineString","coordinates":[[[86.4605,27.7581],[86.4608,27.7442],[86.4575,27.7382],[86.4582,27.7282],[86.4566,27.7185],[86.4539,27.7134],[86.4505,27.7107],[86.4482,27.6996],[86.4442,27.6963],[86.4432,27.6936],[86.4448,27.6815],[86.4481,27.6802],[86.4503,27.6769],[86.4546,27.6741],[86.4556,27.6703]]]}},{"type":"Feature","properties":{"name":"Chir Gad","length_km":11,"rank":3},"geometry":{"type":"MultiLineString","coordinates":[[[82.2253,28.149],[82.2248,28.1415],[82.2212,28.1279],[82.2186,28.1261],[82.2106,28.1247],[82.2073,28.1204],[82.2027,28.1213],[82.2009,28.1203],[82.1998,28.1136],[82.1946,28.1103],[82.1943,28.1072],[82.1911,28.1067],[82.1887,28.1041],[82.1776,28.1014],[82.1762,28.0994],[82.172,28.0977],[82.1698,28.0981],[82.1682,28.0965],[82.1684,28.0935],[82.1634,28.0883]]]}},{"type":"Feature","properties":{"name":"Nawa Khola","length_km":11,"rank":3},"geometry":{"type":"MultiLineString","coordinates":[[[87.5608,26.9353],[87.5593,26.9375],[87.5593,26.9403],[87.5562,26.9399],[87.5532,26.9459],[87.5493,26.9455],[87.549,26.9474],[87.5468,26.9473],[87.5462,26.9493],[87.5437,26.9494],[87.5428,26.9521],[87.5405,26.9519],[87.5348,26.9596],[87.5316,26.9578],[87.5286,26.9606],[87.5263,26.96],[87.5239,26.9618],[87.5192,26.9625],[87.516,26.9658],[87.5126,26.9647],[87.5098,26.9694],[87.4984,26.9762],[87.4935,26.9827],[87.4932,26.9851]]]}},{"type":"Feature","properties":{"name":"Nampa","length_km":11,"rank":3},"geometry":{"type":"MultiLineString","coordinates":[[[80.9645,30.0703],[80.9606,30.0706],[80.9554,30.0741],[80.9547,30.0723],[80.9525,30.0713],[80.9475,30.0768],[80.9431,30.0778],[80.9408,30.0769],[80.935,30.0789],[80.9291,30.088],[80.9261,30.0892],[80.9187,30.0975],[80.9157,30.0981],[80.9058,30.1041],[80.9038,30.1075],[80.8956,30.1142],[80.8916,30.1222],[80.8896,30.1232]]]}},{"type":"Feature","properties":{"name":"Gothi Khola","length_km":11,"rank":3},"geometry":{"type":"MultiLineString","coordinates":[[[81.9552,29.8592],[81.956,29.8557],[81.9611,29.8532],[81.9703,29.8425],[81.9666,29.8328],[81.9644,29.8316],[81.9634,29.8275],[81.9618,29.8264],[81.9603,29.82],[81.9581,29.8179],[81.9611,29.8149],[81.9616,29.8128],[81.9585,29.804],[81.9598,29.7984],[81.9591,29.7918],[81.9578,29.7903],[81.9585,29.7877],[81.9559,29.7857],[81.9568,29.7841],[81.9535,29.7781],[81.954,29.7757]]]}},{"type":"Feature","properties":{"name":"Krishne Khola","length_km":11,"rank":3},"geometry":{"type":"MultiLineString","coordinates":[[[87.7219,26.6028],[87.7194,26.5997],[87.718,26.6001],[87.7175,26.5977],[87.7203,26.5917],[87.7191,26.5879],[87.7229,26.5852],[87.7248,26.5783],[87.7271,26.5776],[87.7284,26.5747],[87.7308,26.5746],[87.7296,26.5729],[87.7315,26.5711],[87.7313,26.5681],[87.7384,26.5661],[87.7373,26.5632],[87.7454,26.5592],[87.7429,26.555],[87.7435,26.5534],[87.7401,26.5535],[87.7423,26.548],[87.7401,26.5481],[87.7381,26.546],[87.7387,26.5442],[87.7408,26.5447],[87.7414,26.5434]]]}},{"type":"Feature","properties":{"name":"Bung Khahare","length_km":11,"rank":3},"geometry":{"type":"MultiLineString","coordinates":[[[84.5725,27.7611],[84.5701,27.7593],[84.569,27.7565],[84.5704,27.7504],[84.5655,27.7462]],[[84.5396,27.704],[84.5391,27.701],[84.5425,27.6953],[84.5424,27.6918],[84.5369,27.6879],[84.5338,27.6878],[84.5333,27.6865]],[[84.5655,27.7462],[84.5643,27.7405],[84.5652,27.7347],[84.5636,27.7272],[84.5576,27.7225],[84.5572,27.7196],[84.5529,27.7145],[84.5473,27.7131],[84.5447,27.7089],[84.54,27.7071],[84.5396,27.704]]]}},{"type":"Feature","properties":{"name":"Bhabsi Nadi","length_km":11,"rank":3},"geometry":{"type":"MultiLineString","coordinates":[[[85.8788,26.984],[85.8717,26.9686],[85.8627,26.9639],[85.8594,26.9565],[85.856,26.9554],[85.8561,26.9539],[85.8522,26.9511],[85.8484,26.9506],[85.8479,26.9473],[85.8442,26.9444],[85.8441,26.9262],[85.8468,26.9255],[85.8443,26.9197],[85.8393,26.9196],[85.8403,26.9152],[85.8347,26.9109]]]}},{"type":"Feature","properties":{"name":"Lokaha Khola","length_km":11,"rank":3},"geometry":{"type":"MultiLineString","coordinates":[[[84.1689,27.7071],[84.1715,27.703],[84.1709,27.7011],[84.1675,27.699],[84.1592,27.6987],[84.1566,27.69],[84.1571,27.6844],[84.1619,27.6791],[84.1625,27.6745],[84.164,27.6741],[84.1641,27.6696],[84.1655,27.6687],[84.1652,27.6668],[84.1708,27.6662],[84.1719,27.664],[84.1756,27.6626],[84.1787,27.6588],[84.1859,27.6556],[84.1894,27.6512],[84.191,27.6509],[84.1916,27.6485],[84.1907,27.647],[84.1885,27.6466],[84.1866,27.6405]]]}},{"type":"Feature","properties":{"name":"Tampa River","length_km":11,"rank":3},"geometry":{"type":"MultiLineString","coordinates":[[[80.8138,30.0148],[80.8105,30.0177],[80.809,30.0226],[80.8044,30.0252],[80.7927,30.0261],[80.784,30.0247],[80.7799,30.0252],[80.7682,30.0326],[80.7579,30.0267]],[[80.8282,29.979],[80.8279,29.9833],[80.8255,29.9851],[80.8236,29.9911],[80.8195,29.9974],[80.8172,29.9982],[80.8147,30.0036],[80.8157,30.0114],[80.8138,30.0148]]]}},{"type":"Feature","properties":{"name":"Dhuna Gad","length_km":11,"rank":3},"geometry":{"type":"MultiLineString","coordinates":[[[80.7355,29.4291],[80.7353,29.4268],[80.7375,29.4236],[80.7365,29.4202],[80.7393,29.4167],[80.7444,29.4144],[80.752,29.4148],[80.7585,29.413],[80.7628,29.4074],[80.7665,29.4056],[80.7683,29.4004],[80.766,29.3977],[80.7652,29.3937],[80.7625,29.3924],[80.7632,29.3874],[80.7621,29.3861],[80.7701,29.3817],[80.7795,29.3787],[80.7803,29.3757],[80.7829,29.3753],[80.7847,29.3736],[80.7855,29.3669]]]}},{"type":"Feature","properties":{"name":"Ghaila River","length_km":11,"rank":3},"geometry":{"type":"MultiLineString","coordinates":[[[81.0359,28.5927],[81.0345,28.5924],[81.0353,28.5901],[81.0337,28.5879],[81.0369,28.5871],[81.0337,28.5847],[81.0362,28.5836],[81.0328,28.5834],[81.0302,28.5797],[81.0257,28.5777],[81.0257,28.5749],[81.0233,28.5726],[81.0253,28.5709],[81.0242,28.5657],[81.0259,28.5642],[81.0288,28.564],[81.0338,28.5585],[81.0367,28.5586],[81.0413,28.5546]],[[81.0417,28.5535],[81.0488,28.5449],[81.0487,28.54],[81.0466,28.539],[81.0491,28.5378],[81.0479,28.5335]]]}},{"type":"Feature","properties":{"name":"Gurun Khola","length_km":11,"rank":3},"geometry":{"type":"MultiLineString","coordinates":[[[82.4585,27.7086],[82.4583,27.7045],[82.4569,27.7045],[82.4552,27.7023],[82.4533,27.6945],[82.4498,27.6896],[82.4496,27.6855],[82.447,27.6844],[82.4423,27.6791],[82.4433,27.6754],[82.4416,27.6748],[82.4424,27.6729],[82.4412,27.6718],[82.4425,27.6706],[82.4379,27.6682],[82.4377,27.6655],[82.4396,27.6645],[82.4376,27.6604],[82.438,27.6579],[82.4343,27.6527],[82.4333,27.6467],[82.4356,27.645],[82.4348,27.6423],[82.4359,27.6421],[82.4365,27.6394],[82.4386,27.6405],[82.4392,27.6392],[82.4416,27.6399],[82.4414,27.638],[82.4431,27.6376]]]}},{"type":"Feature","properties":{"name":"Sun Kosi","length_km":12,"rank":3},"geometry":{"type":"MultiLineString","coordinates":[[[85.9584,27.782],[85.956,27.782],[85.953,27.7844],[85.9457,27.7806],[85.9375,27.7837],[85.9342,27.782],[85.9306,27.7836],[85.9281,27.7827],[85.925,27.7836],[85.9073,27.7784],[85.9051,27.7797],[85.9018,27.7773],[85.8971,27.7786],[85.8943,27.7778],[85.8928,27.7794]],[[85.9903,27.759],[85.9892,27.7613],[85.9842,27.7623],[85.9761,27.7679],[85.9742,27.7727],[85.9682,27.7793],[85.9627,27.7804],[85.9608,27.7821],[85.9584,27.782]]]}},{"type":"Feature","properties":{"name":"Lokhandeni Khola","length_km":12,"rank":3},"geometry":{"type":"MultiLineString","coordinates":[[[85.6516,27.0963],[85.6327,27.0841],[85.623,27.0821],[85.6197,27.08],[85.6081,27.0789],[85.5971,27.0817],[85.5851,27.0756]],[[85.5851,27.0756],[85.578,27.0734],[85.5737,27.0703],[85.5689,27.0705],[85.5633,27.0628],[85.5625,27.0582],[85.564,27.0547],[85.5658,27.0525],[85.5726,27.0495]]]}},{"type":"Feature","properties":{"name":"Aurai Nadi","length_km":12,"rank":3,"name_ne":"अउराई नदी"},"geometry":{"type":"MultiLineString","coordinates":[[[81.2639,28.4277],[81.2604,28.4262],[81.2526,28.4133],[81.2477,28.4084],[81.2474,28.4049],[81.2435,28.4053],[81.242,28.4039],[81.2433,28.4017],[81.2399,28.3995],[81.239,28.3861],[81.2271,28.3777],[81.2267,28.3756],[81.2284,28.3734],[81.2277,28.372],[81.2242,28.3734],[81.2242,28.3692],[81.2224,28.3671],[81.2201,28.3674],[81.2145,28.3733],[81.2128,28.3732],[81.2103,28.3698],[81.2047,28.3696]]]}},{"type":"Feature","properties":{"name":"Bhurungdi Khola","length_km":12,"rank":3},"geometry":{"type":"MultiLineString","coordinates":[[[83.6876,28.3434],[83.6934,28.3487],[83.6962,28.3496],[83.6985,28.3531],[83.7016,28.3535],[83.7059,28.3574],[83.7079,28.3576],[83.7119,28.3532],[83.7244,28.3496],[83.7366,28.3442],[83.7393,28.3413],[83.7391,28.3366],[83.7471,28.3271],[83.7584,28.3215],[83.7582,28.3196],[83.7615,28.3157],[83.7687,28.3119],[83.7717,28.3117],[83.7747,28.3092]]]}},{"type":"Feature","properties":{"name":"Rangun River","length_km":12,"rank":3,"name_ne":"रंगुन नदी"},"geometry":{"type":"MultiLineString","coordinates":[[[80.0673,28.8837],[80.0695,28.8831],[80.0706,28.877],[80.0732,28.8734],[80.0718,28.8607],[80.0695,28.859],[80.0631,28.859],[80.0575,28.8567],[80.0571,28.8548],[80.0589,28.8519],[80.0578,28.8507],[80.0587,28.8471],[80.0605,28.8457],[80.0652,28.8454],[80.07,28.8414],[80.073,28.8377],[80.0762,28.8296],[80.0789,28.8269],[80.0899,28.825],[80.0949,28.8268],[80.0997,28.8312],[80.1089,28.8277]]]}},{"type":"Feature","properties":{"name":"Kanthe Khola","length_km":12,"rank":3},"geometry":{"type":"MultiLineString","coordinates":[[[83.5165,28.2505],[83.5242,28.2548],[83.5303,28.2552],[83.5295,28.257],[83.5324,28.258],[83.5318,28.2592],[83.5337,28.2606],[83.5366,28.2612],[83.5387,28.26],[83.5476,28.2634],[83.5555,28.2624],[83.561,28.263],[83.562,28.2611],[83.5708,28.2635],[83.5729,28.2622],[83.5814,28.2613],[83.5867,28.2623],[83.5881,28.2639],[83.5926,28.2627],[83.5958,28.264],[83.5954,28.2618],[83.6018,28.2602],[83.6063,28.2564],[83.6133,28.2534],[83.6177,28.2538]]]}},{"type":"Feature","properties":{"name":"Tamba Kosi","length_km":12,"rank":3},"geometry":{"type":"MultiLineString","coordinates":[[[86.219,27.8488],[86.2179,27.8402],[86.2187,27.8369],[86.2218,27.8316],[86.2281,27.8251],[86.2283,27.8225],[86.2265,27.8192],[86.2266,27.8138],[86.2242,27.811],[86.224,27.8054],[86.2215,27.8043],[86.2201,27.7997],[86.2168,27.7973],[86.2144,27.793],[86.2123,27.7842],[86.206,27.781],[86.2028,27.7748],[86.203,27.7706],[86.2001,27.7672],[86.1993,27.7622],[86.1976,27.76],[86.1957,27.7597]],[[86.2188,27.8367],[86.2202,27.8353]]]}},{"type":"Feature","properties":{"name":"Chhapa Khola","length_km":12,"rank":3},"geometry":{"type":"MultiLineString","coordinates":[[[82.6276,29.6692],[82.6114,29.6599],[82.6081,29.6593],[82.5894,29.6637],[82.5861,29.6631],[82.5819,29.6603],[82.5798,29.657],[82.5618,29.6485],[82.5578,29.6484],[82.5412,29.6538],[82.5378,29.6526],[82.5288,29.654],[82.5206,29.6523]]]}},{"type":"Feature","properties":{"name":"Jhingahi Khola","length_km":12,"rank":3},"geometry":{"type":"MultiLineString","coordinates":[[[82.961,27.7621],[82.9601,27.7606],[82.9622,27.7577],[82.9622,27.7544],[82.9601,27.7483],[82.963,27.7409],[82.9637,27.735],[82.9653,27.7333],[82.9646,27.7319],[82.9682,27.7299],[82.9682,27.7275],[82.97,27.7257],[82.9689,27.7219],[82.9714,27.7199],[82.973,27.7153],[82.9759,27.7123],[82.9754,27.7109],[82.9738,27.7114],[82.9791,27.7067],[82.9801,27.703],[82.9848,27.7013],[82.9855,27.6998],[82.984,27.6992],[82.9873,27.6994],[82.9857,27.6976],[82.9886,27.696],[82.9862,27.6947],[82.9884,27.6931],[82.9871,27.692],[82.9888,27.6905],[82.9898,27.691],[82.9886,27.6888],[82.9905,27.6888]]]}},{"type":"Feature","properties":{"name":"Marim Khola","length_km":12,"rank":3},"geometry":{"type":"MultiLineString","coordinates":[[[82.4244,28.432],[82.4289,28.4295],[82.4333,28.4301],[82.4332,28.4278],[82.4352,28.4258],[82.4423,28.4232],[82.4422,28.422],[82.4467,28.4194],[82.4525,28.418],[82.4526,28.4163],[82.4556,28.4154],[82.4584,28.4097],[82.4602,28.4118],[82.4647,28.4126],[82.4641,28.4091],[82.4683,28.4059],[82.4792,28.403],[82.4839,28.3987],[82.4894,28.397],[82.4909,28.3982],[82.4958,28.3982],[82.4991,28.3934],[82.5022,28.3929],[82.5045,28.3954],[82.5066,28.3958]]]}},{"type":"Feature","properties":{"name":"Jamuwar Nala","length_km":12,"rank":3},"geometry":{"type":"MultiLineString","coordinates":[[[83.0743,27.4995],[83.073,27.5005],[83.0707,27.4969],[83.0711,27.4954],[83.065,27.4913],[83.0665,27.4877],[83.0652,27.4861],[83.0611,27.4856],[83.061,27.4843],[83.0585,27.4837],[83.0532,27.4839],[83.0494,27.4732],[83.0448,27.4714],[83.0488,27.4671],[83.0533,27.4651],[83.0543,27.4613],[83.0556,27.4624],[83.0569,27.4607],[83.0601,27.4603],[83.062,27.4623],[83.065,27.461],[83.0667,27.4624],[83.0701,27.4629],[83.0735,27.4616],[83.0745,27.4627],[83.0755,27.4615],[83.071,27.4544],[83.0733,27.4531]]]}},{"type":"Feature","properties":{"name":"Sakram Khola","length_km":12,"rank":3,"name_ne":"सक्राम खोला"},"geometry":{"type":"MultiLineString","coordinates":[[[82.4032,28.1419],[82.3992,28.1361],[82.3992,28.1326],[82.3952,28.1278],[82.3952,28.1243],[82.3934,28.1232],[82.3899,28.1238],[82.3817,28.1185],[82.3809,28.1169],[82.3763,28.1157],[82.3735,28.1117],[82.3714,28.112],[82.3711,28.1103],[82.3656,28.1095],[82.3598,28.1068],[82.3539,28.0908],[82.3543,28.0892],[82.3524,28.0866],[82.3529,28.0787],[82.3495,28.0747],[82.3513,28.0723],[82.3501,28.0704],[82.353,28.0675],[82.3525,28.0643]]]}},{"type":"Feature","properties":{"name":"Taman Khola","length_km":12,"rank":3},"geometry":{"type":"MultiLineString","coordinates":[[[83.1981,28.3962],[83.2006,28.3944],[83.2001,28.3921],[83.2033,28.3877],[83.1986,28.3809],[83.1964,28.3801],[83.1968,28.3774],[83.1955,28.3759],[83.1965,28.3743],[83.1944,28.3729],[83.1923,28.3687],[83.192,28.365],[83.1875,28.3639],[83.185,28.3608],[83.1861,28.3597],[83.1826,28.3558],[83.179,28.3557],[83.1755,28.3531],[83.1738,28.3499],[83.1745,28.3475],[83.1699,28.3455],[83.168,28.3377],[83.1647,28.3365],[83.1609,28.3374],[83.1581,28.3292],[83.1609,28.3249],[83.159,28.3205]]]}},{"type":"Feature","properties":{"name":"Daha Khola","length_km":12,"rank":3},"geometry":{"type":"MultiLineString","coordinates":[[[82.2707,29.0275],[82.2683,29.0214],[82.2711,29.0176],[82.2716,29.0141],[82.2742,29.012],[82.275,29.0049],[82.2792,29.0038],[82.282,28.9977],[82.2812,28.9966],[82.2822,28.9863],[82.2798,28.9847],[82.2796,28.9818],[82.2832,28.9744],[82.2833,28.9688],[82.2751,28.9645],[82.2698,28.9649],[82.2677,28.9634],[82.2616,28.9647],[82.2534,28.9627],[82.2502,28.9653],[82.2477,28.9643]]]}},{"type":"Feature","properties":{"name":"Lona Khola","length_km":12,"rank":3},"geometry":{"type":"MultiLineString","coordinates":[[[84.205,28.8183],[84.2092,28.8098],[84.21,28.8019],[84.2126,28.7996],[84.2125,28.7913],[84.2157,28.7794],[84.2272,28.7716],[84.2315,28.7668],[84.2424,28.7464],[84.2507,28.7408],[84.2549,28.7361],[84.2584,28.7353],[84.2622,28.7303]]]}},{"type":"Feature","properties":{"name":"Hugdi Khola","length_km":12,"rank":3},"geometry":{"type":"MultiLineString","coordinates":[[[83.4231,28.1254],[83.4229,28.1206],[83.416,28.1171],[83.4143,28.1136],[83.4151,28.1026],[83.4175,28.0999],[83.4142,28.0949],[83.4102,28.093],[83.4071,28.0935],[83.4047,28.092],[83.3926,28.0907],[83.3821,28.0797],[83.3781,28.0785],[83.3739,28.0751],[83.3678,28.0749],[83.3643,28.0761],[83.3598,28.0735],[83.3563,28.0741],[83.353,28.0718],[83.3518,28.065]]]}},{"type":"Feature","properties":{"name":"Goche Khola","length_km":12,"rank":3},"geometry":{"type":"MultiLineString","coordinates":[[[81.9338,28.3585],[81.9282,28.3598],[81.9244,28.3632],[81.922,28.3631],[81.9202,28.3657],[81.9142,28.3682],[81.9114,28.3681],[81.9098,28.3736],[81.901,28.379],[81.8988,28.3832],[81.8933,28.3852],[81.8875,28.3895],[81.8841,28.3898],[81.8779,28.3952],[81.8684,28.3984],[81.8634,28.3968],[81.8585,28.4034],[81.8522,28.4063],[81.8501,28.4102],[81.8467,28.4129]]]}},{"type":"Feature","properties":{"name":"Gurkhutta Khola","length_km":12,"rank":3},"geometry":{"type":"MultiLineString","coordinates":[[[82.4441,27.7118],[82.4478,27.7086],[82.4475,27.7037],[82.4426,27.6977],[82.4402,27.6926],[82.4346,27.6902],[82.4303,27.6842],[82.424,27.6815],[82.4198,27.6742],[82.4168,27.6722],[82.4173,27.6711],[82.4154,27.669],[82.4182,27.6665],[82.4146,27.6658],[82.418,27.6632],[82.4154,27.659],[82.416,27.6577],[82.4132,27.6568],[82.4136,27.6557],[82.4124,27.6551],[82.4137,27.6543],[82.4115,27.6536],[82.4118,27.6525],[82.4102,27.6529],[82.4101,27.65],[82.4065,27.6482],[82.4065,27.6447],[82.404,27.646],[82.4031,27.6444]]]}},{"type":"Feature","properties":{"name":"Hanumante","length_km":13,"rank":3,"name_ne":"हनुमन्ते नदी"},"geometry":{"type":"MultiLineString","coordinates":[[[85.407,27.6765],[85.4053,27.6781],[85.4031,27.6775],[85.3992,27.6733],[85.3953,27.6728],[85.3928,27.6699],[85.3826,27.6723],[85.3795,27.6695],[85.3773,27.6717],[85.3743,27.6713]],[[85.3643,27.6728],[85.3637,27.6698],[85.3607,27.6692]],[[85.4309,27.6691],[85.4294,27.667],[85.426,27.6684],[85.4205,27.6671],[85.4138,27.6696],[85.412,27.672],[85.4105,27.6718],[85.4082,27.6735],[85.407,27.6765]],[[85.3743,27.6713],[85.3686,27.6709],[85.3643,27.6728]],[[85.3607,27.6692],[85.352,27.6681]],[[85.3792,27.6695],[85.3772,27.6717],[85.369,27.6708],[85.3649,27.673],[85.3637,27.6698],[85.3607,27.6691]],[[85.3857,27.6711],[85.3822,27.6722],[85.3792,27.6695]]]}},{"type":"Feature","properties":{"name":"Suraudi Khola","length_km":13,"rank":3,"name_ne":"सुरौदी खोला"},"geometry":{"type":"MultiLineString","coordinates":[[[83.9075,28.1379],[83.9153,28.1352],[83.9231,28.1376],[83.9302,28.1347],[83.9368,28.1345],[83.9405,28.1361],[83.943,28.134],[83.9434,28.1369],[83.9455,28.1389]],[[83.9544,28.1394],[83.9569,28.1391],[83.9604,28.141],[83.9604,28.139],[83.9614,28.139],[83.9687,28.1437],[83.9703,28.1417],[83.9795,28.1435],[83.98,28.1397],[83.9823,28.1404],[83.9836,28.1379],[83.9861,28.1389],[83.9868,28.1366],[83.9903,28.1372],[83.99,28.1344],[83.9922,28.1358],[83.9951,28.1333],[83.9992,28.1329]],[[83.9455,28.1389],[83.9544,28.1394]]]}},{"type":"Feature","properties":{"name":"Po Chu","length_km":13,"rank":3},"geometry":{"type":"MultiLineString","coordinates":[[[85.9868,28.0491],[85.9844,28.0457],[85.9832,28.0406],[85.9859,28.0357],[85.9855,28.03],[85.9805,28.0192],[85.9764,28.0168],[85.9763,28.0137],[85.9733,28.0084],[85.9744,28.0073],[85.9733,28.0019],[85.9746,27.9984],[85.977,27.9965],[85.9765,27.9946],[85.9783,27.992],[85.9783,27.9892],[85.9605,27.9699],[85.9584,27.9657],[85.958,27.9587],[85.9549,27.9538]]]}},{"type":"Feature","properties":{"name":"Rati khola","length_km":13,"rank":3},"geometry":{"type":"MultiLineString","coordinates":[[[83.8002,28.2538],[83.7976,28.2567],[83.7977,28.2599],[83.7951,28.2639],[83.7924,28.2633],[83.7901,28.2656],[83.7836,28.2671],[83.778,28.2707],[83.776,28.2682],[83.7752,28.2698],[83.7712,28.2704],[83.7667,28.274],[83.7619,28.2733],[83.7477,28.2656],[83.7433,28.261],[83.7417,28.2614],[83.73,28.2552],[83.7285,28.2512],[83.7219,28.2455],[83.7194,28.2359],[83.7167,28.2352],[83.7132,28.2309]]]}},{"type":"Feature","properties":{"name":"Takla Khola","length_km":13,"rank":3},"geometry":{"type":"MultiLineString","coordinates":[[[82.703,29.6441],[82.7023,29.6385],[82.7004,29.6372],[82.7001,29.633],[82.698,29.6293],[82.6979,29.6223],[82.6958,29.6198],[82.6949,29.6157],[82.6916,29.6121],[82.6913,29.6071],[82.6894,29.6054],[82.6894,29.6033],[82.6922,29.5922],[82.7028,29.5808],[82.7035,29.5759],[82.7001,29.5701],[82.706,29.5607],[82.7059,29.5576],[82.7131,29.5461]]]}},{"type":"Feature","properties":{"name":"Salankhu Khola","length_km":13,"rank":3,"name_ne":"सलान्खु खोला"},"geometry":{"type":"MultiLineString","coordinates":[[[85.0972,28.0278],[85.0973,28.0217],[85.0944,28.0194],[85.0969,28.0137],[85.0987,28.0132],[85.098,28.0113],[85.1036,28.0107],[85.1093,28.0073],[85.1113,28.0027],[85.1132,28.0023],[85.1141,27.9987],[85.1224,27.9937],[85.1238,27.99],[85.1267,27.9921],[85.1364,27.989],[85.1468,27.9899],[85.1537,27.9873],[85.1586,27.988],[85.1603,27.9856],[85.1616,27.9861],[85.1628,27.9843],[85.1693,27.9819],[85.1774,27.9831],[85.1803,27.9817]]]}},{"type":"Feature","properties":{"name":"Falaakhu River","length_km":13,"rank":3,"name_ne":"फलाखु खोला"},"geometry":{"type":"MultiLineString","coordinates":[[[85.2592,27.9952],[85.2589,27.9923],[85.2621,27.9923],[85.2659,27.9876],[85.2648,27.9841],[85.2659,27.983],[85.2635,27.981],[85.2635,27.9765],[85.2577,27.9738],[85.2585,27.9726],[85.2576,27.971],[85.2552,27.9745],[85.2534,27.9721],[85.2503,27.9713],[85.2472,27.9729],[85.2401,27.9731],[85.2379,27.9747],[85.2334,27.9728],[85.2261,27.9749],[85.2223,27.9741],[85.2213,27.9755],[85.2191,27.9758],[85.213,27.9724],[85.2082,27.9749],[85.1914,27.9755],[85.1891,27.9766],[85.184,27.9728]]]}},{"type":"Feature","properties":{"name":"Aagra Khola","length_km":13,"rank":3},"geometry":{"type":"MultiLineString","coordinates":[[[85.0299,27.6932],[85.0336,27.6964],[85.0329,27.7002],[85.035,27.701],[85.0348,27.704],[85.0378,27.7033],[85.0396,27.7064],[85.0438,27.7062],[85.0447,27.7076],[85.0482,27.7059],[85.0501,27.7072],[85.0483,27.7093],[85.0533,27.7132],[85.0482,27.7152],[85.051,27.7167],[85.0504,27.7187],[85.0542,27.7208],[85.0548,27.7224],[85.0521,27.7256],[85.0485,27.7268],[85.0539,27.7285],[85.0553,27.7276],[85.0573,27.7327],[85.0561,27.7359],[85.0591,27.7356],[85.0611,27.7383],[85.0587,27.7415],[85.0605,27.7425],[85.0605,27.7447],[85.0637,27.7436],[85.0674,27.7474],[85.0674,27.7487],[85.065,27.7504],[85.0647,27.7535]]]}},{"type":"Feature","properties":{"name":"Malai Khola","length_km":13,"rank":3},"geometry":{"type":"MultiLineString","coordinates":[[[82.0808,28.0958],[82.0774,28.0987],[82.0695,28.101],[82.0632,28.0995],[82.0618,28.1019],[82.0508,28.1112],[82.0485,28.1166],[82.0445,28.1206],[82.0436,28.1237],[82.0467,28.1279],[82.0375,28.136],[82.0344,28.1416],[82.0347,28.1459],[82.039,28.1497],[82.034,28.1563],[82.0354,28.1613],[82.0389,28.1658],[82.0354,28.1762],[82.0317,28.1795]]]}},{"type":"Feature","properties":{"name":"Harpan River","length_km":13,"rank":3,"name_ne":"हर्पन खोला"},"geometry":{"type":"MultiLineString","coordinates":[[[83.8793,28.2422],[83.8888,28.2435],[83.8904,28.2402],[83.8962,28.2376],[83.9011,28.2405],[83.903,28.2366],[83.9053,28.2356],[83.9077,28.232],[83.9148,28.2274],[83.919,28.2314],[83.9194,28.2244],[83.9213,28.2209],[83.9303,28.2198],[83.9316,28.2187],[83.9322,28.2134],[83.9354,28.2158],[83.9388,28.2149],[83.9553,28.2048],[83.9608,28.204],[83.9689,28.1974],[83.9677,28.1953]]]}},{"type":"Feature","properties":{"name":"Gajul khola","length_km":13,"rank":3},"geometry":{"type":"MultiLineString","coordinates":[[[82.7115,28.351],[82.7119,28.3502],[82.7098,28.3491],[82.71,28.3453],[82.7125,28.3376],[82.7116,28.3328],[82.714,28.3303],[82.7145,28.3276],[82.7123,28.3178],[82.7137,28.3171],[82.7133,28.314],[82.7157,28.3104],[82.7153,28.3076],[82.7177,28.3043],[82.7173,28.3011],[82.7192,28.2962],[82.7221,28.2962],[82.7231,28.2909],[82.7249,28.2903],[82.7257,28.2851],[82.7238,28.2838],[82.7255,28.2817],[82.7239,28.2785],[82.7245,28.2777],[82.7211,28.2741],[82.7229,28.2726],[82.7228,28.2699],[82.7256,28.267],[82.7247,28.2651],[82.7281,28.2603]]]}},{"type":"Feature","properties":{"name":"Godawari Khola","length_km":13,"rank":3},"geometry":{"type":"MultiLineString","coordinates":[[[85.3774,27.5989],[85.377,27.6],[85.374,27.5999],[85.3679,27.6064],[85.3628,27.6081],[85.3622,27.6111],[85.3607,27.6115],[85.3613,27.6128],[85.3569,27.6184],[85.3587,27.6188],[85.3585,27.6199],[85.3524,27.6241],[85.3542,27.6255],[85.3525,27.6267],[85.3537,27.6284],[85.352,27.6309],[85.3535,27.6331],[85.3605,27.6342],[85.3612,27.6415],[85.3641,27.6432],[85.3663,27.6492],[85.3648,27.6506],[85.3658,27.6525],[85.3649,27.6543],[85.3619,27.6558],[85.3612,27.658],[85.3609,27.6618],[85.3634,27.6648],[85.3607,27.6692]]]}},{"type":"Feature","properties":{"name":"Lungri River","length_km":13,"rank":3},"geometry":{"type":"MultiLineString","coordinates":[[[82.6836,28.1856],[82.6871,28.1886],[82.6863,28.1907],[82.6897,28.1959],[82.6894,28.1986],[82.6961,28.2024],[82.6972,28.2057],[82.6946,28.2062],[82.6963,28.2076],[82.6955,28.214],[82.6995,28.2156],[82.7016,28.2207],[82.7001,28.2252],[82.7006,28.2262],[82.7021,28.2259],[82.7001,28.2281],[82.7025,28.2289],[82.7048,28.2326],[82.7131,28.2362],[82.7125,28.2377],[82.7182,28.2376],[82.7213,28.2403],[82.7227,28.2444],[82.7296,28.244],[82.7388,28.2588]]]}},{"type":"Feature","properties":{"name":"Chhuama Khola","length_km":13,"rank":3},"geometry":{"type":"MultiLineString","coordinates":[[[83.8897,29.2824],[83.9016,29.2784],[83.9061,29.2756],[83.911,29.2687],[83.9152,29.266],[83.9224,29.2663],[83.9227,29.2621],[83.9241,29.2601],[83.9293,29.2608],[83.9342,29.2568],[83.9327,29.254],[83.9338,29.2481],[83.9437,29.2431],[83.9474,29.2428],[83.9565,29.2346],[83.9622,29.237],[83.9658,29.2365],[83.9682,29.2331],[83.9739,29.2302],[83.9781,29.2241]]]}},{"type":"Feature","properties":{"name":"Garoud Khola","length_km":13,"rank":3},"geometry":{"type":"MultiLineString","coordinates":[[[82.7444,29.1901],[82.7377,29.1845],[82.737,29.1801],[82.7335,29.1754],[82.7332,29.1717],[82.7275,29.1676],[82.7164,29.1649],[82.7132,29.1615],[82.7097,29.1627],[82.7042,29.1614],[82.6999,29.1623],[82.6925,29.1576],[82.6845,29.1551],[82.6787,29.1488],[82.6651,29.1438],[82.6617,29.1433],[82.6529,29.1453],[82.6506,29.1432],[82.6456,29.1435]]]}},{"type":"Feature","properties":{"name":"Bhote Koshi","length_km":14,"rank":3,"name_ne":"भोटे कोशी"},"geometry":{"type":"MultiLineString","coordinates":[[[85.377,28.2781],[85.3774,28.2698],[85.3756,28.2666],[85.3726,28.2645],[85.3726,28.2623],[85.3687,28.259],[85.3656,28.2579],[85.365,28.2496],[85.3582,28.2424],[85.3579,28.2374],[85.361,28.2289],[85.3608,28.2229],[85.3546,28.2159],[85.3548,28.2059],[85.3428,28.1812]],[[85.3428,28.1812],[85.3429,28.1664],[85.3413,28.1644]]]}},{"type":"Feature","properties":{"name":"Tawa Khola","length_km":14,"rank":3},"geometry":{"type":"MultiLineString","coordinates":[[[87.9765,27.3832],[87.9713,27.3822],[87.9664,27.3834],[87.9586,27.3812],[87.9519,27.3826],[87.9438,27.3789],[87.9399,27.3811],[87.9362,27.3799],[87.9214,27.381],[87.9206,27.3835],[87.9157,27.3816],[87.9119,27.3825],[87.9009,27.377],[87.8975,27.3781],[87.8946,27.3736],[87.8889,27.3741],[87.8882,27.3713],[87.8853,27.3697],[87.8807,27.3697],[87.8788,27.3675],[87.8775,27.3687],[87.8764,27.3669],[87.8717,27.3667],[87.8695,27.3648],[87.864,27.364],[87.8612,27.3608]]]}},{"type":"Feature","properties":{"name":"Larke Khola","length_km":14,"rank":3},"geometry":{"type":"MultiLineString","coordinates":[[[85.6599,28.0807],[85.6557,28.0731],[85.6554,28.0695],[85.657,28.0676],[85.6555,28.0637],[85.6561,28.0614],[85.6529,28.0557],[85.6518,28.0493],[85.6485,28.0447],[85.6416,28.0423],[85.6403,28.0376],[85.6411,28.0368],[85.6396,28.0332],[85.6411,28.0265],[85.6396,28.0244],[85.6391,28.0197],[85.6472,28.0076],[85.6462,28.0009],[85.6479,28.0008],[85.6493,27.9985],[85.6469,27.9962],[85.647,27.9938],[85.6446,27.9902],[85.6451,27.9875],[85.6418,27.9877],[85.6408,27.9823],[85.6428,27.9808]]]}},{"type":"Feature","properties":{"name":"Dana Khola","length_km":14,"rank":3},"geometry":{"type":"MultiLineString","coordinates":[[[84.4765,28.5013],[84.4727,28.505],[84.471,28.5119],[84.4677,28.5152],[84.4509,28.5238],[84.4439,28.526],[84.4255,28.5274],[84.4021,28.5212],[84.3978,28.5211],[84.3959,28.5192],[84.3914,28.5193],[84.3789,28.5152],[84.3717,28.5166],[84.3671,28.5158],[84.359,28.5167]]]}},{"type":"Feature","properties":{"name":"Nani Gad","length_km":14,"rank":3},"geometry":{"type":"MultiLineString","coordinates":[[[81.2008,29.4373],[81.1936,29.4435],[81.1863,29.4431],[81.1817,29.4463],[81.1804,29.4457],[81.1766,29.4476],[81.1726,29.4476],[81.1694,29.4453],[81.1651,29.4486],[81.1647,29.4514],[81.1614,29.4555],[81.1557,29.4539],[81.1524,29.4545],[81.1457,29.463],[81.145,29.4655],[81.14,29.4695],[81.1381,29.4735],[81.1281,29.478],[81.1289,29.4852],[81.1301,29.4855],[81.1303,29.4879],[81.1331,29.4892],[81.1336,29.4912],[81.1311,29.4985],[81.1334,29.5009],[81.1285,29.5034]]]}},{"type":"Feature","properties":{"name":"Puwa Khola","length_km":14,"rank":3},"geometry":{"type":"MultiLineString","coordinates":[[[87.9066,26.9202],[87.9093,26.9191],[87.9081,26.9154],[87.9118,26.9148],[87.911,26.9131],[87.9074,26.913]],[[87.9074,26.913],[87.9086,26.9088],[87.9104,26.9082],[87.9089,26.9043],[87.9113,26.9015],[87.9092,26.8992],[87.9126,26.8961],[87.9112,26.8948],[87.9127,26.8942],[87.9127,26.892],[87.9072,26.8892],[87.9094,26.886],[87.9074,26.8842],[87.9057,26.8849],[87.9063,26.8873],[87.9052,26.8876],[87.9028,26.8838],[87.9013,26.8843],[87.9013,26.8827],[87.8992,26.8838],[87.8935,26.8815],[87.8909,26.877],[87.8922,26.8746],[87.8916,26.8726]],[[87.8916,26.8726],[87.8936,26.8691],[87.9012,26.8676],[87.9023,26.8627],[87.9059,26.8633],[87.9052,26.8601],[87.9082,26.8587],[87.9097,26.8599],[87.9126,26.8594]]]}},{"type":"Feature","properties":{"name":"Jogbuda Nadi","length_km":14,"rank":3},"geometry":{"type":"MultiLineString","coordinates":[[[80.0595,28.9654],[80.0598,28.9572],[80.0611,28.9551],[80.0744,28.9549],[80.0776,28.9506],[80.0759,28.9442],[80.0766,28.9406],[80.0684,28.9366],[80.07,28.9342],[80.0685,28.9288],[80.0703,28.9161],[80.0679,28.9135],[80.0587,28.9104],[80.0576,28.9088],[80.0581,28.9055],[80.0634,28.9022],[80.0636,28.8996],[80.0578,28.8985],[80.0547,28.8957],[80.0568,28.8894],[80.0673,28.8837]]]}},{"type":"Feature","properties":{"name":"Tama Koshi","length_km":14,"rank":3},"geometry":{"type":"MultiLineString","coordinates":[[[86.2135,27.9243],[86.2101,27.9173],[86.2108,27.9141],[86.2096,27.9095],[86.2115,27.9006],[86.2108,27.8994],[86.2194,27.892],[86.2237,27.8852],[86.2227,27.8854],[86.2206,27.8766],[86.2224,27.873],[86.2215,27.8599],[86.219,27.8488]],[[86.2136,27.9247],[86.2135,27.9243]],[[86.2199,27.9635],[86.2177,27.9614],[86.2182,27.9536],[86.2164,27.9488],[86.2123,27.9457],[86.2146,27.9287],[86.2136,27.9247]]]}},{"type":"Feature","properties":{"name":"Tartan Khola","length_km":14,"rank":3},"geometry":{"type":"MultiLineString","coordinates":[[[82.9518,29.3856],[82.9369,29.397],[82.9369,29.399],[82.9336,29.402],[82.932,29.4056],[82.9229,29.4144],[82.916,29.4185],[82.9135,29.4217],[82.9073,29.4216],[82.9043,29.4233],[82.9028,29.4267],[82.8985,29.4293],[82.8961,29.4327],[82.8958,29.438],[82.8935,29.4401]],[[82.9646,29.3527],[82.9614,29.3594],[82.9619,29.3636],[82.9589,29.3698],[82.9591,29.3763],[82.9563,29.3823],[82.9518,29.3856]]]}},{"type":"Feature","properties":{"name":"Chandrawati Khola","length_km":14,"rank":3},"geometry":{"type":"MultiLineString","coordinates":[[[85.9982,27.6692],[86.0005,27.6677],[86.0003,27.6656],[86.0032,27.6657],[86.006,27.6639],[86.0119,27.6559],[86.0148,27.6559],[86.0162,27.6535],[86.0208,27.6516],[86.0262,27.6447],[86.026,27.6429],[86.0273,27.6427],[86.0297,27.6392],[86.032,27.6392],[86.0327,27.6367],[86.0354,27.6352],[86.0353,27.6324],[86.0379,27.635],[86.0392,27.6316],[86.0421,27.6306],[86.0409,27.6277],[86.0481,27.6272],[86.0567,27.6213],[86.0573,27.6194],[86.0595,27.621],[86.0598,27.618],[86.0628,27.6197],[86.0643,27.6182],[86.0662,27.6191],[86.0689,27.6173],[86.0677,27.6158],[86.0683,27.6149],[86.0712,27.6139],[86.0724,27.6167],[86.0755,27.6131]]]}},{"type":"Feature","properties":{"name":"Manohara Nadi","length_km":14,"rank":3,"name_ne":"हनुमन्ते नदी"},"geometry":{"type":"MultiLineString","coordinates":[[[85.352,27.6681],[85.3478,27.6688],[85.3333,27.6786]],[[85.4284,27.7252],[85.4245,27.7248],[85.4225,27.7223],[85.4184,27.7207],[85.4113,27.7141],[85.4116,27.712],[85.4069,27.7107],[85.4043,27.7071],[85.4009,27.7063]],[[85.4009,27.7063],[85.3987,27.7058],[85.3981,27.7028],[85.3959,27.7039],[85.3922,27.7032],[85.3901,27.6981],[85.3914,27.6967],[85.3892,27.6952],[85.3855,27.6956],[85.3759,27.6931],[85.3662,27.6877],[85.3611,27.6823],[85.3561,27.6813],[85.355,27.6741],[85.352,27.6681]]]}},{"type":"Feature","properties":{"name":"Bestada Khola","length_km":14,"rank":3},"geometry":{"type":"MultiLineString","coordinates":[[[81.836,28.7852],[81.8331,28.7879],[81.8231,28.7864],[81.8215,28.784],[81.815,28.7849],[81.8093,28.7833],[81.8074,28.7855],[81.8047,28.7852],[81.8022,28.7872],[81.7986,28.7873],[81.798,28.7898],[81.7954,28.7915],[81.7927,28.7913],[81.7897,28.7955],[81.787,28.7938],[81.7861,28.7984],[81.7823,28.7992],[81.7809,28.8021],[81.7782,28.804],[81.7756,28.8035],[81.7744,28.8073],[81.7708,28.8062],[81.7687,28.8079],[81.7565,28.8109],[81.7542,28.813],[81.7512,28.8092],[81.7458,28.8132],[81.7438,28.8116],[81.7411,28.8131],[81.7381,28.8095],[81.7357,28.8132]]]}},{"type":"Feature","properties":{"name":"Shirsha gaad","length_km":14,"rank":3},"geometry":{"type":"MultiLineString","coordinates":[[[80.3481,29.1732],[80.3464,29.1685],[80.3437,29.1675],[80.3403,29.1671],[80.3397,29.1693],[80.3344,29.1671],[80.3336,29.1692],[80.3298,29.1687],[80.3302,29.1718],[80.3242,29.172],[80.3204,29.1797],[80.3185,29.1789],[80.3194,29.1772],[80.3178,29.1763],[80.3141,29.1779],[80.3154,29.1797],[80.3149,29.1816],[80.312,29.182],[80.3114,29.1801],[80.3097,29.1811],[80.3096,29.186],[80.3142,29.1886],[80.3137,29.1904],[80.3101,29.189],[80.3113,29.1917],[80.3053,29.1938],[80.3025,29.1886],[80.3027,29.1867],[80.2982,29.1827],[80.2942,29.1858],[80.2905,29.1852],[80.2899,29.1891],[80.2879,29.1912],[80.2887,29.1929],[80.2855,29.1947],[80.2855,29.1961]]]}},{"type":"Feature","properties":{"name":"Tinkar Khola","length_km":14,"rank":3,"name_ne":"टिंकर खोला"},"geometry":{"type":"MultiLineString","coordinates":[[[80.9972,30.1336],[80.9965,30.1347],[80.9918,30.1352],[80.9841,30.1329],[80.9742,30.1323],[80.9652,30.1343],[80.9611,30.1334],[80.9541,30.1283],[80.9452,30.1286],[80.9425,30.127],[80.9387,30.1281],[80.934,30.1272],[80.9234,30.1302],[80.9155,30.1305]],[[80.9155,30.1305],[80.9129,30.1298],[80.9057,30.1241],[80.8896,30.1232]],[[80.8896,30.1232],[80.8855,30.1225],[80.88,30.1255],[80.8747,30.125],[80.8724,30.1259]]]}},{"type":"Feature","properties":{"name":"Yulun Khola","length_km":14,"rank":3},"geometry":{"type":"MultiLineString","coordinates":[[[82.8007,29.2074],[82.8046,29.2062],[82.8156,29.2081],[82.8305,29.2063],[82.8359,29.2019],[82.8426,29.1911],[82.8537,29.1848],[82.8605,29.1773],[82.8621,29.1733],[82.8674,29.1671],[82.8714,29.1649],[82.8722,29.1597],[82.8739,29.1585],[82.8752,29.1536],[82.8772,29.1523],[82.8783,29.1469],[82.8896,29.137],[82.8933,29.1358]]]}},{"type":"Feature","properties":{"name":"Majaba Khola","length_km":14,"rank":3},"geometry":{"type":"MultiLineString","coordinates":[[[83.0086,29.0715],[82.9974,29.0678],[82.9954,29.0661],[82.9923,29.0617],[82.9923,29.0598],[82.9866,29.0541],[82.9856,29.0514],[82.9812,29.0482],[82.978,29.0419],[82.9728,29.0369],[82.9675,29.0346],[82.9549,29.0324],[82.9474,29.0349],[82.9426,29.0381],[82.9359,29.0384],[82.933,29.0379],[82.9295,29.0352],[82.9249,29.0359],[82.9159,29.0398],[82.911,29.0437],[82.904,29.0412],[82.9038,29.0398]]]}},{"type":"Feature","properties":{"name":"Rolwaling Kosi","length_km":14,"rank":3},"geometry":{"type":"MultiLineString","coordinates":[[[86.3421,27.9028],[86.3393,27.9034],[86.3277,27.9018],[86.3163,27.9029],[86.3128,27.9044],[86.3071,27.9033],[86.2934,27.9052],[86.289,27.9044],[86.2856,27.9022],[86.2782,27.9036]],[[86.2782,27.9036],[86.2708,27.9024],[86.2687,27.8987],[86.2621,27.8935],[86.2521,27.8913],[86.2478,27.8875],[86.2392,27.8851],[86.2343,27.8803],[86.2297,27.88],[86.2291,27.8785],[86.2224,27.8821]]]}},{"type":"Feature","properties":{"name":"Tinau River (Tilottama)","length_km":14,"rank":3},"geometry":{"type":"MultiLineString","coordinates":[[[83.451,27.6662],[83.4488,27.6465],[83.4351,27.6255],[83.432,27.613],[83.4239,27.6058],[83.422,27.592],[83.4203,27.5894],[83.4188,27.5803],[83.4159,27.5751],[83.4161,27.5695],[83.4146,27.5672],[83.416,27.5635],[83.4224,27.5616],[83.4254,27.5551]]]}},{"type":"Feature","properties":{"name":"Kulekhani","length_km":15,"rank":3},"geometry":{"type":"MultiLineString","coordinates":[[[85.1571,27.5895],[85.1552,27.5836],[85.1579,27.5798],[85.1615,27.5798],[85.1602,27.5758],[85.1611,27.5748],[85.1648,27.5745],[85.1628,27.5766],[85.1632,27.5778],[85.1668,27.577],[85.1673,27.5745],[85.1708,27.5771],[85.1743,27.575],[85.1766,27.575],[85.1812,27.579],[85.1835,27.5761],[85.1865,27.5753],[85.1916,27.5761],[85.1947,27.5721],[85.1996,27.5728],[85.2002,27.5709],[85.2026,27.5697],[85.2,27.5655],[85.2032,27.564],[85.2045,27.5607],[85.209,27.558],[85.21,27.5559],[85.2143,27.5584],[85.2163,27.5571],[85.2178,27.5533],[85.2271,27.5518],[85.231,27.5448],[85.2264,27.5395],[85.2282,27.5376],[85.2316,27.5365]]]}},{"type":"Feature","properties":{"name":"Ziddi Khola","length_km":15,"rank":3},"geometry":{"type":"MultiLineString","coordinates":[[[84.0003,27.9882],[84.0035,27.9849],[84.005,27.9861],[84.0081,27.9856],[84.0096,27.9874],[84.0113,27.9862],[84.0136,27.9865],[84.0221,27.9808],[84.0295,27.9822]],[[84.0302,27.9826],[84.0341,27.9849],[84.0331,27.9874],[84.0346,27.9898],[84.0399,27.9929],[84.0452,27.9909],[84.0518,27.9926],[84.0535,27.9911],[84.0506,27.9886],[84.0462,27.9885],[84.0464,27.9825],[84.0486,27.9819],[84.0523,27.9832],[84.0528,27.9818],[84.055,27.9828],[84.0602,27.9819],[84.0636,27.9794],[84.0694,27.9798],[84.0687,27.9779],[84.0745,27.9733],[84.0771,27.975],[84.0787,27.9732],[84.0804,27.9734],[84.0844,27.9768],[84.0899,27.9736],[84.0928,27.9737]]]}},{"type":"Feature","properties":{"name":"Pailia khola","length_km":15,"rank":3},"geometry":{"type":"MultiLineString","coordinates":[[[88.1433,26.6935],[88.1461,26.6899],[88.1445,26.6885],[88.1455,26.686],[88.1439,26.6807],[88.1422,26.679],[88.1433,26.6762],[88.1376,26.6699],[88.1375,26.6683],[88.1392,26.6671],[88.1393,26.6623],[88.1361,26.6593],[88.137,26.6509],[88.1348,26.6472],[88.1375,26.6443],[88.1399,26.6446],[88.1408,26.6436],[88.1392,26.6394],[88.1375,26.6381],[88.1389,26.6361],[88.1354,26.6316],[88.1318,26.6304],[88.1297,26.6263],[88.13,26.6232],[88.128,26.6232],[88.1283,26.6214],[88.1271,26.6209],[88.1281,26.6179],[88.1264,26.6151],[88.1294,26.6138],[88.1273,26.6132],[88.1242,26.6097],[88.1289,26.6078],[88.1265,26.6066],[88.1268,26.6049],[88.1249,26.6047],[88.1265,26.6013],[88.1254,26.5982]]]}},{"type":"Feature","properties":{"name":"Sano Bheri Nadi","length_km":15,"rank":3},"geometry":{"type":"MultiLineString","coordinates":[[[82.6926,28.6746],[82.6861,28.6775],[82.6805,28.6772],[82.6644,28.6704],[82.6639,28.6634],[82.662,28.6597],[82.6515,28.6547],[82.6437,28.6467],[82.6405,28.6461],[82.6382,28.6441],[82.6371,28.6419],[82.6386,28.6355],[82.636,28.6336],[82.6246,28.6336],[82.6211,28.6315],[82.6162,28.6307],[82.6145,28.629],[82.6041,28.6285],[82.6016,28.6295],[82.5963,28.6279],[82.5915,28.6294],[82.5887,28.6281],[82.5806,28.63],[82.5741,28.6339]]]}},{"type":"Feature","properties":{"name":"Lurupya Khola","length_km":15,"rank":3},"geometry":{"type":"MultiLineString","coordinates":[[[82.0618,29.9317],[82.053,29.9308],[82.0501,29.9317],[82.0469,29.9305],[82.0421,29.9318],[82.0319,29.931],[82.0285,29.9321],[82.0058,29.9271],[82.0004,29.9289],[81.9884,29.9295],[81.9694,29.9364],[81.9655,29.9356],[81.9611,29.9369],[81.9585,29.9395],[81.9485,29.9441],[81.9453,29.9437],[81.9437,29.9452],[81.9332,29.9477],[81.9271,29.9531]]]}},{"type":"Feature","properties":{"name":"Kaila Khola","length_km":15,"rank":3},"geometry":{"type":"MultiLineString","coordinates":[[[83.1394,27.7698],[83.1393,27.7678],[83.1375,27.7668],[83.1307,27.7561],[83.1295,27.7443],[83.1254,27.7385],[83.1276,27.7331],[83.1262,27.7291],[83.1285,27.7268],[83.1274,27.7252],[83.1281,27.7229],[83.1257,27.7202],[83.1259,27.7138],[83.1234,27.7114],[83.1248,27.7099],[83.1222,27.7087],[83.1225,27.7044],[83.1192,27.7018],[83.1198,27.6987],[83.1175,27.6964],[83.1188,27.6945],[83.1176,27.6904],[83.1126,27.6853],[83.1155,27.683],[83.1203,27.684],[83.1219,27.6828],[83.1214,27.6804],[83.1152,27.6799],[83.1105,27.6748],[83.1158,27.6737],[83.1168,27.6717],[83.1157,27.6703]]]}},{"type":"Feature","properties":{"name":"Katuwa River","length_km":15,"rank":3,"name_ne":"कटुवा खोला"},"geometry":{"type":"MultiLineString","coordinates":[[[82.5271,28.0636],[82.5242,28.0618],[82.5258,28.0599],[82.5214,28.0568],[82.5176,28.0512],[82.5148,28.0508],[82.5112,28.0473],[82.496,28.044],[82.4961,28.0421],[82.4933,28.0399],[82.4927,28.0369],[82.4952,28.0277],[82.4925,28.0276],[82.4914,28.0245],[82.4893,28.0233],[82.4858,28.0236],[82.4822,28.0167],[82.4795,28.015],[82.4788,28.0094],[82.4746,28.0069],[82.4764,28.0042],[82.4751,28.0021],[82.4718,28.0005],[82.471,27.9984],[82.4732,27.9945],[82.4728,27.9917],[82.4704,27.9897],[82.4707,27.9871],[82.4678,27.9846],[82.4593,27.9832],[82.458,27.9811],[82.4581,27.9778]]]}},{"type":"Feature","properties":{"name":"Jogmai Khola","length_km":15,"rank":3},"geometry":{"type":"MultiLineString","coordinates":[[[88.0561,26.9251],[88.0541,26.9236],[88.0555,26.9222],[88.053,26.9233],[88.0513,26.9193],[88.0478,26.9204],[88.0466,26.9175],[88.0438,26.9176],[88.0425,26.9162],[88.0345,26.9154],[88.0314,26.9174],[88.032,26.9146],[88.0301,26.9144],[88.0299,26.9168],[88.0281,26.9168],[88.0271,26.9161],[88.0274,26.914],[88.026,26.9134],[88.0248,26.914],[88.0249,26.9163],[88.0235,26.9163],[88.015,26.9112],[88.0081,26.9053],[88.0036,26.9047],[87.9954,26.8972],[87.9908,26.8981],[87.9808,26.8962],[87.9774,26.8935],[87.9695,26.8924],[87.9641,26.8878],[87.9619,26.888],[87.9611,26.8901],[87.9583,26.8904],[87.9519,26.8887]]]}},{"type":"Feature","properties":{"name":"Yangri Khola","length_km":15,"rank":3},"geometry":{"type":"MultiLineString","coordinates":[[[85.5954,28.075],[85.5971,28.0664],[85.5946,28.0646],[85.5952,28.0621],[85.5969,28.061],[85.5974,28.0552],[85.5992,28.0512],[85.5962,28.0402],[85.5938,28.0374],[85.5925,28.029],[85.5984,28.021],[85.5985,28.016],[85.6025,28.0136],[85.6022,28.0114],[85.6058,28.006],[85.6082,28.0056],[85.6113,28.0025],[85.6163,28.0022],[85.6192,28.0004],[85.6246,27.9927]],[[85.6246,27.9927],[85.6269,27.9897],[85.627,27.9875],[85.6306,27.9838],[85.6326,27.9767],[85.6366,27.9736]]]}},{"type":"Feature","properties":{"name":"Ankhu Khola","length_km":15,"rank":3},"geometry":{"type":"MultiLineString","coordinates":[[[85.0713,28.1911],[85.0675,28.1833],[85.0633,28.1811],[85.0624,28.1784],[85.0583,28.1745],[85.0508,28.1703],[85.0478,28.1637],[85.0454,28.1631],[85.0425,28.1518],[85.0435,28.1502],[85.0403,28.1415],[85.0367,28.1405],[85.0321,28.1368],[85.0282,28.1376],[85.0253,28.1348],[85.025,28.1324],[85.023,28.1323],[85.0197,28.128],[85.018,28.1279],[85.0177,28.1262],[85.0098,28.12],[85.0071,28.1068],[85.0106,28.0947],[85.0082,28.0878]]]}},{"type":"Feature","properties":{"name":"Jagadulla River","length_km":15,"rank":3},"geometry":{"type":"MultiLineString","coordinates":[[[82.5297,29.0643],[82.5447,29.0566],[82.552,29.0564],[82.5682,29.0603],[82.5705,29.0593],[82.5708,29.0568],[82.573,29.0543],[82.5721,29.0496],[82.5662,29.0479],[82.5637,29.0424],[82.5609,29.0406],[82.559,29.0331],[82.5573,29.0317],[82.5628,29.0242],[82.5635,29.0144],[82.5694,29.0091],[82.5793,29.004],[82.5808,28.9991],[82.5792,28.9961],[82.5811,28.9924],[82.5808,28.9907],[82.5782,28.9894]]]}},{"type":"Feature","properties":{"name":"Chhalli Khola","length_km":15,"rank":3},"geometry":{"type":"MultiLineString","coordinates":[[[83.1387,28.1626],[83.1447,28.161],[83.1465,28.1541],[83.1523,28.1483],[83.1574,28.1397],[83.1562,28.1383],[83.16,28.1352],[83.1598,28.1319],[83.1645,28.1303],[83.1595,28.1283],[83.1634,28.1253],[83.1657,28.1261],[83.1704,28.125],[83.1735,28.1276],[83.1749,28.126],[83.1823,28.1236],[83.1837,28.1199],[83.185,28.1194],[83.1899,28.1201],[83.1975,28.1238],[83.2019,28.1235],[83.2094,28.1281],[83.2157,28.1267],[83.2211,28.1283],[83.2233,28.1266],[83.2229,28.1247],[83.2247,28.1223],[83.2286,28.1199],[83.2331,28.1149]]]}},{"type":"Feature","properties":{"name":"Piluwa Khola","length_km":15,"rank":3},"geometry":{"type":"MultiLineString","coordinates":[[[87.2806,27.2464],[87.2775,27.2451],[87.2765,27.242],[87.2723,27.242],[87.271,27.2399],[87.2683,27.2405],[87.2671,27.2392],[87.2655,27.2401],[87.265,27.2356],[87.2624,27.2364],[87.2629,27.2338],[87.2592,27.232],[87.2576,27.2288],[87.2555,27.2291],[87.2533,27.227],[87.2509,27.2269],[87.2505,27.2245]],[[87.3052,27.2547],[87.304,27.2528],[87.3005,27.2542],[87.2963,27.2509],[87.2937,27.2503],[87.2935,27.2517],[87.2922,27.2518],[87.2915,27.2478],[87.289,27.248],[87.2887,27.2456],[87.2853,27.2472],[87.2814,27.2464]],[[87.324,27.2675],[87.3198,27.2663],[87.3171,27.2637],[87.3165,27.2613],[87.3107,27.2606],[87.3064,27.2582],[87.3052,27.2547]],[[87.2814,27.2464],[87.2806,27.2464]],[[87.2505,27.2245],[87.2479,27.2228],[87.2502,27.2206],[87.2501,27.219],[87.2484,27.2181],[87.2437,27.2204],[87.2424,27.2163],[87.238,27.2114]]]}},{"type":"Feature","properties":{"name":"Khakrahawa Khola","length_km":15,"rank":3},"geometry":{"type":"MultiLineString","coordinates":[[[82.4654,27.6965],[82.461,27.6919],[82.4613,27.6894],[82.4576,27.6833],[82.4581,27.6731],[82.4622,27.6668],[82.4603,27.6624],[82.4618,27.6609],[82.4607,27.6565],[82.4621,27.6549],[82.4597,27.6515],[82.4602,27.6486],[82.4618,27.6472],[82.4601,27.6469],[82.461,27.6438],[82.4589,27.6441],[82.459,27.6417],[82.4567,27.6404],[82.4579,27.6382],[82.456,27.6363],[82.4579,27.6356],[82.4577,27.6371],[82.4586,27.637],[82.4574,27.6322],[82.4583,27.6334],[82.4621,27.632],[82.4613,27.6295],[82.4624,27.6264],[82.4637,27.6265],[82.4645,27.6226],[82.4617,27.6208],[82.4647,27.6176],[82.4644,27.6152],[82.4665,27.6156],[82.4652,27.6141],[82.4671,27.6116],[82.4657,27.6112],[82.4665,27.6094],[82.4655,27.6077],[82.4665,27.6067]]]}},{"type":"Feature","properties":{"name":"Bishnumati River","length_km":16,"rank":3,"name_ne":"विष्णुमती"},"geometry":{"type":"MultiLineString","coordinates":[[[85.3557,27.7816],[85.3526,27.7748],[85.3492,27.7736],[85.3461,27.7742],[85.3443,27.7717],[85.3415,27.7709],[85.3406,27.7664],[85.3389,27.7658],[85.3337,27.7571],[85.3281,27.7568],[85.327,27.7534],[85.3234,27.7525],[85.322,27.7443],[85.3195,27.7453],[85.3153,27.7446],[85.3143,27.7423],[85.31,27.7388]],[[85.3001,27.7449],[85.3005,27.7411],[85.3079,27.7406],[85.31,27.7388]],[[85.3028,27.7002],[85.2997,27.6935],[85.3023,27.6915]],[[85.31,27.7388],[85.3073,27.736],[85.3063,27.7267],[85.2997,27.7205],[85.2994,27.718],[85.3019,27.7148],[85.3026,27.7102]],[[85.3022,27.7069],[85.3028,27.7002]],[[85.3023,27.7072],[85.3022,27.7069]],[[85.3026,27.7102],[85.3023,27.7072]]]}},{"type":"Feature","properties":{"name":"Sirsiya","length_km":16,"rank":3},"geometry":{"type":"MultiLineString","coordinates":[[[84.8675,27.0182],[84.8645,27.0176],[84.8622,27.0137],[84.8591,27.0146],[84.8566,27.0117],[84.8583,27.01],[84.8544,27.0084],[84.8545,27.0063],[84.8525,27.006],[84.8508,27.0028],[84.8524,27.0012],[84.8511,27.0007],[84.8503,26.9979],[84.8518,26.9987],[84.853,26.9978],[84.8534,26.9992],[84.8549,26.998],[84.857,26.9987],[84.8574,26.9973],[84.8554,26.9961],[84.8581,26.9958],[84.8571,26.9957],[84.8579,26.9943],[84.8567,26.9913],[84.8576,26.9902],[84.8553,26.9887],[84.8552,26.9856],[84.858,26.9869],[84.8571,26.9887],[84.8579,26.9896],[84.8606,26.9862],[84.8603,26.984],[84.8582,26.9851],[84.8556,26.9818],[84.8574,26.9801],[84.8558,26.9791],[84.8565,26.9779],[84.854,26.9786],[84.8526,26.9776],[84.8527,26.9758],[84.851,26.9748],[84.848,26.9662],[84.8496,26.9631],[84.8509,26.963],[84.8534,26.956],[84.8534,26.9544],[84.8516,26.9554],[84.853,26.9532],[84.8515,26.9508],[84.8536,26.9505],[84.8543,26.9488],[84.8561,26.951],[84.8568,26.9493]]]}},{"type":"Feature","properties":{"name":"Jharsang Khola","length_km":16,"rank":3},"geometry":{"type":"MultiLineString","coordinates":[[[83.9741,28.784],[83.9757,28.7762],[83.9697,28.7706],[83.9663,28.7623],[83.9706,28.7367],[83.9669,28.7284],[83.9736,28.7199]],[[83.9736,28.7199],[83.9758,28.7108],[83.9787,28.7053],[83.9823,28.7017],[83.9849,28.6904],[83.9885,28.6858],[83.9913,28.6851],[83.9914,28.6834],[83.9934,28.6834],[83.9952,28.6807],[83.998,28.6797],[83.9971,28.6778],[84.0009,28.6711],[84.0067,28.6694]]]}},{"type":"Feature","properties":{"name":"Kaligandaki river","length_km":16,"rank":3},"geometry":{"type":"MultiLineString","coordinates":[[[83.8954,27.9659],[83.8917,27.9636],[83.8907,27.9614],[83.8823,27.9604],[83.8763,27.957],[83.8792,27.9538],[83.8773,27.9535],[83.8789,27.9519],[83.8786,27.9498],[83.8752,27.9479],[83.8725,27.9421],[83.8684,27.941],[83.8686,27.938],[83.8601,27.9386],[83.858,27.9353],[83.8631,27.9339],[83.8622,27.9327],[83.8627,27.9308],[83.8611,27.9311],[83.86,27.9289],[83.8609,27.9277],[83.8591,27.9223],[83.8561,27.92],[83.8514,27.9197],[83.8498,27.9183],[83.8509,27.9169],[83.85,27.9105],[83.8481,27.9088],[83.8487,27.9073],[83.8515,27.9069],[83.8543,27.9033],[83.8655,27.9024],[83.8675,27.8984],[83.8695,27.8975],[83.8708,27.8921],[83.8769,27.8885]]]}},{"type":"Feature","properties":{"name":"Dande River","length_km":16,"rank":3},"geometry":{"type":"MultiLineString","coordinates":[[[83.4542,27.4824],[83.4528,27.4832],[83.4521,27.4817],[83.4503,27.4829],[83.451,27.4812],[83.4494,27.4812],[83.4498,27.4793],[83.4478,27.4794],[83.4479,27.4777],[83.4464,27.479],[83.4446,27.4754],[83.4403,27.4754],[83.4392,27.4715],[83.4347,27.4727],[83.4322,27.4709],[83.4328,27.4695],[83.4241,27.469],[83.4242,27.4676],[83.4198,27.4664],[83.42,27.4646],[83.4174,27.4647],[83.4149,27.4616],[83.4116,27.4607],[83.4117,27.4594],[83.4147,27.458],[83.4155,27.4537],[83.4146,27.452],[83.4174,27.4486],[83.4163,27.4449],[83.4117,27.4437],[83.4078,27.4355],[83.4011,27.4375],[83.3962,27.4356],[83.3949,27.4323],[83.4017,27.4268],[83.4079,27.4247],[83.4066,27.4208],[83.4089,27.417],[83.4071,27.4154]]]}},{"type":"Feature","properties":{"name":"Cha-Khola","length_km":16,"rank":3},"geometry":{"type":"MultiLineString","coordinates":[[[85.6164,27.7056],[85.6163,27.7005],[85.6202,27.6969],[85.6187,27.6941],[85.6214,27.6934],[85.6268,27.6833],[85.629,27.6813],[85.6274,27.6803],[85.6277,27.6778],[85.63,27.6763],[85.6314,27.6734],[85.635,27.6728],[85.6353,27.67],[85.64,27.6649],[85.6413,27.6648],[85.6412,27.6662],[85.6454,27.6654],[85.6492,27.6665],[85.6496,27.665],[85.651,27.6655],[85.656,27.6625],[85.6565,27.6609],[85.662,27.6593],[85.6614,27.6568],[85.6692,27.655],[85.6723,27.6519],[85.6782,27.6509],[85.6792,27.6494],[85.6834,27.6499],[85.6844,27.6486],[85.6855,27.6514],[85.687,27.6492],[85.6914,27.6478],[85.695,27.6488],[85.7017,27.6462],[85.7061,27.6398]]]}},{"type":"Feature","properties":{"name":"Jamuni Nadi","length_km":16,"rank":3},"geometry":{"type":"MultiLineString","coordinates":[[[85.1416,27.0558],[85.1443,27.05],[85.1423,27.0481],[85.1428,27.0469],[85.1393,27.0445],[85.1394,27.0406],[85.1376,27.0393],[85.1382,27.0384],[85.1371,27.0383],[85.1377,27.0375],[85.1362,27.0367],[85.1359,27.0348],[85.1341,27.0348],[85.1335,27.0325],[85.1318,27.032],[85.1327,27.031],[85.1298,27.0307],[85.1303,27.029],[85.1284,27.0286],[85.1311,27.0277],[85.1313,27.0239],[85.1327,27.0246],[85.1335,27.023],[85.1324,27.0225],[85.1359,27.0207],[85.136,27.0182],[85.1374,27.0188],[85.137,27.0171],[85.1352,27.0176],[85.1336,27.0164],[85.138,27.0157],[85.1378,27.0095],[85.1392,27.0092],[85.1381,27.0077],[85.139,27.0067],[85.1372,27.0069],[85.1375,27.0047],[85.1358,27.004],[85.1381,27.0037],[85.1368,27.0031],[85.1383,27.0014],[85.1373,26.9997],[85.1392,26.998],[85.1404,26.9989],[85.1425,26.9976],[85.1406,26.9962],[85.1416,26.9947],[85.1376,26.9949],[85.1383,26.9929],[85.1366,26.9932],[85.135,26.9887]],[[85.1364,26.9918],[85.1348,26.9902]],[[85.1367,26.9922],[85.1381,26.9911],[85.1364,26.9917]]]}},{"type":"Feature","properties":{"name":"Sama Khola","length_km":16,"rank":3},"geometry":{"type":"MultiLineString","coordinates":[[[82.3258,29.0184],[82.3239,29.0176],[82.3227,29.0145],[82.3275,29.0104],[82.3279,29.0047],[82.3301,29.0019],[82.3292,28.9969],[82.3314,28.9945],[82.3301,28.9933],[82.3316,28.9911],[82.33,28.9885],[82.3304,28.9841],[82.3289,28.9804],[82.3313,28.9784],[82.3325,28.9706],[82.33,28.9672],[82.3303,28.9627],[82.3256,28.9595],[82.3204,28.9595],[82.3204,28.9557],[82.3158,28.9498],[82.3155,28.9421],[82.3094,28.9349],[82.3087,28.932],[82.3044,28.9262],[82.2962,28.9258],[82.2861,28.9346],[82.2803,28.9329],[82.277,28.9294]]]}},{"type":"Feature","properties":{"name":"Dobhan Khola","length_km":16,"rank":3},"geometry":{"type":"MultiLineString","coordinates":[[[83.4517,27.7546],[83.4551,27.7501],[83.4613,27.7493],[83.4611,27.7451]],[[83.3539,27.7857],[83.3563,27.7822],[83.363,27.781],[83.3655,27.779],[83.3653,27.777],[83.3672,27.7769],[83.3682,27.7787],[83.369,27.7751],[83.3722,27.7721],[83.3726,27.7702],[83.3767,27.7672],[83.3788,27.7678],[83.3799,27.7697],[83.382,27.7685],[83.3829,27.7656],[83.3845,27.7667],[83.3881,27.7655],[83.3937,27.7659],[83.4011,27.7682],[83.4032,27.7658],[83.4064,27.7691],[83.41,27.7662],[83.4171,27.7657],[83.4238,27.7633],[83.4285,27.7651],[83.4307,27.7622],[83.4327,27.7647],[83.4349,27.7654],[83.4392,27.7621],[83.4455,27.7635],[83.4454,27.7604],[83.4517,27.7546]]]}},{"type":"Feature","properties":{"name":"Samri Khola","length_km":16,"rank":3},"geometry":{"type":"MultiLineString","coordinates":[[[85.1357,27.4482],[85.1345,27.4425],[85.1369,27.441],[85.1349,27.4335],[85.1327,27.4314],[85.1332,27.4271],[85.1318,27.4228],[85.1337,27.4176],[85.1163,27.4123],[85.1131,27.4131],[85.1067,27.4177],[85.0984,27.4287],[85.0934,27.4328],[85.085,27.4361],[85.0809,27.4395],[85.0679,27.4408],[85.0661,27.4477],[85.0668,27.4513],[85.0598,27.4517],[85.0423,27.4569],[85.0406,27.4558]],[[85.0445,27.4559],[85.0409,27.4551]]]}},{"type":"Feature","properties":{"name":"Thula Khola","length_km":16,"rank":3},"geometry":{"type":"MultiLineString","coordinates":[[[83.5176,28.6506],[83.5242,28.6458],[83.5301,28.6344],[83.5272,28.6193],[83.5245,28.6158],[83.5243,28.6097],[83.5226,28.6066],[83.5236,28.5991],[83.531,28.586],[83.5379,28.5799],[83.5376,28.5777],[83.5356,28.576],[83.5351,28.5685],[83.5301,28.563],[83.5272,28.5565],[83.5222,28.5523],[83.5171,28.5433],[83.5128,28.5301]]]}},{"type":"Feature","properties":{"name":"Dharam Khola","length_km":16,"rank":3},"geometry":{"type":"MultiLineString","coordinates":[[[83.316,28.3398],[83.3188,28.345],[83.3248,28.3503],[83.3384,28.3535],[83.347,28.3528],[83.351,28.355],[83.3537,28.3547],[83.3678,28.3435],[83.3733,28.3351],[83.3765,28.3343],[83.3781,28.3315],[83.381,28.3305],[83.383,28.328],[83.384,28.3288],[83.3883,28.3277],[83.3915,28.3253],[83.4025,28.3228],[83.4089,28.3186],[83.4112,28.3149],[83.4101,28.311],[83.4111,28.3073],[83.4096,28.3022],[83.4109,28.3006],[83.4099,28.2979],[83.4139,28.2928],[83.4133,28.2908],[83.4171,28.2864]]]}},{"type":"Feature","properties":{"name":"Medokchheje Khola","length_km":16,"rank":3},"geometry":{"type":"MultiLineString","coordinates":[[[87.5787,27.7605],[87.5749,27.762],[87.5622,27.7625],[87.557,27.7616],[87.552,27.7576],[87.5483,27.7572],[87.5438,27.7578],[87.5388,27.7603],[87.5335,27.76],[87.529,27.7581],[87.5249,27.7582],[87.5219,27.755],[87.5148,27.7535],[87.4994,27.7439],[87.4975,27.7448],[87.4983,27.7468],[87.495,27.7492],[87.4933,27.7495],[87.4895,27.7468],[87.4883,27.7482],[87.4896,27.7518],[87.4851,27.753],[87.4823,27.7556],[87.4695,27.7563],[87.4675,27.758],[87.4642,27.7569],[87.459,27.7603],[87.4529,27.7614],[87.4457,27.7652]]]}},{"type":"Feature","properties":{"name":"Bhamake Khola","length_km":16,"rank":3,"name_ne":"भमके खोला"},"geometry":{"type":"MultiLineString","coordinates":[[[82.2622,28.2282],[82.2629,28.2231],[82.2615,28.2191],[82.2653,28.2146],[82.2665,28.2082],[82.2698,28.2062],[82.2687,28.2051],[82.2701,28.2035],[82.2701,28.2004],[82.2672,28.1961],[82.2683,28.192],[82.2663,28.1849],[82.2677,28.1774],[82.2647,28.1721],[82.2647,28.1665],[82.2623,28.1581],[82.2576,28.1505],[82.258,28.1452],[82.2549,28.1332],[82.2559,28.1269],[82.2504,28.1131],[82.252,28.1081],[82.2449,28.1023]]]}},{"type":"Feature","properties":{"name":"Timai Khola","length_km":16,"rank":3},"geometry":{"type":"MultiLineString","coordinates":[[[88.0932,26.8026],[88.09,26.8004],[88.0898,26.797],[88.0868,26.7956],[88.0856,26.7916],[88.0767,26.7835],[88.0764,26.7754],[88.0712,26.7672],[88.0713,26.7588],[88.0772,26.75],[88.0794,26.7431],[88.0891,26.7346],[88.0984,26.7188],[88.1043,26.7073],[88.1073,26.6906],[88.1102,26.6847],[88.1136,26.6833],[88.116,26.6792]]]}},{"type":"Feature","properties":{"name":"Bakaiya River","length_km":16,"rank":3,"name_ne":"बाकल्य नदी"},"geometry":{"type":"MultiLineString","coordinates":[[[85.1041,27.3567],[85.1012,27.3535],[85.0997,27.3485],[85.1024,27.3437],[85.103,27.3376],[85.1015,27.3347],[85.1029,27.3329],[85.11,27.3325],[85.1148,27.3337],[85.1193,27.3319],[85.1301,27.3305],[85.1378,27.328],[85.1403,27.3247],[85.1421,27.3255],[85.1431,27.3303],[85.1474,27.3306],[85.1495,27.3293],[85.1502,27.3252],[85.1564,27.325],[85.1731,27.3192],[85.1765,27.3159],[85.1831,27.3136],[85.1887,27.3066],[85.1947,27.3062],[85.1985,27.3023],[85.2011,27.3024],[85.2065,27.2993]]]}},{"type":"Feature","properties":{"name":"Koriya Khola","length_km":17,"rank":3},"geometry":{"type":"MultiLineString","coordinates":[[[86.642,26.735],[86.6402,26.7386],[86.6381,26.7362],[86.6355,26.7374],[86.6309,26.7361],[86.6306,26.7372],[86.632,26.7381],[86.6301,26.7397],[86.6311,26.7408],[86.6254,26.7428],[86.6193,26.7413],[86.6195,26.7372],[86.6131,26.7385],[86.6126,26.7408],[86.6086,26.7413],[86.6075,26.7372],[86.604,26.7357],[86.599,26.7363],[86.6009,26.74],[86.6,26.741],[86.5972,26.7403],[86.5946,26.7363],[86.5916,26.7361],[86.5885,26.74],[86.5837,26.7383],[86.5791,26.7425],[86.572,26.739],[86.5558,26.7424],[86.5383,26.7373],[86.5314,26.7369],[86.521,26.7402]]]}},{"type":"Feature","properties":{"name":"Tunu Khola","length_km":17,"rank":3},"geometry":{"type":"MultiLineString","coordinates":[[[84.0438,29.2872],[84.0386,29.2735],[84.0401,29.265],[84.0374,29.2556],[84.0412,29.2469],[84.04,29.2414],[84.0362,29.2364],[84.0362,29.2338],[84.0344,29.2308],[84.0317,29.2299],[84.0235,29.2204],[84.0183,29.2165],[84.0158,29.2117],[84.01,29.2073]],[[84.0056,29.2052],[83.9984,29.2007],[83.9946,29.1937],[83.9943,29.1857],[83.997,29.1808],[83.9918,29.1737],[83.9897,29.1675]],[[84.01,29.2073],[84.0072,29.205],[84.0056,29.2052]]]}},{"type":"Feature","properties":{"name":"Salimor Khola","length_km":17,"rank":3},"geometry":{"type":"MultiLineString","coordinates":[[[81.0867,29.9744],[81.0884,29.9652],[81.0855,29.9564],[81.0883,29.9533],[81.0892,29.9494],[81.0877,29.9354],[81.0929,29.9303],[81.0951,29.9257],[81.0975,29.9251],[81.1032,29.9184],[81.1081,29.9084],[81.1186,29.9075],[81.1251,29.9029],[81.1276,29.8938],[81.1341,29.8898],[81.1358,29.8878],[81.1352,29.8845],[81.1407,29.8795],[81.1431,29.878],[81.1464,29.8793],[81.1467,29.8809],[81.1509,29.8813],[81.159,29.8769],[81.1592,29.8743],[81.1616,29.8718],[81.1692,29.8707]]]}},{"type":"Feature","properties":{"name":"Sarre Khole","length_km":17,"rank":3},"geometry":{"type":"MultiLineString","coordinates":[[[86.4119,26.8716],[86.4155,26.8646],[86.4117,26.8583],[86.4134,26.853],[86.4119,26.8436],[86.4155,26.8397],[86.4132,26.8348],[86.416,26.8324],[86.418,26.825],[86.4169,26.823],[86.4225,26.8189],[86.4198,26.8134],[86.4152,26.8086],[86.4159,26.8029],[86.4207,26.7968],[86.4279,26.7913],[86.4333,26.7835],[86.4379,26.7818],[86.4437,26.7764],[86.4506,26.7654],[86.4559,26.7637],[86.4647,26.7631],[86.4697,26.7595]]]}},{"type":"Feature","properties":{"name":"Thalahi River","length_km":17,"rank":3},"geometry":{"type":"MultiLineString","coordinates":[[[85.0862,26.9778],[85.0812,26.9714],[85.0756,26.9741],[85.073,26.9723],[85.0724,26.9694],[85.0735,26.9682],[85.0722,26.9664],[85.0742,26.9657],[85.0745,26.9636],[85.077,26.9619],[85.0749,26.9558],[85.0725,26.9569],[85.0721,26.9591],[85.0697,26.9607],[85.0639,26.9635],[85.0628,26.9622],[85.064,26.9559],[85.0616,26.9539],[85.0644,26.9534],[85.0618,26.9484],[85.0641,26.9469],[85.0636,26.9452],[85.0605,26.9439],[85.0602,26.9408],[85.057,26.9401],[85.0591,26.9374],[85.0618,26.9377],[85.0634,26.9332],[85.0654,26.9319],[85.0637,26.9295],[85.0593,26.9312],[85.0594,26.9295],[85.0619,26.9292],[85.0633,26.9265],[85.0621,26.9235],[85.0628,26.9206],[85.0646,26.92],[85.0655,26.9214],[85.0666,26.921],[85.0666,26.9182],[85.0622,26.9173],[85.0623,26.9144],[85.0644,26.9132],[85.0651,26.9148],[85.0668,26.9141],[85.066,26.9117],[85.0639,26.9103]]]}},{"type":"Feature","properties":{"name":"Tap Khola","length_km":17,"rank":3},"geometry":{"type":"MultiLineString","coordinates":[[[86.8683,27.2604],[86.8676,27.263],[86.87,27.2665],[86.8683,27.2697],[86.8705,27.2723],[86.8717,27.2769],[86.8704,27.278],[86.8721,27.2833],[86.8716,27.2849],[86.8652,27.2875],[86.8645,27.3003],[86.8587,27.3025],[86.8516,27.3022],[86.8466,27.3039],[86.8379,27.3024],[86.828,27.3079],[86.8265,27.3074],[86.8245,27.3089],[86.8125,27.3118],[86.8086,27.3101],[86.8014,27.3103],[86.7973,27.3126],[86.7944,27.3121],[86.7942,27.3144],[86.781,27.3171],[86.7781,27.3201],[86.7764,27.3197],[86.7702,27.3223],[86.7689,27.3198],[86.7673,27.3226],[86.7639,27.3223]]]}},{"type":"Feature","properties":{"name":"Yari Khola","length_km":17,"rank":3},"geometry":{"type":"MultiLineString","coordinates":[[[81.3816,30.0864],[81.3836,30.086],[81.3851,30.0886],[81.3885,30.0896],[81.3921,30.093],[81.3972,30.0926],[81.4075,30.0981],[81.4096,30.0974],[81.416,30.0991],[81.4222,30.1035],[81.4362,30.104],[81.4398,30.1038],[81.4423,30.1019],[81.4508,30.0998],[81.4554,30.101],[81.4569,30.103],[81.4599,30.1027],[81.4664,30.1007],[81.4703,30.0973],[81.4774,30.0947],[81.4894,30.0959],[81.4924,30.0949],[81.4957,30.0892],[81.4974,30.0882],[81.5041,30.0887],[81.5053,30.087],[81.5126,30.0874],[81.5232,30.0832],[81.5234,30.0819],[81.526,30.0809]]]}},{"type":"Feature","properties":{"name":"Bagauna Khola","length_km":17,"rank":3},"geometry":{"type":"MultiLineString","coordinates":[[[82.6624,28.4495],[82.6617,28.4515],[82.6555,28.4529],[82.6476,28.4645],[82.6419,28.4678],[82.6347,28.4696],[82.6316,28.4685],[82.6242,28.4716],[82.6095,28.4708],[82.601,28.4725],[82.5934,28.4697],[82.5886,28.4717],[82.5825,28.4714],[82.5783,28.4741],[82.5645,28.4764],[82.5618,28.4781],[82.5534,28.4788],[82.5488,28.4771],[82.539,28.4787],[82.537,28.4765],[82.5325,28.4777],[82.525,28.4749]]]}},{"type":"Feature","properties":{"name":"Hardi Nadi","length_km":17,"rank":3},"geometry":{"type":"MultiLineString","coordinates":[[[85.6936,26.8847],[85.6921,26.8829],[85.6859,26.8817],[85.6905,26.8781],[85.6901,26.8754],[85.688,26.8737],[85.6882,26.8716],[85.6855,26.871],[85.684,26.8734],[85.6798,26.866],[85.6747,26.863],[85.6795,26.8605],[85.6775,26.8528],[85.6784,26.8504],[85.6765,26.8484],[85.677,26.8464],[85.6819,26.8487],[85.68,26.8455],[85.6805,26.843],[85.6731,26.8364],[85.6755,26.8343],[85.672,26.8266],[85.6762,26.8248],[85.6776,26.8217],[85.677,26.8173],[85.6821,26.8157],[85.6813,26.8135],[85.6794,26.8138],[85.6783,26.8109],[85.6782,26.8036],[85.6801,26.8022],[85.6857,26.8062],[85.6871,26.8036],[85.6855,26.7989],[85.6885,26.8006]]]}},{"type":"Feature","properties":{"name":"Jhiku khola","length_km":17,"rank":3},"geometry":{"type":"MultiLineString","coordinates":[[[85.6177,27.6448],[85.6178,27.6395],[85.6273,27.6375],[85.6315,27.6333],[85.6313,27.6311],[85.6364,27.6316],[85.6434,27.6275],[85.6453,27.6231],[85.6499,27.6214],[85.6503,27.6201],[85.648,27.6178],[85.6512,27.6173],[85.6508,27.6149],[85.6546,27.6132],[85.657,27.6077],[85.6621,27.6062],[85.665,27.6008]],[[85.6933,27.584],[85.7004,27.5809],[85.7034,27.5843],[85.7061,27.5846],[85.7125,27.5816],[85.7249,27.5791],[85.7265,27.582],[85.731,27.584]],[[85.665,27.6008],[85.6694,27.5957],[85.6773,27.5914],[85.6806,27.5915],[85.6884,27.5884],[85.6933,27.584]]]}},{"type":"Feature","properties":{"name":"Pana Gad","length_km":17,"rank":3},"geometry":{"type":"MultiLineString","coordinates":[[[83.1399,28.1004],[83.1491,28.097],[83.1528,28.0985],[83.1552,28.0969],[83.1576,28.0986],[83.1598,28.0944],[83.1627,28.0933],[83.1634,28.091],[83.1646,28.0934],[83.1677,28.0919],[83.171,28.0947],[83.178,28.0938],[83.1804,28.095],[83.1818,28.0936],[83.1832,28.0941],[83.1826,28.0959],[83.1862,28.0966],[83.186,28.0951],[83.1882,28.0958],[83.1894,28.0943],[83.1919,28.0973],[83.1958,28.097],[83.2011,28.0944],[83.2021,28.0951],[83.2021,28.1005],[83.2112,28.1007],[83.2097,28.1072],[83.2105,28.1087],[83.2129,28.108],[83.2145,28.1018],[83.2176,28.1005],[83.2189,28.0976],[83.2216,28.0981],[83.2231,28.0959],[83.2262,28.0953],[83.2286,28.097],[83.2301,28.0953],[83.2301,28.1008],[83.2313,28.103],[83.2294,28.1052],[83.2312,28.106],[83.2303,28.108],[83.2313,28.1132],[83.2331,28.1149]]]}},{"type":"Feature","properties":{"name":"Adhuwa Khola","length_km":17,"rank":3},"geometry":{"type":"MultiLineString","coordinates":[[[87.9855,26.6332],[87.9832,26.6288],[87.9859,26.6273],[87.9875,26.6233],[87.9882,26.6202],[87.9871,26.6161],[87.9894,26.6148],[87.9891,26.6108],[87.9917,26.6105],[87.9932,26.6068],[87.9902,26.6058],[87.9872,26.601],[87.9902,26.5962],[87.9907,26.5928],[87.989,26.5896],[87.9877,26.5895],[87.9887,26.5882],[87.9871,26.5863]],[[87.9855,26.6333],[87.9855,26.6332]],[[87.9863,26.6348],[87.9869,26.6335],[87.9855,26.6333]],[[87.9863,26.6349],[87.9863,26.6348]],[[87.9865,26.6364],[87.9863,26.6349]],[[88.0138,26.692],[88.0125,26.6863],[88.0047,26.6796],[88.0027,26.6733],[87.9999,26.6717],[87.9994,26.669],[87.9954,26.6668],[87.9936,26.6629]],[[87.9949,26.6604],[87.9934,26.6582],[87.9939,26.6537],[87.9891,26.6519],[87.9875,26.6493],[87.9874,26.6474],[87.9899,26.6466],[87.9899,26.6437],[87.9887,26.6392],[87.9865,26.6364]],[[87.9948,26.6609],[87.9949,26.6604]],[[87.9937,26.6629],[87.9947,26.6629],[87.9948,26.6609]],[[87.9936,26.6629],[87.9937,26.6629]]]}},{"type":"Feature","properties":{"name":"Keheng Khola","length_km":17,"rank":3},"geometry":{"type":"MultiLineString","coordinates":[[[83.3178,29.1814],[83.3111,29.1803],[83.3075,29.1816],[83.2872,29.2038],[83.2779,29.2081],[83.2768,29.2126],[83.2741,29.2169],[83.27,29.2215],[83.2641,29.2248],[83.2657,29.2337],[83.2682,29.2358],[83.2699,29.24],[83.2673,29.2613],[83.2707,29.2713],[83.2742,29.2758],[83.2743,29.2804],[83.2774,29.2856],[83.2774,29.2892],[83.2758,29.2904],[83.276,29.2958],[83.2739,29.3011]]]}},{"type":"Feature","properties":{"name":"Mailung Khola","length_km":18,"rank":3},"geometry":{"type":"MultiLineString","coordinates":[[[85.1973,28.2149],[85.2014,28.2112],[85.2043,28.2039],[85.2036,28.1975],[85.2006,28.1922],[85.2002,28.1875],[85.1984,28.1855],[85.2003,28.1804],[85.1998,28.1757],[85.196,28.1683],[85.1997,28.1594],[85.1978,28.1498],[85.1993,28.1465],[85.198,28.1454],[85.1978,28.1387],[85.1996,28.1324],[85.1994,28.1219],[85.2032,28.1154],[85.1981,28.1077],[85.1964,28.0989],[85.1977,28.0937],[85.1995,28.0925],[85.1999,28.0801],[85.2042,28.077],[85.2083,28.0715]]]}},{"type":"Feature","properties":{"name":"Jhong Khola","length_km":18,"rank":3},"geometry":{"type":"MultiLineString","coordinates":[[[83.9313,28.8346],[83.9264,28.8321],[83.924,28.8292],[83.9155,28.8254],[83.913,28.8262],[83.9108,28.8292],[83.9015,28.8283],[83.8973,28.8327],[83.8952,28.832],[83.8916,28.834],[83.8895,28.833],[83.885,28.8344],[83.882,28.833],[83.8799,28.8345],[83.877,28.8334],[83.8681,28.8261],[83.8608,28.8245],[83.8562,28.8249],[83.8459,28.8212],[83.8433,28.823],[83.8402,28.8228],[83.8402,28.8243],[83.8366,28.8268],[83.8318,28.8267],[83.8288,28.8251],[83.8234,28.8259],[83.8142,28.8327],[83.8019,28.8319],[83.7991,28.8351],[83.7897,28.8374],[83.7818,28.8373]]]}},{"type":"Feature","properties":{"name":"Mahakali River","length_km":18,"rank":3,"name_ne":"महाकाली नदी"},"geometry":{"type":"MultiLineString","coordinates":[[[80.0999,28.9257],[80.1043,28.9182],[80.1026,28.916],[80.106,28.9115],[80.1106,28.9095],[80.1136,28.9017],[80.121,28.8964],[80.1225,28.8895],[80.1268,28.8879],[80.1327,28.8785],[80.1325,28.8752],[80.125,28.8684],[80.1259,28.8627],[80.1199,28.8582],[80.1183,28.8529],[80.1136,28.8461],[80.1088,28.842],[80.1076,28.8374],[80.1085,28.8336],[80.1068,28.8314],[80.1097,28.8242]],[[80.0991,28.9604],[80.0951,28.9541],[80.097,28.95],[80.0942,28.9368],[80.0947,28.935],[80.0984,28.9331],[80.0981,28.9303],[80.0999,28.9257]]]}},{"type":"Feature","properties":{"name":"Dungre","length_km":18,"rank":3},"geometry":{"type":"MultiLineString","coordinates":[[[84.6139,27.5962],[84.6058,27.5987],[84.5973,27.5946],[84.5932,27.5957],[84.5862,27.5935],[84.5837,27.5903],[84.5789,27.5925],[84.5778,27.5915],[84.5765,27.5932],[84.5693,27.5914],[84.5638,27.5925],[84.5617,27.5919],[84.5579,27.5874],[84.5518,27.5842],[84.5446,27.5842],[84.5439,27.5832],[84.5396,27.5828],[84.5365,27.5846],[84.5343,27.5805],[84.5311,27.5787],[84.5274,27.5797],[84.5259,27.5784],[84.5211,27.5803],[84.5142,27.5737],[84.5152,27.5704],[84.5193,27.5681],[84.5192,27.5665],[84.5169,27.565],[84.5127,27.5663],[84.5128,27.5691],[84.5113,27.5703],[84.5071,27.5679],[84.5062,27.5709],[84.5009,27.5709],[84.5008,27.5694],[84.4985,27.5684],[84.4971,27.5721],[84.4939,27.5736]],[[84.621,27.5968],[84.6139,27.5962]]]}},{"type":"Feature","properties":{"name":"Lothar Khola","length_km":18,"rank":3},"geometry":{"type":"MultiLineString","coordinates":[[[84.7257,27.6802],[84.7253,27.6787],[84.727,27.6767],[84.7247,27.6745],[84.7249,27.6716],[84.7271,27.6678],[84.7267,27.6644],[84.7302,27.66],[84.7299,27.6568],[84.7318,27.654],[84.7273,27.6496],[84.7307,27.647],[84.7211,27.646],[84.7176,27.6366],[84.7185,27.6347]],[[84.7303,27.6216],[84.7316,27.6205],[84.7315,27.6173],[84.735,27.6161],[84.734,27.6122],[84.736,27.6108],[84.7363,27.6047],[84.7385,27.6037],[84.7353,27.5973],[84.733,27.5965],[84.7339,27.5882],[84.7278,27.5784],[84.7173,27.5727],[84.715,27.5669],[84.7125,27.5656],[84.7104,27.5615]],[[84.7185,27.6347],[84.7234,27.63],[84.7226,27.6269],[84.7292,27.6258],[84.7303,27.6216]]]}},{"type":"Feature","properties":{"name":"Rawa Khola","length_km":18,"rank":3},"geometry":{"type":"MultiLineString","coordinates":[[[86.8634,27.4199],[86.8642,27.4113],[86.8587,27.3972],[86.8603,27.3949],[86.8619,27.3874],[86.8679,27.3822],[86.8717,27.3808],[86.8726,27.3787],[86.8709,27.3771],[86.871,27.3734],[86.863,27.3617],[86.8545,27.3595],[86.854,27.3575],[86.8472,27.3539],[86.8432,27.3486],[86.8329,27.3468],[86.8313,27.3453],[86.8231,27.347],[86.8036,27.3441],[86.8005,27.3451],[86.7955,27.3445],[86.7871,27.3422],[86.7807,27.3349],[86.777,27.3343]]]}},{"type":"Feature","properties":{"name":"Tangting","length_km":18,"rank":3},"geometry":{"type":"MultiLineString","coordinates":[[[87.9564,26.7646],[87.9559,26.7583],[87.9597,26.7536],[87.9607,26.7477],[87.9711,26.743],[87.9779,26.7418],[87.9843,26.733],[87.9839,26.726],[87.9833,26.7224],[87.9752,26.7126],[87.9617,26.7054],[87.96,26.7026],[87.9598,26.6981],[87.9565,26.6924],[87.9513,26.688],[87.947,26.6806],[87.9436,26.6781],[87.9439,26.6704],[87.9469,26.6661],[87.9473,26.6616]],[[87.9573,26.7738],[87.9574,26.7733]],[[87.9574,26.7733],[87.9575,26.7707]],[[87.9645,26.79],[87.9606,26.7868],[87.958,26.7821],[87.9573,26.7738]],[[87.9564,26.7648],[87.9564,26.7646]],[[87.9575,26.7707],[87.9564,26.7648]]]}},{"type":"Feature","properties":{"name":"Chapin Khola Khadak-5","length_km":18,"rank":3,"name_ne":"चपिन् खोला, खडक नगरपालिका-५"},"geometry":{"type":"MultiLineString","coordinates":[[[86.5959,26.6732],[86.5978,26.6738],[86.5985,26.6715],[86.5996,26.6725],[86.5998,26.6703],[86.6011,26.6699],[86.5972,26.6666],[86.6013,26.6634],[86.5968,26.6561],[86.598,26.6541],[86.5947,26.6503],[86.5925,26.6448],[86.5936,26.642],[86.5925,26.6378],[86.594,26.6374],[86.595,26.6396],[86.597,26.6375],[86.5952,26.635],[86.5955,26.6319],[86.5922,26.6311],[86.5916,26.6297],[86.5945,26.6264],[86.5909,26.6267],[86.5897,26.6286],[86.588,26.6263],[86.5864,26.6279],[86.5865,26.626],[86.5841,26.6267],[86.583,26.624],[86.577,26.6242],[86.571,26.6218],[86.5679,26.6224],[86.5657,26.6206],[86.5662,26.6176],[86.5629,26.616],[86.5651,26.6148],[86.5625,26.6114],[86.5586,26.6092],[86.5598,26.6074],[86.5574,26.6059],[86.5564,26.6072],[86.5561,26.6057],[86.5549,26.6062],[86.5532,26.6048],[86.5454,26.605],[86.5462,26.6036],[86.5429,26.6022],[86.5436,26.5998],[86.5414,26.5993],[86.5414,26.5969]]]}},{"type":"Feature","properties":{"name":"Thakur Khola","length_km":18,"rank":3},"geometry":{"type":"MultiLineString","coordinates":[[[86.2862,27.0675],[86.2823,27.0678],[86.2721,27.0723],[86.2673,27.0713],[86.2638,27.0689],[86.2547,27.0716],[86.2499,27.0696],[86.2491,27.0652],[86.2465,27.0636],[86.2432,27.0638],[86.2409,27.0586],[86.2272,27.0558],[86.2255,27.057],[86.2224,27.0569],[86.22,27.0591],[86.2159,27.0574],[86.2125,27.0577],[86.213,27.056],[86.2117,27.0549],[86.2072,27.0552],[86.2022,27.0494],[86.2068,27.0507],[86.2113,27.0482],[86.2109,27.0465],[86.2065,27.0456],[86.2121,27.0366],[86.209,27.0319],[86.2001,27.0267],[86.1975,27.0218],[86.1986,27.0147],[86.2065,27.0112]]]}},{"type":"Feature","properties":{"name":"Sisuwa Khola","length_km":18,"rank":3},"geometry":{"type":"MultiLineString","coordinates":[[[86.9706,27.5378],[86.9672,27.5247],[86.9671,27.5203],[86.9646,27.5169],[86.966,27.5136],[86.9685,27.5117],[86.9758,27.5094],[86.979,27.5105],[86.9927,27.5097],[86.9958,27.5051],[86.999,27.5042],[87.0071,27.5044],[87.014,27.5066],[87.0193,27.5063],[87.0197,27.5019],[87.0229,27.4953],[87.0312,27.4908],[87.0326,27.4861],[87.0363,27.4834],[87.0411,27.4838],[87.0476,27.4807],[87.0501,27.4777],[87.0609,27.4775],[87.0665,27.4735],[87.0714,27.472],[87.0857,27.4743]]]}},{"type":"Feature","properties":{"name":"Fagam Khola","length_km":18,"rank":3},"geometry":{"type":"MultiLineString","coordinates":[[[82.7471,28.3809],[82.7524,28.3777],[82.7555,28.3736],[82.7565,28.3691],[82.7601,28.3672],[82.7609,28.361],[82.7562,28.3448],[82.7567,28.3397],[82.7552,28.3348],[82.7514,28.3281],[82.7496,28.3274],[82.7501,28.326],[82.7467,28.3191],[82.7469,28.3067],[82.7493,28.3032],[82.7489,28.3005],[82.7506,28.2996],[82.7489,28.2883],[82.7438,28.28],[82.7386,28.2759],[82.7358,28.2708],[82.7356,28.2679],[82.728,28.2601],[82.7299,28.255],[82.7293,28.2527],[82.7308,28.2499],[82.7327,28.2491]]]}},{"type":"Feature","properties":{"name":"Sun Koshi","length_km":19,"rank":3,"name_ne":"सुन कोशी"},"geometry":{"type":"MultiLineString","coordinates":[[[85.7093,27.6357],[85.7138,27.6281],[85.7134,27.6235],[85.7165,27.621],[85.7179,27.6143],[85.7214,27.6115],[85.7229,27.6053],[85.7252,27.6034],[85.7244,27.5997],[85.7203,27.5926],[85.7233,27.5886],[85.7311,27.5855],[85.7331,27.5814],[85.7309,27.5758],[85.7332,27.5744],[85.7333,27.573]],[[85.7221,27.5967],[85.7198,27.5933],[85.7233,27.5886]],[[85.7445,27.6904],[85.7419,27.6875],[85.7389,27.687],[85.7364,27.6827],[85.7311,27.6799],[85.7309,27.6698],[85.7257,27.6673],[85.7249,27.662],[85.7198,27.6612],[85.7178,27.657],[85.7142,27.6562],[85.712,27.6539],[85.7118,27.6522],[85.7153,27.6499],[85.7163,27.6457],[85.7136,27.6413],[85.7094,27.6409],[85.7085,27.6379],[85.7093,27.6357]]]}},{"type":"Feature","properties":{"name":"Hinku Drangka","length_km":19,"rank":3},"geometry":{"type":"MultiLineString","coordinates":[[[86.7632,27.5493],[86.7587,27.5404],[86.7586,27.5222],[86.7484,27.5087],[86.7345,27.4979],[86.732,27.4941],[86.7324,27.4917],[86.7298,27.4899],[86.7286,27.4787],[86.723,27.4735]],[[86.789,27.6106],[86.7899,27.6102],[86.7888,27.6073],[86.7871,27.606],[86.7879,27.6021],[86.7853,27.5988],[86.7844,27.5922],[86.7853,27.5869],[86.7825,27.5806],[86.7829,27.5779],[86.7736,27.5732],[86.7713,27.5663],[86.7687,27.5647],[86.7683,27.5566],[86.7671,27.5567],[86.7632,27.5493]]]}},{"type":"Feature","properties":{"name":"Dhila Khola","length_km":19,"rank":3},"geometry":{"type":"MultiLineString","coordinates":[[[83.3275,28.5645],[83.328,28.5623],[83.331,28.5601],[83.3325,28.5572],[83.3406,28.5581],[83.3422,28.5559],[83.3421,28.5517],[83.3432,28.5503]],[[83.2123,28.6051],[83.2174,28.6002],[83.2176,28.5982],[83.2215,28.5951],[83.2222,28.5927],[83.2237,28.5924],[83.2233,28.5887],[83.229,28.5855],[83.2328,28.5849],[83.2337,28.5824],[83.2364,28.5823],[83.2375,28.5792],[83.2466,28.5771],[83.2481,28.5788],[83.2544,28.5783],[83.2583,28.576],[83.2607,28.5773],[83.2622,28.5747],[83.2662,28.5739],[83.2681,28.575],[83.2802,28.5717],[83.2843,28.5721],[83.2857,28.5734],[83.289,28.5706],[83.2943,28.5726],[83.2994,28.5695],[83.3008,28.5698],[83.3024,28.5678],[83.3138,28.5704],[83.317,28.5654],[83.3168,28.5628],[83.3187,28.5616],[83.3232,28.5641],[83.3275,28.5645]]]}},{"type":"Feature","properties":{"name":"Gudung Khola","length_km":19,"rank":3},"geometry":{"type":"MultiLineString","coordinates":[[[82.9924,27.679],[82.9921,27.6774],[82.9974,27.6746],[82.9988,27.6712],[82.998,27.6674],[82.9962,27.6656],[82.998,27.6585],[82.9952,27.6575],[82.993,27.6509],[82.9965,27.6487],[83.0024,27.6505],[83.0025,27.6474],[83.0001,27.6424],[82.9958,27.6382],[82.9996,27.6377],[83.0009,27.6364],[82.9939,27.632],[82.9912,27.628],[82.9801,27.6269],[82.9803,27.6249],[82.9835,27.6251],[82.9845,27.6239],[82.9795,27.6221],[82.979,27.6183],[82.9805,27.6181],[82.9845,27.6214],[82.9872,27.6199],[82.9871,27.6177],[82.9848,27.6155],[82.9846,27.6116],[82.9786,27.6119],[82.9779,27.6064],[82.9751,27.6042],[82.9776,27.6002],[82.977,27.5991],[82.9744,27.6005],[82.9677,27.5961],[82.9726,27.5949],[82.9764,27.5872],[82.9757,27.5859]]]}},{"type":"Feature","properties":{"name":"Khairi Khola","length_km":19,"rank":3},"geometry":{"type":"MultiLineString","coordinates":[[[81.9705,28.168],[81.9697,28.1705],[81.9632,28.1717],[81.9567,28.1718],[81.9541,28.1691],[81.9532,28.1716],[81.9507,28.1712],[81.9479,28.168],[81.9482,28.1658],[81.9452,28.1671],[81.9459,28.1653],[81.9419,28.1653],[81.9424,28.1636],[81.9406,28.1629],[81.9406,28.1583],[81.9339,28.151],[81.9306,28.1491],[81.9266,28.1405],[81.9238,28.1271],[81.927,28.117],[81.9259,28.1126],[81.9269,28.1039],[81.9296,28.0981],[81.9305,28.0725],[81.9256,28.0562],[81.9193,28.0505],[81.9156,28.0443]]]}},{"type":"Feature","properties":{"name":"Chaudhabise Khola","length_km":19,"rank":3},"geometry":{"type":"MultiLineString","coordinates":[[[82.3526,29.2973],[82.3491,29.2961],[82.3366,29.2956],[82.3316,29.2974],[82.3193,29.3066],[82.3139,29.3088],[82.3104,29.3089],[82.3057,29.3061],[82.3,29.3081],[82.2916,29.305],[82.2876,29.3068],[82.2817,29.3069],[82.2781,29.3087],[82.2752,29.3079],[82.2691,29.3126],[82.2622,29.315],[82.2551,29.3144],[82.2438,29.3105],[82.2334,29.3097],[82.2301,29.3078],[82.2287,29.306],[82.2292,29.3027],[82.2215,29.2989],[82.2146,29.2904],[82.2111,29.2889],[82.2092,29.2812],[82.2058,29.28],[82.2044,29.274]]]}},{"type":"Feature","properties":{"name":"Saure Khola","length_km":19,"rank":3},"geometry":{"type":"MultiLineString","coordinates":[[[82.8744,28.8025],[82.8734,28.7985],[82.8748,28.794],[82.8739,28.792],[82.885,28.7845],[82.8891,28.777],[82.8839,28.7687],[82.8851,28.7647],[82.8822,28.7613],[82.8867,28.7552],[82.8885,28.7556],[82.8901,28.7534],[82.8874,28.7464],[82.8831,28.7413],[82.8791,28.7417],[82.8734,28.738],[82.8677,28.7385],[82.8591,28.7328],[82.8648,28.7268],[82.865,28.725],[82.8676,28.7238],[82.8696,28.7211],[82.8703,28.7172],[82.8727,28.7151],[82.8694,28.7121],[82.8648,28.7117],[82.8657,28.7083],[82.8632,28.7057],[82.8633,28.7041],[82.8646,28.7031],[82.8646,28.6988],[82.8686,28.6904],[82.8661,28.6877],[82.8648,28.6813],[82.8629,28.6811]]]}},{"type":"Feature","properties":{"name":"Chiruwa Khola","length_km":19,"rank":3},"geometry":{"type":"MultiLineString","coordinates":[[[85.4239,27.2243],[85.4249,27.2269],[85.427,27.2279],[85.4272,27.2251],[85.4284,27.2243],[85.4313,27.224],[85.4365,27.2257],[85.4388,27.2241],[85.4392,27.2282],[85.4419,27.2289],[85.4435,27.2273],[85.4468,27.2267],[85.4452,27.2233],[85.4489,27.2234],[85.4499,27.2223],[85.4504,27.2203],[85.4482,27.2182],[85.4501,27.2179],[85.4584,27.2217],[85.4581,27.2192],[85.4553,27.2179],[85.4601,27.2174],[85.4636,27.2154],[85.4652,27.2164],[85.4624,27.219],[85.4625,27.2212],[85.4663,27.2195],[85.4679,27.2243],[85.4716,27.224],[85.4747,27.2216],[85.4781,27.2229],[85.4765,27.2163],[85.4776,27.2154],[85.4879,27.2203]],[[85.3989,27.2382],[85.4021,27.239],[85.4015,27.2368],[85.4082,27.2345],[85.4084,27.2392],[85.4113,27.2403],[85.4108,27.2369],[85.4139,27.2345],[85.4142,27.2277],[85.4172,27.2291],[85.419,27.2241],[85.4228,27.2252],[85.4239,27.2243]]]}},{"type":"Feature","properties":{"name":"Tange Khola","length_km":19,"rank":3},"geometry":{"type":"MultiLineString","coordinates":[[[84.0395,28.9344],[84.0371,28.9432],[84.0342,28.9476],[84.0281,28.9529],[84.0243,28.9639],[84.0201,28.9708],[84.0165,28.9739],[84.0088,28.9769],[84.0042,28.9855],[83.9991,28.9916],[83.9886,28.9999],[83.9855,29.0065],[83.9799,29.0093],[83.9701,29.0105],[83.9656,29.0133],[83.9595,29.0124],[83.9482,29.0075],[83.9446,29.0084],[83.9418,29.0117],[83.9332,29.014],[83.9294,29.0144],[83.9259,29.0122],[83.9213,29.0117],[83.9193,29.0141],[83.9193,29.0195],[83.9171,29.0263],[83.9153,29.0277]]]}},{"type":"Feature","properties":{"name":"Lapche Khola","length_km":20,"rank":3},"geometry":{"type":"MultiLineString","coordinates":[[[86.1704,28.1109],[86.1708,28.1095],[86.169,28.107],[86.1699,28.1056],[86.1661,28.0957],[86.1658,28.0878],[86.1672,28.0836],[86.1639,28.0719],[86.1642,28.0644],[86.1659,28.0601],[86.1649,28.0567],[86.1689,28.0466],[86.1713,28.0452],[86.1733,28.0413],[86.184,28.0309],[86.1867,28.0236],[86.1894,28.0205],[86.1899,28.0169],[86.1914,28.016],[86.1938,28.0107],[86.1923,28.0029],[86.1936,27.9977]],[[86.1964,27.9918],[86.2073,27.9865],[86.2115,27.9787],[86.2171,27.9738],[86.2201,27.9675],[86.2198,27.9635]],[[86.1936,27.9977],[86.1964,27.9918]]]}},{"type":"Feature","properties":{"name":"Dudh Khola","length_km":20,"rank":3},"geometry":{"type":"MultiLineString","coordinates":[[[84.4683,28.6317],[84.4687,28.6311]],[[84.4687,28.6311],[84.4714,28.6237],[84.4724,28.6143],[84.472,28.6125],[84.4652,28.6077],[84.4651,28.6045],[84.463,28.6044],[84.4608,28.6017],[84.4583,28.6018],[84.448,28.596],[84.4324,28.5976],[84.4292,28.5955],[84.4215,28.5938],[84.4184,28.5911],[84.4163,28.5857],[84.4184,28.5855],[84.4199,28.5819],[84.4176,28.5802],[84.4149,28.5812],[84.4129,28.5804],[84.4127,28.5778],[84.4094,28.5743],[84.4055,28.566],[84.3974,28.5624],[84.3882,28.5523],[84.3868,28.5492],[84.3825,28.5471],[84.3814,28.5444],[84.3755,28.5429],[84.3726,28.5389],[84.3653,28.5345],[84.3621,28.5299],[84.3569,28.5267],[84.3564,28.5236]]]}},{"type":"Feature","properties":{"name":"Chamaliya","length_km":20,"rank":3},"geometry":{"type":"MultiLineString","coordinates":[[[80.9445,29.9253],[80.9467,29.9085],[80.946,29.9045],[80.9328,29.8943],[80.9306,29.8914],[80.9266,29.8912],[80.9237,29.8894],[80.9165,29.882],[80.9169,29.8804],[80.9112,29.8687],[80.9085,29.8652],[80.9033,29.8623],[80.8997,29.8552],[80.8914,29.8451],[80.8887,29.8348],[80.8858,29.8304]],[[80.8858,29.8304],[80.879,29.8243],[80.877,29.8254],[80.8711,29.8235],[80.8661,29.8188],[80.8665,29.8169],[80.8614,29.8145],[80.8577,29.8107],[80.8563,29.8112],[80.8543,29.809],[80.8489,29.8083],[80.8475,29.8055],[80.8436,29.8043],[80.8414,29.8018],[80.8428,29.7996],[80.8419,29.7983]]]}},{"type":"Feature","properties":{"name":"Pasaha Nadi","length_km":20,"rank":3},"geometry":{"type":"MultiLineString","coordinates":[[[85.0418,27.023],[85.04,27.0203],[85.0406,27.0168],[85.0353,27.0181],[85.0331,27.0159],[85.0251,27.0136],[85.0252,27.0121],[85.0268,27.0119],[85.0247,27.0103],[85.0254,27.0092],[85.0313,27.0076],[85.0352,27.008],[85.0325,27.004],[85.0296,27.0024],[85.0327,26.9992],[85.0302,26.9987],[85.031,26.9941],[85.0274,26.9924],[85.0283,26.9888],[85.0249,26.9844],[85.0227,26.9832],[85.0182,26.9841],[85.0122,26.982],[85.0046,26.9829],[85.0023,26.982],[85.0018,26.9808],[85.0051,26.9771],[85.0054,26.9714],[85.0043,26.9699],[84.9992,26.9691],[85.0,26.9647],[84.9983,26.9631],[85.0004,26.96],[84.9982,26.9581]],[[85.0644,27.0572],[85.066,27.0544],[85.064,27.0525],[85.0641,27.051],[85.0686,27.0491],[85.0687,27.044],[85.0644,27.0423],[85.0642,27.0401],[85.0612,27.0378],[85.0562,27.0389],[85.0476,27.0349],[85.044,27.0308],[85.0435,27.0252],[85.0418,27.023]]]}},{"type":"Feature","properties":{"name":"Sunbora Nadi","length_km":20,"rank":3},"geometry":{"type":"MultiLineString","coordinates":[[[80.3498,28.9014],[80.3524,28.8958],[80.3513,28.8929],[80.3479,28.8898],[80.3451,28.8792],[80.3432,28.8767],[80.3376,28.8735],[80.3385,28.8708],[80.3412,28.8694],[80.3435,28.8628],[80.3403,28.859],[80.3408,28.8546],[80.3389,28.8493]],[[80.3891,28.9472],[80.3904,28.944],[80.389,28.9345],[80.3857,28.9309],[80.3894,28.9304],[80.3899,28.9291],[80.3888,28.928],[80.3869,28.9285],[80.3864,28.9273],[80.3821,28.9285],[80.384,28.924],[80.379,28.9213],[80.3791,28.9199],[80.3819,28.9207],[80.3825,28.9195],[80.3792,28.9179],[80.3781,28.9135],[80.3628,28.9142],[80.3529,28.9055],[80.3486,28.9041],[80.3491,28.9024]],[[80.398,28.9711],[80.3928,28.9599],[80.3911,28.9502],[80.3891,28.9472]]]}},{"type":"Feature","properties":{"name":"Sagu Khola","length_km":20,"rank":3},"geometry":{"type":"MultiLineString","coordinates":[[[86.1078,27.889],[86.1088,27.8859],[86.1067,27.8829],[86.1066,27.8762],[86.1078,27.8724],[86.1038,27.8643],[86.1036,27.8609],[86.1003,27.8561],[86.1043,27.8464],[86.1042,27.844],[86.1021,27.8407],[86.1037,27.8371],[86.1005,27.832],[86.0972,27.8307],[86.0948,27.8269],[86.0949,27.8249],[86.1014,27.8145],[86.106,27.8123],[86.1119,27.807],[86.113,27.8047],[86.1127,27.7984],[86.116,27.7941],[86.1163,27.7907],[86.1177,27.7897],[86.1171,27.7881]],[[86.0786,27.7815],[86.0763,27.7846],[86.0744,27.7851],[86.0743,27.7864],[86.0807,27.7953],[86.0853,27.7952],[86.0897,27.7931],[86.0934,27.7951],[86.0963,27.793],[86.1075,27.7929],[86.1092,27.7913],[86.1145,27.7902],[86.1143,27.7878],[86.1171,27.7881]]]}},{"type":"Feature","properties":{"name":"Badahari Khola","length_km":20,"rank":3},"geometry":{"type":"MultiLineString","coordinates":[[[85.9017,26.903],[85.9014,26.898],[85.8984,26.8933],[85.8997,26.8844],[85.8964,26.878],[85.8852,26.8709],[85.88,26.8708],[85.8823,26.8691],[85.8798,26.8688],[85.8772,26.866],[85.874,26.8681],[85.8729,26.8671]],[[85.9348,26.9949],[85.9303,26.9928],[85.9288,26.9933],[85.9294,26.9921],[85.9273,26.9876],[85.9272,26.9791],[85.9295,26.9738],[85.9289,26.9643],[85.9323,26.9565],[85.9289,26.9486],[85.9279,26.9424],[85.9256,26.9372],[85.9208,26.9323],[85.9131,26.9297]],[[85.8729,26.8668],[85.874,26.8632],[85.8703,26.8612]],[[85.9034,26.9064],[85.9036,26.9047],[85.9017,26.903]],[[85.9034,26.9064],[85.9016,26.9047],[85.9017,26.903]],[[85.9131,26.9297],[85.9127,26.9234],[85.9066,26.9198],[85.9034,26.9064]]]}},{"type":"Feature","properties":{"name":"Mahesh-Khola","length_km":21,"rank":3},"geometry":{"type":"MultiLineString","coordinates":[[[85.1371,27.7335],[85.1349,27.7363],[85.1223,27.7386],[85.1144,27.7461],[85.1019,27.7449],[85.0885,27.748],[85.0865,27.7451],[85.084,27.7456],[85.0822,27.7481],[85.0777,27.7474],[85.0756,27.7498],[85.0713,27.7504],[85.0712,27.7525],[85.0632,27.7542],[85.0549,27.7497],[85.052,27.7539],[85.0486,27.7503],[85.0459,27.75],[85.0449,27.7511],[85.0468,27.7577],[85.044,27.759],[85.0471,27.7625],[85.0471,27.7643],[85.0424,27.7679],[85.0379,27.7682],[85.037,27.7698],[85.0351,27.7702],[85.0338,27.7725],[85.0345,27.7749],[85.0272,27.774],[85.0237,27.7807],[85.0151,27.7819],[85.0122,27.7882],[85.0128,27.7908],[85.0108,27.7915],[85.0069,27.7979],[85.0014,27.7993],[85.0015,27.8021]]]}},{"type":"Feature","properties":{"name":"Karra River","length_km":21,"rank":3},"geometry":{"type":"MultiLineString","coordinates":[[[85.0146,27.4209],[85.0087,27.4212]],[[85.1633,27.3754],[85.1593,27.3747],[85.1587,27.3762],[85.1528,27.3795],[85.1478,27.3778],[85.1452,27.3783],[85.1445,27.3801],[85.1414,27.3791],[85.139,27.3818],[85.1373,27.3806],[85.1336,27.3808],[85.1338,27.3841],[85.1247,27.3863],[85.1228,27.3886],[85.1211,27.388],[85.1188,27.3918],[85.1135,27.3914],[85.1135,27.3934],[85.112,27.3931],[85.1113,27.3945],[85.1083,27.3944],[85.1051,27.3923],[85.1002,27.3931],[85.099,27.3957],[85.0934,27.398],[85.091,27.3971],[85.0901,27.3983],[85.0861,27.3985],[85.0843,27.3972],[85.0797,27.3993],[85.0779,27.3983],[85.0761,27.4012],[85.0706,27.4011],[85.0585,27.4057],[85.0571,27.4074],[85.0535,27.4073],[85.0518,27.409],[85.0477,27.408],[85.0434,27.4102],[85.0408,27.4096],[85.038,27.4136],[85.0339,27.4121],[85.0294,27.4147],[85.0203,27.4159],[85.0161,27.415],[85.0147,27.4208]],[[85.0147,27.4208],[85.0146,27.4209]],[[85.1634,27.3755],[85.1633,27.3754]],[[85.1658,27.3728],[85.1653,27.3748],[85.1634,27.3755]]]}},{"type":"Feature","properties":{"name":"Sunkoshi River","length_km":21,"rank":3},"geometry":{"type":"MultiLineString","coordinates":[[[85.8316,27.7558],[85.8226,27.7507],[85.8221,27.749],[85.817,27.7514],[85.8111,27.7467],[85.8058,27.7483],[85.803,27.7421],[85.7946,27.7349],[85.7812,27.7339],[85.7777,27.7265],[85.7783,27.7222],[85.7743,27.7184],[85.7711,27.7181],[85.7682,27.7121],[85.7631,27.7099],[85.7622,27.7078],[85.7637,27.706],[85.763,27.7036],[85.7561,27.7027],[85.7548,27.6992]],[[85.8928,27.7794],[85.8907,27.7792],[85.8882,27.7733],[85.8846,27.7712],[85.8835,27.7685],[85.8811,27.7675],[85.8795,27.7648],[85.8717,27.7609],[85.8702,27.7576],[85.866,27.7575],[85.8621,27.7552],[85.8495,27.7563],[85.8452,27.7544],[85.8387,27.7548]],[[85.8387,27.7548],[85.8358,27.7538]],[[85.8358,27.7538],[85.8316,27.7558]],[[85.7526,27.6967],[85.7498,27.6964],[85.7471,27.6932]]]}},{"type":"Feature","properties":{"name":"Thuli Bheri Nadi","length_km":21,"rank":3},"geometry":{"type":"MultiLineString","coordinates":[[[82.7551,29.0164],[82.7371,29.0109],[82.7356,29.0081],[82.7321,29.0082],[82.7296,29.0062],[82.7129,29.0017],[82.7107,28.9986],[82.7024,28.9982],[82.6996,28.9966],[82.6977,28.9929],[82.6935,28.9957],[82.6851,28.9947],[82.6832,28.996],[82.677,28.9968],[82.6694,28.9938],[82.6668,28.9902],[82.6593,28.9912],[82.6558,28.9887],[82.6535,28.9837],[82.6461,28.9795],[82.641,28.9792],[82.6366,28.9754],[82.6221,28.976],[82.6152,28.979],[82.6111,28.9775],[82.6091,28.9797],[82.6019,28.9822],[82.5943,28.9809],[82.5918,28.9822],[82.5886,28.9871],[82.5782,28.9894]]]}},{"type":"Feature","properties":{"name":"Yangma Khola","length_km":21,"rank":3},"geometry":{"type":"MultiLineString","coordinates":[[[87.8655,27.8093],[87.8644,27.8053],[87.8665,27.8017],[87.8658,27.7994],[87.8668,27.7966],[87.8637,27.7918],[87.8636,27.7887],[87.8612,27.7876],[87.8621,27.7832],[87.865,27.7807],[87.8628,27.7759],[87.8592,27.7741],[87.8596,27.7721],[87.8582,27.7704],[87.8583,27.7667],[87.8608,27.7653],[87.8618,27.7626],[87.8605,27.7589],[87.8628,27.7556],[87.862,27.7529],[87.8608,27.751],[87.8522,27.7494],[87.8489,27.7428],[87.8493,27.7383],[87.8478,27.7315],[87.8432,27.7259],[87.8427,27.7202],[87.8403,27.7172],[87.8364,27.7063],[87.8306,27.7028],[87.8284,27.6967],[87.8257,27.6954],[87.8245,27.692],[87.8141,27.6785],[87.8011,27.6668],[87.7988,27.6614]]]}},{"type":"Feature","properties":{"name":"Phoksundo Khola","length_km":21,"rank":3},"geometry":{"type":"MultiLineString","coordinates":[[[82.9383,29.1734],[82.938,29.1692],[82.9364,29.1674],[82.9295,29.1678],[82.9272,29.1644],[82.9272,29.1614],[82.9324,29.1578],[82.9291,29.149],[82.9242,29.1458],[82.9193,29.1457],[82.917,29.1438],[82.91,29.1428],[82.9012,29.1384],[82.8966,29.1318],[82.8971,29.1293],[82.896,29.1261],[82.8875,29.1185],[82.8837,29.1135],[82.88,29.1115],[82.8731,29.0994],[82.8783,29.0908],[82.8833,29.0896],[82.8848,29.088],[82.8871,29.0813],[82.8857,29.0804],[82.8869,29.0774],[82.8862,29.0729],[82.8892,29.0675],[82.8895,29.0631],[82.8959,29.0586],[82.9038,29.0398]]]}},{"type":"Feature","properties":{"name":"Guhar Khola","length_km":21,"rank":3,"name_ne":"गुहार खोला"},"geometry":{"type":"MultiLineString","coordinates":[[[82.3872,28.1665],[82.3855,28.1641],[82.3795,28.1645],[82.3784,28.162],[82.3716,28.1562],[82.3632,28.1531],[82.3585,28.153],[82.3583,28.1501],[82.3539,28.1465],[82.3507,28.1345],[82.3461,28.1296],[82.338,28.1263],[82.3295,28.116],[82.3177,28.1106],[82.3094,28.1095],[82.3007,28.1011],[82.2958,28.091],[82.2929,28.0892],[82.2903,28.0831],[82.2913,28.076],[82.29,28.0723],[82.2823,28.0635],[82.282,28.048],[82.2736,28.0388],[82.2705,28.0305]]]}},{"type":"Feature","properties":{"name":"Jahari Khola","length_km":21,"rank":3},"geometry":{"type":"MultiLineString","coordinates":[[[82.2441,28.6418],[82.2419,28.6396],[82.2381,28.6396],[82.2339,28.6424],[82.2218,28.6451],[82.2159,28.6508],[82.2155,28.6531],[82.2082,28.6626],[82.2092,28.6675],[82.206,28.6736],[82.2057,28.6767]],[[82.2888,28.5616],[82.2922,28.5696],[82.2907,28.5704],[82.2929,28.576],[82.2912,28.577],[82.2917,28.5797],[82.2905,28.579],[82.2903,28.5802],[82.2944,28.5851],[82.2955,28.5893],[82.2933,28.5934],[82.2859,28.5968],[82.2861,28.6018],[82.2898,28.6045],[82.2889,28.6063],[82.2822,28.6128],[82.2824,28.6173],[82.2802,28.6189],[82.2744,28.6195],[82.2726,28.6214],[82.2737,28.6321],[82.2717,28.6368],[82.2649,28.6401],[82.2576,28.6402],[82.2548,28.6436],[82.2517,28.6444],[82.2455,28.6435],[82.2441,28.6418]]]}},{"type":"Feature","properties":{"name":"bhaunne kalpat khola","length_km":21,"rank":3},"geometry":{"type":"MultiLineString","coordinates":[[[87.447,26.5798],[87.4463,26.5772],[87.4473,26.5753],[87.4461,26.5727],[87.4478,26.5708],[87.4474,26.5676],[87.445,26.5644],[87.4449,26.5592],[87.4416,26.5547],[87.4405,26.555],[87.4368,26.5518],[87.4371,26.5506],[87.4381,26.5511],[87.4378,26.5498],[87.4354,26.5487],[87.4348,26.5462],[87.4298,26.5419],[87.4296,26.5376],[87.4256,26.5307],[87.4261,26.5294],[87.4272,26.531],[87.4285,26.5303],[87.4308,26.5243],[87.4366,26.5223]],[[87.447,26.5799],[87.447,26.5798]],[[87.4599,26.6422],[87.4592,26.641],[87.4608,26.64],[87.4607,26.6383],[87.4591,26.6333],[87.4515,26.6264],[87.4512,26.6247],[87.4498,26.6247],[87.4483,26.6224],[87.4486,26.6184],[87.4471,26.6173],[87.448,26.6135],[87.451,26.6096],[87.4494,26.6045],[87.451,26.603],[87.4512,26.6007],[87.4526,26.6005],[87.4535,26.5947],[87.4546,26.5944],[87.4537,26.5924],[87.4471,26.5891],[87.4469,26.5827],[87.4481,26.5826],[87.447,26.5799]]]}},{"type":"Feature","properties":{"name":"Mewa","length_km":21,"rank":3},"geometry":{"type":"MultiLineString","coordinates":[[[87.6186,27.543],[87.6189,27.5394],[87.6169,27.5365],[87.6212,27.5317],[87.6217,27.5264],[87.6201,27.5228],[87.6229,27.52],[87.624,27.5181],[87.6237,27.5147],[87.6258,27.5132],[87.6251,27.511],[87.6266,27.5025],[87.6171,27.4885],[87.6112,27.4837],[87.61,27.4724],[87.608,27.4673],[87.6083,27.4626],[87.6068,27.4596],[87.6117,27.4534],[87.6151,27.4462],[87.6155,27.437],[87.6136,27.4301],[87.615,27.4198],[87.6163,27.4182],[87.616,27.4153],[87.6191,27.4098],[87.6185,27.4054],[87.6235,27.3958],[87.6242,27.3891],[87.6281,27.3819],[87.6265,27.3793],[87.6271,27.3766]]]}},{"type":"Feature","properties":{"name":"Chauri Khola","length_km":21,"rank":3},"geometry":{"type":"MultiLineString","coordinates":[[[85.8811,27.6145],[85.8768,27.6139],[85.876,27.6125],[85.8742,27.613],[85.8734,27.6108],[85.8706,27.6093],[85.8687,27.6031],[85.862,27.5933],[85.8599,27.5937],[85.8589,27.5922],[85.8574,27.5931],[85.8551,27.5911],[85.853,27.5919],[85.8506,27.5889],[85.8512,27.5872],[85.8464,27.5854],[85.8468,27.5826],[85.8453,27.5814],[85.8469,27.5788],[85.8422,27.5773],[85.8413,27.5759],[85.8395,27.5774],[85.8375,27.575],[85.8322,27.5772],[85.8296,27.5743],[85.828,27.5766],[85.8263,27.5755],[85.8274,27.5734],[85.8241,27.5713],[85.8244,27.5695],[85.823,27.5671],[85.8286,27.5467],[85.827,27.5442],[85.8273,27.5421],[85.8247,27.5396],[85.8246,27.5358],[85.819,27.5296],[85.8195,27.5256],[85.8157,27.5244],[85.8183,27.5225],[85.8191,27.5181],[85.8146,27.5156],[85.8121,27.5118],[85.8085,27.5096],[85.8048,27.5111],[85.8048,27.5077],[85.8031,27.5065],[85.8005,27.5068],[85.7977,27.5]]]}},{"type":"Feature","properties":{"name":"Girwari Khola","length_km":22,"rank":3},"geometry":{"type":"MultiLineString","coordinates":[[[84.0579,27.7129],[84.058,27.7083],[84.0622,27.7035],[84.0601,27.6999],[84.0593,27.6943],[84.0418,27.68],[84.0365,27.6728],[84.0129,27.6574],[84.0088,27.6533],[84.0038,27.6529],[84.0005,27.6397],[84.0021,27.6333],[84.0069,27.6278],[84.0044,27.6249],[84.0042,27.6224],[84.0052,27.6211],[84.0119,27.6196],[84.0157,27.6112],[84.0115,27.6013],[84.0127,27.5969],[84.011,27.595],[84.0106,27.5913],[84.0071,27.5865],[84.0041,27.5859],[84.0032,27.581],[83.9992,27.5727],[83.9997,27.5675],[83.9929,27.5613],[83.9952,27.5595]]]}},{"type":"Feature","properties":{"name":"Burhi","length_km":22,"rank":3},"geometry":{"type":"MultiLineString","coordinates":[[[87.3304,26.7264],[87.3306,26.7243],[87.327,26.7237],[87.3276,26.7218],[87.3252,26.7204],[87.325,26.7149],[87.3194,26.7165],[87.3194,26.7149],[87.3223,26.7124],[87.319,26.7101],[87.3184,26.7078],[87.3157,26.7075],[87.3135,26.7048],[87.313,26.7009],[87.3097,26.7001],[87.3086,26.6955],[87.3102,26.6938],[87.3084,26.6927],[87.3095,26.6897],[87.3039,26.6786],[87.3047,26.6764],[87.3014,26.6761],[87.2993,26.6727],[87.2957,26.6728],[87.2939,26.6693],[87.2901,26.6685],[87.2883,26.6668],[87.2889,26.6636],[87.2851,26.6573],[87.2868,26.6512],[87.2893,26.6496],[87.2893,26.6464],[87.2918,26.6434],[87.2921,26.6403],[87.2966,26.6374],[87.2946,26.6346],[87.3019,26.6287]],[[87.3412,26.7702],[87.341,26.7676],[87.3362,26.7614],[87.337,26.759],[87.3357,26.7577],[87.338,26.7549],[87.3392,26.748],[87.337,26.7397],[87.3379,26.7376],[87.3335,26.7345],[87.3346,26.7308],[87.3289,26.7284],[87.3304,26.7264]]]}},{"type":"Feature","properties":{"name":"Kyalunpa Khola","length_km":22,"rank":3},"geometry":{"type":"MultiLineString","coordinates":[[[83.6545,28.9116],[83.6571,28.9094],[83.6609,28.9087],[83.6625,28.9067],[83.6677,28.9071],[83.6679,28.9082],[83.6727,28.9103],[83.6993,28.9031],[83.7045,28.9044],[83.7063,28.9038],[83.7094,28.9072],[83.7163,28.9072],[83.7194,28.9102],[83.7322,28.9099],[83.735,28.9114],[83.7427,28.9121],[83.7472,28.9098],[83.7507,28.9041]],[[83.5855,28.893],[83.5941,28.895],[83.5977,28.898],[83.6027,28.8976],[83.6078,28.8957],[83.6125,28.8968],[83.6139,28.8983]],[[83.7507,28.9041],[83.7564,28.9009],[83.7624,28.9009],[83.762,28.8998],[83.764,28.8978],[83.7673,28.897]],[[83.6139,28.8983],[83.6224,28.9002],[83.6251,28.9049],[83.631,28.9043],[83.6322,28.9061],[83.6375,28.9067],[83.6398,28.9084],[83.6545,28.9116]]]}},{"type":"Feature","properties":{"name":"Koran Khola","length_km":22,"rank":3},"geometry":{"type":"MultiLineString","coordinates":[[[83.204,29.3401],[83.211,29.3427],[83.2239,29.3516],[83.2273,29.3616],[83.2269,29.3725],[83.2222,29.3793],[83.2191,29.3818],[83.2173,29.3871],[83.2057,29.3951],[83.1959,29.3979],[83.192,29.4023],[83.1825,29.4054],[83.1732,29.4125],[83.1688,29.414],[83.1643,29.4199],[83.1559,29.4272],[83.1545,29.432],[83.1463,29.4378],[83.1454,29.4428],[83.1469,29.444],[83.1487,29.4539],[83.1519,29.4578],[83.152,29.4598],[83.1494,29.465],[83.1468,29.4672],[83.1468,29.4692],[83.1423,29.4735],[83.1423,29.4793]]]}},{"type":"Feature","properties":{"name":"Hinwan Khola","length_km":22,"rank":3},"geometry":{"type":"MultiLineString","coordinates":[[[87.3643,27.3397],[87.3594,27.332],[87.3528,27.33],[87.3511,27.328],[87.3483,27.3291],[87.3474,27.3273],[87.3443,27.327],[87.3427,27.3252],[87.3393,27.3256],[87.3395,27.3235],[87.3362,27.3238],[87.3335,27.3218],[87.3303,27.3222],[87.3284,27.3208],[87.3284,27.3191],[87.325,27.3206],[87.3204,27.3188],[87.3175,27.3194],[87.3148,27.3174],[87.3147,27.3161],[87.3095,27.3171],[87.3091,27.3148],[87.3059,27.314],[87.3035,27.3118],[87.2978,27.3139],[87.2959,27.3119],[87.2925,27.3128],[87.2895,27.3089],[87.2908,27.307],[87.2853,27.3062],[87.2834,27.3071],[87.2831,27.3049]],[[87.2831,27.3049],[87.2778,27.3051],[87.2754,27.303],[87.263,27.3048],[87.2592,27.3024],[87.2536,27.3045],[87.2522,27.3038]],[[87.2388,27.3024],[87.231,27.3018],[87.2305,27.3034],[87.2275,27.3027],[87.2249,27.3041],[87.2239,27.3021],[87.2222,27.3027],[87.2205,27.3019],[87.2207,27.3008],[87.2177,27.3004],[87.2183,27.2984],[87.2165,27.2972],[87.2164,27.2953],[87.2104,27.2941]],[[87.2522,27.3038],[87.2485,27.3029],[87.2465,27.301],[87.2448,27.3026],[87.2425,27.3001],[87.2406,27.3024],[87.2388,27.3024]]]}},{"type":"Feature","properties":{"name":"Rāughāt Kholā","length_km":22,"rank":3},"geometry":{"type":"MultiLineString","coordinates":[[[83.5128,28.5301],[83.5136,28.5246],[83.5107,28.5218],[83.5101,28.5183],[83.5075,28.5147],[83.5089,28.5044],[83.5071,28.5003],[83.5093,28.4877],[83.5144,28.4827],[83.5186,28.4747],[83.5171,28.4733],[83.5185,28.4701],[83.5181,28.4665],[83.5158,28.4628],[83.5164,28.4608],[83.5143,28.4533],[83.5189,28.445],[83.5206,28.4386],[83.5242,28.436],[83.5243,28.433],[83.5229,28.4319],[83.5256,28.4286],[83.5262,28.4223],[83.5297,28.4192],[83.5296,28.417],[83.5338,28.4122],[83.5433,28.4061],[83.5472,28.3975]],[[83.5472,28.3975],[83.5483,28.3971],[83.5482,28.3946],[83.5543,28.3902],[83.5592,28.39],[83.5615,28.3882],[83.5643,28.3773],[83.5699,28.3748]]]}},{"type":"Feature","properties":{"name":"Siyanban Khola","length_km":22,"rank":3},"geometry":{"type":"MultiLineString","coordinates":[[[81.3819,29.9677],[81.379,29.9684],[81.3724,29.9646],[81.371,29.9625],[81.3554,29.9543],[81.3552,29.9508],[81.3534,29.949],[81.3516,29.9427],[81.3495,29.9412],[81.3456,29.9322],[81.341,29.9282],[81.3398,29.9253],[81.3346,29.9241],[81.3292,29.9208],[81.3258,29.9151],[81.3177,29.911],[81.3057,29.9023],[81.3033,29.9027],[81.3001,29.8994],[81.2898,29.882],[81.2915,29.8767],[81.2901,29.8676],[81.2838,29.8524],[81.2767,29.8516],[81.2717,29.8488],[81.2675,29.8442],[81.2674,29.8411],[81.2653,29.8391],[81.2648,29.8359],[81.2631,29.8349],[81.2634,29.8332],[81.2608,29.8315]]]}},{"type":"Feature","properties":{"name":"Dudhkund Khola","length_km":22,"rank":3},"geometry":{"type":"MultiLineString","coordinates":[[[86.5902,27.6792],[86.5889,27.6773],[86.5912,27.6618],[86.5964,27.653],[86.599,27.6509],[86.6034,27.6409],[86.6008,27.6354],[86.604,27.6305],[86.6005,27.6203],[86.601,27.6175],[86.604,27.6154],[86.6053,27.609],[86.6085,27.6059],[86.6089,27.6008],[86.6066,27.5986],[86.6059,27.5959],[86.6026,27.5952],[86.6029,27.5904],[86.5999,27.5878],[86.598,27.588],[86.5969,27.5862],[86.599,27.5814],[86.5974,27.5803],[86.5974,27.5775],[86.5923,27.5701],[86.5911,27.5658],[86.5864,27.5599],[86.5826,27.5582],[86.5802,27.5534],[86.5799,27.5487],[86.5872,27.5392],[86.5885,27.5333],[86.587,27.5292],[86.5845,27.5274],[86.5801,27.5269],[86.5758,27.5222]]]}},{"type":"Feature","properties":{"name":"Ghaghara River","length_km":22,"rank":3,"name_ne":"कर्णाली"},"geometry":{"type":"MultiLineString","coordinates":[[[81.1904,28.3649],[81.1855,28.3619],[81.1837,28.3567],[81.1904,28.3432],[81.1904,28.3381],[81.1831,28.3206],[81.179,28.3175],[81.1718,28.3167],[81.1668,28.3189],[81.1532,28.3308],[81.1491,28.3385],[81.1428,28.341],[81.1298,28.3417],[81.1218,28.3406],[81.1103,28.3332],[81.1048,28.3271],[81.0931,28.306],[81.0876,28.2853],[81.0852,28.2811],[81.0872,28.2735]]]}},{"type":"Feature","properties":{"name":"Bheri Khola","length_km":23,"rank":3},"geometry":{"type":"MultiLineString","coordinates":[[[82.0771,29.0851],[82.0773,29.0875],[82.0809,29.0886],[82.0812,29.0921],[82.0871,29.0973],[82.0875,29.0995],[82.0858,29.1032],[82.0875,29.1047],[82.0863,29.1073],[82.0882,29.1106],[82.0859,29.1166],[82.0868,29.1184],[82.0839,29.1229],[82.0845,29.1248],[82.0788,29.1302],[82.0803,29.1327],[82.0778,29.1358],[82.0766,29.1412]],[[82.0713,29.1633],[82.0668,29.1678],[82.0668,29.1702],[82.0617,29.1728],[82.0602,29.1752],[82.0596,29.1841],[82.0619,29.1883],[82.0624,29.1926],[82.0555,29.1976],[82.0445,29.1971],[82.0433,29.1994],[82.0366,29.2036],[82.0073,29.2117],[82.0017,29.216],[81.9937,29.2183],[81.9911,29.2228],[81.9931,29.2236]],[[82.0766,29.1412],[82.0713,29.1633]]]}},{"type":"Feature","properties":{"name":"Tinaau","length_km":23,"rank":3},"geometry":{"type":"MultiLineString","coordinates":[[[83.4288,27.5491],[83.4283,27.5452],[83.4239,27.541],[83.4237,27.5365],[83.4203,27.5357],[83.4151,27.5297],[83.411,27.5309],[83.4074,27.5283],[83.4021,27.5198],[83.4014,27.514],[83.3942,27.5157],[83.3938,27.5111],[83.3793,27.5018],[83.3819,27.499],[83.3787,27.4941],[83.3731,27.4936],[83.3705,27.4961],[83.3666,27.4941],[83.3642,27.4891],[83.3672,27.4842],[83.3636,27.4824],[83.3635,27.4795],[83.36,27.4785],[83.3579,27.4817],[83.3546,27.4832],[83.3533,27.4807],[83.3562,27.4782],[83.3543,27.4761],[83.3502,27.4763],[83.3478,27.4715],[83.3434,27.473],[83.3402,27.4663],[83.337,27.4647],[83.3347,27.4601],[83.3355,27.4585],[83.3421,27.4585],[83.3439,27.4562],[83.3438,27.4536],[83.3423,27.4529],[83.3401,27.4537],[83.3379,27.4524],[83.3375,27.4511],[83.3394,27.4481],[83.3366,27.4429],[83.3276,27.439]]]}},{"type":"Feature","properties":{"name":"Tadi Khola","length_km":23,"rank":3},"geometry":{"type":"MultiLineString","coordinates":[[[85.1523,27.8767],[85.1495,27.8749],[85.1477,27.8759],[85.1443,27.875],[85.1432,27.8689],[85.1445,27.8661],[85.1406,27.8666],[85.135,27.8635],[85.1354,27.861],[85.1343,27.8594],[85.1278,27.8597],[85.1247,27.858],[85.1229,27.8589],[85.1204,27.8569],[85.1133,27.8572],[85.1121,27.8588],[85.1069,27.8591]],[[85.208,27.8986],[85.1989,27.8971],[85.1966,27.8974],[85.1955,27.8997],[85.1883,27.9024],[85.1852,27.9008],[85.1806,27.9016],[85.1683,27.8901],[85.166,27.8895],[85.163,27.8912],[85.1551,27.8866],[85.1536,27.8849],[85.1537,27.8785],[85.1523,27.8767]],[[85.2889,27.9154],[85.2834,27.9179],[85.2807,27.9157],[85.2712,27.9145]],[[85.2712,27.9145],[85.2677,27.9129]],[[85.2677,27.9129],[85.2595,27.909],[85.2485,27.9096],[85.2455,27.9063],[85.2426,27.9052],[85.2278,27.9047],[85.2223,27.8996],[85.2147,27.8982]]]}},{"type":"Feature","properties":{"name":"Ghami Khola","length_km":23,"rank":3},"geometry":{"type":"MultiLineString","coordinates":[[[83.7547,29.1117],[83.7669,29.1025],[83.7708,29.0947],[83.7742,29.0912],[83.7738,29.089],[83.7755,29.0871],[83.7793,29.0862],[83.7968,29.0888],[83.8033,29.0871],[83.8072,29.0883],[83.8124,29.0872],[83.818,29.0839],[83.8197,29.0812],[83.8421,29.0718],[83.8686,29.0707],[83.8717,29.0658],[83.8754,29.0649],[83.8767,29.0591],[83.8846,29.0531],[83.8861,29.0475],[83.8935,29.0448],[83.8961,29.0415],[83.8969,29.0377],[83.9,29.0357],[83.9017,29.0291],[83.9052,29.026],[83.903,29.0233],[83.9018,29.0173],[83.902,29.0122],[83.9036,29.0099],[83.9047,29.0102]]]}},{"type":"Feature","properties":{"name":"Putalisen","length_km":23,"rank":3},"geometry":{"type":"MultiLineString","coordinates":[[[80.7329,28.7807],[80.7322,28.7745],[80.7338,28.7733],[80.7371,28.7733],[80.7378,28.7701],[80.7303,28.7689],[80.73,28.7672],[80.7325,28.766],[80.7285,28.7649],[80.7303,28.7624],[80.7276,28.7578],[80.7355,28.7576],[80.7384,28.7555],[80.7378,28.7539],[80.7388,28.7528],[80.7375,28.7518],[80.7378,28.7503],[80.7357,28.7492],[80.7362,28.7452],[80.7346,28.7442],[80.7372,28.7425],[80.734,28.7412],[80.7352,28.7385],[80.7332,28.7354],[80.734,28.7346],[80.7311,28.7347],[80.7317,28.7319],[80.735,28.7307],[80.732,28.7265],[80.7342,28.7207],[80.732,28.7211],[80.7313,28.72],[80.732,28.7191],[80.7367,28.7194],[80.7369,28.7212],[80.7383,28.7206],[80.7371,28.718],[80.7388,28.7168],[80.7363,28.7144],[80.7396,28.713],[80.7377,28.7112],[80.7396,28.7092],[80.7388,28.7082],[80.7426,28.7057],[80.7415,28.7033],[80.7436,28.7008],[80.742,28.6994],[80.7467,28.6989],[80.7488,28.697],[80.7491,28.6938],[80.7462,28.6925],[80.7486,28.6901],[80.7487,28.688],[80.7507,28.6875],[80.7498,28.6852],[80.7535,28.6826],[80.7541,28.6808],[80.7519,28.6778],[80.7522,28.6758],[80.7497,28.6731],[80.7524,28.6726],[80.7494,28.6706],[80.7515,28.6678],[80.7484,28.6642],[80.7531,28.6608]]]}},{"type":"Feature","properties":{"name":"Dolai Khola","length_km":23,"rank":3,"name_ne":"दोलाई खोला पुल"},"geometry":{"type":"MultiLineString","coordinates":[[[82.7166,27.8701],[82.7108,27.8596],[82.7069,27.8598],[82.7015,27.8564],[82.7008,27.8546],[82.6883,27.854],[82.6859,27.8534],[82.6852,27.8515],[82.6796,27.8528],[82.676,27.8478],[82.6733,27.848],[82.6733,27.8498],[82.6703,27.8506],[82.669,27.853],[82.6604,27.8494],[82.6591,27.8518],[82.6536,27.8516],[82.6505,27.8502],[82.6498,27.8474],[82.6458,27.8497],[82.6413,27.8464],[82.6382,27.8493],[82.6341,27.8484],[82.6326,27.8456],[82.6262,27.8458],[82.6226,27.8425],[82.6199,27.8441],[82.6171,27.8436],[82.6115,27.8489],[82.6061,27.8495],[82.5977,27.8529],[82.5935,27.8502],[82.5892,27.8511],[82.5855,27.8482],[82.5817,27.8493],[82.5763,27.8469],[82.5754,27.8455],[82.5763,27.8415],[82.5682,27.8443],[82.5576,27.8383],[82.5513,27.8366],[82.5476,27.8381],[82.5416,27.8354]]]}},{"type":"Feature","properties":{"name":"Hapur River","length_km":23,"rank":3,"name_ne":"हापुर खोला"},"geometry":{"type":"MultiLineString","coordinates":[[[82.4814,28.1368],[82.4843,28.1299],[82.4761,28.1233],[82.4677,28.1209],[82.4631,28.1176],[82.4582,28.117],[82.4511,28.1117],[82.447,28.0973],[82.4432,28.0928],[82.4396,28.0914],[82.43,28.0824],[82.4031,28.0733],[82.3941,28.075],[82.3894,28.0746],[82.3809,28.068],[82.3775,28.0667],[82.3716,28.0662],[82.3675,28.0695],[82.3644,28.0698],[82.3621,28.0675],[82.3525,28.0643],[82.3411,28.0535],[82.3371,28.0543],[82.3352,28.0497],[82.3256,28.0434],[82.3251,28.0391],[82.3197,28.0376],[82.3177,28.0382],[82.316,28.0354]]]}},{"type":"Feature","properties":{"name":"Gurje River","length_km":23,"rank":3,"name_ne":"गुर्जे खोला"},"geometry":{"type":"MultiLineString","coordinates":[[[82.4827,28.1093],[82.4817,28.1061],[82.4763,28.1015],[82.475,28.0988],[82.4712,28.0966],[82.4657,28.089],[82.462,28.0876],[82.4618,28.0837],[82.4595,28.0807],[82.4609,28.0786],[82.4602,28.0778],[82.4631,28.0746],[82.4639,28.0705],[82.4615,28.0684],[82.4615,28.0653],[82.4588,28.0647],[82.4581,28.0627],[82.4539,28.0595],[82.4513,28.0594],[82.4524,28.057],[82.4472,28.054],[82.4444,28.0475],[82.4411,28.048],[82.44,28.0464],[82.4361,28.0472],[82.4317,28.0394],[82.4335,28.0361],[82.4317,28.0342],[82.4274,28.0336],[82.4263,28.0319],[82.4271,28.0295],[82.4251,28.0272],[82.4233,28.0283],[82.4215,28.0263],[82.4198,28.0265],[82.4212,28.0225],[82.4202,28.0207],[82.418,28.0205],[82.4174,28.0217],[82.4174,28.0192],[82.4133,28.0181],[82.4133,28.0202],[82.4105,28.0216],[82.4104,28.0228],[82.4027,28.0198],[82.4003,28.0215],[82.3932,28.0209],[82.3928,28.0234],[82.3897,28.02],[82.3885,28.0209],[82.3885,28.0238],[82.3863,28.0209],[82.3824,28.022],[82.3798,28.0179],[82.3754,28.0191],[82.3745,28.0157],[82.3729,28.0147]]]}},{"type":"Feature","properties":{"name":"Arjun Khola","length_km":23,"rank":3},"geometry":{"type":"MultiLineString","coordinates":[[[82.5959,27.9397],[82.5975,27.9357],[82.5971,27.9331],[82.5928,27.93],[82.5892,27.9307],[82.5844,27.9273],[82.5786,27.9286],[82.5808,27.9313],[82.5779,27.9323],[82.5774,27.9344],[82.574,27.9352],[82.5719,27.9375],[82.5574,27.9334],[82.5449,27.9315],[82.5404,27.9291],[82.5393,27.9262],[82.5325,27.9255],[82.5308,27.9235],[82.5245,27.9219],[82.5221,27.9232],[82.5217,27.916],[82.5171,27.9134],[82.521,27.9119],[82.5197,27.9099],[82.5225,27.908],[82.5202,27.9057],[82.5184,27.9075],[82.5156,27.9067],[82.5158,27.9008],[82.5102,27.8973],[82.5106,27.8878],[82.5079,27.8868],[82.5063,27.8826],[82.499,27.8771],[82.5011,27.8669],[82.5001,27.8604],[82.4971,27.8541],[82.4894,27.8478],[82.4808,27.848],[82.4765,27.8464]]]}},{"type":"Feature","properties":{"name":"Yak Khola","length_km":23,"rank":3},"geometry":{"type":"MultiLineString","coordinates":[[[84.0348,28.8378],[84.0327,28.8421],[84.0207,28.8532],[84.0212,28.8593],[84.0166,28.8738],[84.004,28.8857],[83.9923,28.9019],[83.9895,28.9101],[83.9845,28.9154],[83.982,28.9156],[83.9786,28.9198],[83.9766,28.9247],[83.9651,28.9321],[83.9635,28.9348],[83.9632,28.9427],[83.9549,28.9577],[83.9549,28.9618],[83.9573,28.9656],[83.9547,28.9728],[83.9573,28.9754],[83.9581,28.9791],[83.9455,28.9935]],[[83.9437,28.9996],[83.943,29.0048],[83.9439,29.0091]]]}},{"type":"Feature","properties":{"name":"Biring","length_km":23,"rank":3},"geometry":{"type":"MultiLineString","coordinates":[[[88.031,26.8179],[88.0315,26.8141],[88.0292,26.8123],[88.0289,26.809],[88.0319,26.8021],[88.0256,26.7908],[88.0268,26.7852],[88.0248,26.7801],[88.0267,26.777],[88.0291,26.7657]],[[88.0276,26.7603],[88.028,26.7579]],[[88.0276,26.7603],[88.0262,26.756]],[[88.0285,26.7634],[88.028,26.7623]],[[88.0292,26.7651],[88.0285,26.7634]],[[88.0283,26.765],[88.0278,26.7645]],[[88.028,26.7638],[88.0281,26.7638]],[[88.0291,26.7657],[88.0291,26.7645]],[[88.0283,26.765],[88.0278,26.7615]],[[88.0291,26.7657],[88.0283,26.765]],[[88.0291,26.7657],[88.0292,26.7651]],[[88.0278,26.7645],[88.028,26.7638]],[[88.0278,26.7615],[88.0276,26.7603]],[[88.028,26.7579],[88.0255,26.755]],[[88.0255,26.755],[88.0219,26.7502],[88.016,26.7344],[88.0143,26.7324],[88.0047,26.7285],[87.9988,26.7193],[87.9867,26.7055],[87.984,26.6925],[87.9802,26.6837],[87.9774,26.6817],[87.9772,26.679],[87.9737,26.6772],[87.9734,26.6751],[87.9686,26.6758],[87.9668,26.6727],[87.962,26.6706],[87.951,26.6626],[87.9482,26.6634],[87.9473,26.6616]]]}},{"type":"Feature","properties":{"name":"Bahuli Gadh","length_km":23,"rank":3},"geometry":{"type":"MultiLineString","coordinates":[[[81.1484,29.7103],[81.1473,29.7086],[81.1482,29.7079],[81.1473,29.7041],[81.1513,29.7002],[81.1505,29.6989],[81.1515,29.6972],[81.1514,29.691],[81.1503,29.6872],[81.1533,29.6858],[81.1535,29.6809],[81.1583,29.6723],[81.1564,29.6682],[81.1573,29.6663],[81.1539,29.654],[81.1546,29.6511],[81.1508,29.6425],[81.1512,29.6388],[81.1529,29.6333],[81.1596,29.6295],[81.1636,29.6249],[81.159,29.6216],[81.1591,29.6195],[81.1575,29.6174],[81.1586,29.6125],[81.1625,29.6104],[81.1631,29.6082],[81.1599,29.6009],[81.158,29.5994],[81.1577,29.593],[81.1645,29.5847],[81.1637,29.5835],[81.1644,29.579],[81.1717,29.5723],[81.1748,29.5669],[81.1808,29.5617],[81.1895,29.5585],[81.196,29.5576],[81.1953,29.5553],[81.1965,29.5531],[81.194,29.5511],[81.1956,29.5493]]]}},{"type":"Feature","properties":{"name":"Bhote Koshi","length_km":24,"rank":3,"name_ne":"भोटे कोशी"},"geometry":{"type":"MultiLineString","coordinates":[[[85.8771,27.8395],[85.8735,27.8358],[85.8698,27.8345],[85.8683,27.8299],[85.8694,27.8278],[85.8756,27.8246],[85.8778,27.8203],[85.8814,27.8171],[85.8817,27.8146],[85.8841,27.8136],[85.8855,27.81],[85.8876,27.8092],[85.8926,27.8034],[85.8923,27.8001],[85.8954,27.7985],[85.8956,27.7946],[85.8995,27.7865],[85.8968,27.7822],[85.8928,27.7794]],[[85.9456,27.9393],[85.9398,27.935],[85.9357,27.93],[85.9346,27.9242],[85.9299,27.9202],[85.9279,27.9155],[85.9236,27.913],[85.9217,27.9081],[85.9192,27.9072],[85.9172,27.9044],[85.9168,27.9013],[85.9139,27.8981],[85.9118,27.8845],[85.9092,27.8835],[85.9073,27.8806],[85.9008,27.8776],[85.8843,27.8745],[85.8822,27.873],[85.8807,27.868],[85.8776,27.8641],[85.877,27.8553],[85.8803,27.8503],[85.8804,27.844],[85.8796,27.841],[85.8771,27.8395]]]}},{"type":"Feature","properties":{"name":"Bheri","length_km":24,"rank":3},"geometry":{"type":"MultiLineString","coordinates":[[[82.5782,28.9894],[82.5755,28.9922],[82.5733,28.9897],[82.5677,28.9878],[82.5602,28.9891],[82.551,28.9874],[82.5372,28.9771],[82.5274,28.9636],[82.52,28.9586],[82.5177,28.9524],[82.5132,28.9495],[82.5141,28.9443],[82.5132,28.9422],[82.5152,28.9401],[82.5159,28.9311],[82.5042,28.9214],[82.5084,28.907],[82.5067,28.8998],[82.5075,28.8953],[82.5015,28.8893],[82.4965,28.8785],[82.4884,28.8737],[82.4824,28.8717],[82.4766,28.8718],[82.4728,28.8689],[82.4665,28.8688],[82.4638,28.8712],[82.4626,28.8751],[82.4549,28.8732],[82.4507,28.8691]]]}},{"type":"Feature","properties":{"name":"Chaudhahesi Khola","length_km":24,"rank":3},"geometry":{"type":"MultiLineString","coordinates":[[[82.532,29.4041],[82.5324,29.4019],[82.5281,29.3992],[82.5255,29.3937],[82.4946,29.3786],[82.4913,29.3741],[82.4906,29.3712],[82.4918,29.3672],[82.4896,29.3605],[82.4878,29.3597],[82.4862,29.3564],[82.4812,29.3545],[82.4801,29.3526],[82.4767,29.3526],[82.4629,29.3468],[82.4537,29.3392],[82.4365,29.3281],[82.4338,29.3228],[82.4281,29.3206],[82.4268,29.3174],[82.4198,29.3136],[82.4096,29.3119],[82.4059,29.3091],[82.4021,29.3124],[82.3833,29.3058],[82.3784,29.3059],[82.3769,29.3071],[82.371,29.3066],[82.3567,29.2971],[82.3526,29.2973]]]}},{"type":"Feature","properties":{"name":"Duduwa River","length_km":24,"rank":3},"geometry":{"type":"MultiLineString","coordinates":[[[81.7254,28.2355],[81.7269,28.2313],[81.7229,28.229],[81.7225,28.2265],[81.7179,28.224],[81.7176,28.221],[81.7134,28.219],[81.7114,28.2212],[81.7104,28.2208],[81.7119,28.2171],[81.7092,28.2093],[81.7061,28.2101],[81.7042,28.2127],[81.702,28.2111],[81.7018,28.2087],[81.6997,28.2093],[81.6981,28.2052],[81.6948,28.2039],[81.6979,28.2017],[81.6963,28.2013],[81.6967,28.1999],[81.6941,28.1943],[81.6963,28.1934],[81.6965,28.1899],[81.6997,28.1882],[81.6949,28.1872],[81.6925,28.1851],[81.696,28.1847],[81.6965,28.1828],[81.7015,28.1795],[81.6995,28.1776],[81.699,28.1805],[81.6978,28.1803],[81.6924,28.1692],[81.6941,28.1623],[81.6909,28.1617],[81.6926,28.1598],[81.6938,28.1549],[81.6954,28.158],[81.6976,28.1584],[81.6963,28.1522],[81.6932,28.1491],[81.6967,28.1467],[81.6962,28.1444],[81.6935,28.1417],[81.696,28.1347],[81.6923,28.1323],[81.6926,28.1293]],[[81.6926,28.1293],[81.6931,28.1285]],[[81.6931,28.1285],[81.6943,28.1274],[81.6917,28.1241],[81.6926,28.1216],[81.6895,28.121],[81.6877,28.119],[81.692,28.1169],[81.6921,28.1158],[81.6904,28.1148],[81.6861,28.1153],[81.686,28.1088]]]}},{"type":"Feature","properties":{"name":"Simbuwa Khola","length_km":24,"rank":3},"geometry":{"type":"MultiLineString","coordinates":[[[87.9429,27.5492],[87.931,27.5417],[87.9224,27.5384],[87.9181,27.5349],[87.9137,27.5274],[87.8983,27.5164],[87.8894,27.5145],[87.8807,27.511],[87.8698,27.5127],[87.8661,27.5113],[87.8559,27.5113],[87.8495,27.5135],[87.847,27.5175],[87.8467,27.5236],[87.8451,27.5263],[87.8416,27.5282],[87.8299,27.5288],[87.8252,27.5278],[87.8196,27.529],[87.8148,27.5285],[87.8125,27.5264],[87.809,27.527],[87.8027,27.5258]],[[87.989,27.5773],[87.9755,27.5668],[87.9709,27.5608],[87.9496,27.5554],[87.9429,27.5492]],[[87.9957,27.5789],[87.989,27.5773]]]}},{"type":"Feature","properties":{"name":"Khare Khola","length_km":24,"rank":3},"geometry":{"type":"MultiLineString","coordinates":[[[86.3885,27.8322],[86.3665,27.8264],[86.3609,27.8278],[86.3444,27.8268],[86.3351,27.8176],[86.3252,27.8147],[86.3191,27.8111],[86.3085,27.8087],[86.3039,27.8102],[86.2987,27.8066],[86.2944,27.7997],[86.295,27.7979],[86.2912,27.7935],[86.2916,27.7924],[86.2852,27.7876]],[[86.2651,27.7759],[86.2585,27.7724],[86.2555,27.7724],[86.2542,27.771],[86.2502,27.7712],[86.2483,27.7693],[86.2422,27.7681]],[[86.2422,27.7681],[86.2393,27.7671],[86.2356,27.7626],[86.2322,27.7619],[86.2274,27.7577],[86.2211,27.7557],[86.2149,27.7561],[86.2072,27.7593],[86.1953,27.7594]],[[86.2852,27.7876],[86.2781,27.7869],[86.2755,27.7838],[86.2711,27.7817],[86.2687,27.7776],[86.2651,27.7759]]]}},{"type":"Feature","properties":{"name":"Muguwa Khola","length_km":24,"rank":3},"geometry":{"type":"MultiLineString","coordinates":[[[81.9036,28.2195],[81.9057,28.22],[81.9055,28.2151],[81.9134,28.2108],[81.9144,28.206],[81.9161,28.2046],[81.9156,28.2024],[81.9204,28.1981],[81.9236,28.1971],[81.9249,28.1932],[81.922,28.1906],[81.9265,28.1856],[81.9229,28.1828],[81.927,28.1805],[81.9223,28.1777],[81.9191,28.1784],[81.9217,28.1721],[81.9188,28.1713],[81.9181,28.1681],[81.9152,28.1681],[81.9155,28.1651],[81.9124,28.1644],[81.9101,28.1594],[81.9046,28.1572],[81.9059,28.1538],[81.9024,28.1495],[81.9007,28.1497],[81.8975,28.1528],[81.8917,28.148],[81.8904,28.1434],[81.8829,28.1363],[81.8826,28.1307],[81.879,28.1279],[81.8763,28.1223],[81.8723,28.1186],[81.8712,28.1122],[81.8652,28.108],[81.8622,28.1037],[81.8611,28.097],[81.8554,28.0868],[81.8455,28.0778],[81.8402,28.0695]]]}},{"type":"Feature","properties":{"name":"Thungse Khola","length_km":24,"rank":3},"geometry":{"type":"MultiLineString","coordinates":[[[83.6598,27.7621],[83.6527,27.7618],[83.6494,27.7594],[83.6441,27.7592],[83.6406,27.7576],[83.6396,27.7535],[83.6412,27.7506],[83.6409,27.7463],[83.6378,27.7395],[83.6266,27.7355],[83.6222,27.7366],[83.6159,27.7359],[83.6141,27.7322],[83.615,27.7296],[83.6132,27.7272],[83.615,27.7244],[83.6121,27.7216],[83.6134,27.7185],[83.607,27.7148],[83.6071,27.713],[83.6008,27.7132],[83.5982,27.7118],[83.5964,27.7134],[83.5935,27.7124],[83.5909,27.7138],[83.589,27.7133],[83.587,27.7153],[83.5798,27.7127],[83.5768,27.7101],[83.5753,27.7135],[83.5714,27.7152],[83.5721,27.7164],[83.569,27.7185],[83.5682,27.7216],[83.5658,27.7224],[83.5667,27.727],[83.5577,27.7283],[83.5534,27.7263],[83.5511,27.7265],[83.5496,27.7306],[83.5419,27.732],[83.5403,27.7338],[83.5359,27.7351],[83.5367,27.7371],[83.5358,27.738],[83.5318,27.7385],[83.5294,27.7414],[83.5242,27.7424],[83.52,27.748],[83.5127,27.7508],[83.507,27.7492],[83.5048,27.7499]]]}},{"type":"Feature","properties":{"name":"Khabri Khola","length_km":24,"rank":3},"geometry":{"type":"MultiLineString","coordinates":[[[82.4775,27.6901],[82.478,27.684],[82.4823,27.6816],[82.4835,27.6791],[82.4858,27.679],[82.4899,27.6756],[82.4926,27.6624],[82.4944,27.6609],[82.4987,27.6512],[82.4963,27.6472],[82.4933,27.6453],[82.494,27.6415],[82.4902,27.6392],[82.4972,27.6377],[82.4988,27.6357],[82.4956,27.6314],[82.4981,27.629],[82.4919,27.6284],[82.4918,27.6258],[82.4943,27.6237],[82.4923,27.6241],[82.491,27.6224],[82.4914,27.6178],[82.4868,27.6172],[82.4891,27.6124],[82.4853,27.6118],[82.4846,27.609],[82.4881,27.608],[82.4885,27.6018],[82.4875,27.5987],[82.4843,27.5959],[82.4848,27.5936],[82.4797,27.5934],[82.4786,27.5891],[82.4734,27.5887],[82.4736,27.585],[82.4713,27.5848],[82.469,27.5804],[82.4659,27.5791],[82.469,27.5774],[82.4695,27.5751],[82.4663,27.5738],[82.4638,27.571],[82.4657,27.5699],[82.468,27.5717],[82.4696,27.5708],[82.47,27.5654],[82.4725,27.5622],[82.4697,27.5602],[82.4736,27.5577],[82.471,27.5542],[82.4735,27.5535]]]}},{"type":"Feature","properties":{"name":"Baluwa Nadi","length_km":24,"rank":3},"geometry":{"type":"MultiLineString","coordinates":[[[86.0402,26.9395],[86.0363,26.9369],[86.0365,26.9323],[86.0344,26.9282],[86.035,26.9254],[86.0401,26.918],[86.0531,26.9093],[86.0563,26.9092],[86.0565,26.907],[86.0546,26.9038],[86.0575,26.9024],[86.0605,26.9034],[86.0616,26.9025],[86.0643,26.8933],[86.0634,26.8885],[86.0659,26.8872],[86.0643,26.884],[86.0694,26.8778],[86.0652,26.875],[86.0704,26.8701],[86.0692,26.8679],[86.07,26.8598],[86.0688,26.8567],[86.0721,26.8513],[86.0795,26.8468],[86.0775,26.8419],[86.0798,26.8416],[86.0791,26.8368],[86.0714,26.8262],[86.0663,26.8247],[86.0662,26.8205],[86.0651,26.8209],[86.0637,26.8171],[86.0612,26.8163],[86.0616,26.8119],[86.0599,26.8047],[86.0585,26.8035],[86.0603,26.7985],[86.0596,26.795],[86.0608,26.7931],[86.0594,26.79],[86.0606,26.7889],[86.0582,26.7832],[86.0543,26.7831],[86.0537,26.782]]]}},{"type":"Feature","properties":{"name":"Ghustun Khola","length_km":24,"rank":3},"geometry":{"type":"MultiLineString","coordinates":[[[83.1894,28.7014],[83.1781,28.6925],[83.1758,28.6819],[83.1687,28.669],[83.1653,28.6571],[83.1487,28.6449],[83.1434,28.6436],[83.1328,28.6367],[83.1137,28.6304],[83.096,28.6354],[83.0844,28.6307],[83.0811,28.6257],[83.0718,28.6226],[83.0676,28.6237],[83.0574,28.6195],[83.0538,28.622],[83.0518,28.6252],[83.0432,28.63],[83.0343,28.6254],[83.0258,28.6267],[83.0234,28.6259],[83.0188,28.6212]]]}},{"type":"Feature","properties":{"name":"Tengra Khola","length_km":24,"rank":3},"geometry":{"type":"MultiLineString","coordinates":[[[87.2362,26.5887],[87.2355,26.5868],[87.2297,26.5817],[87.2271,26.5746],[87.2202,26.5719],[87.2169,26.5628],[87.2116,26.5559],[87.2122,26.5516],[87.2136,26.5505],[87.2124,26.5484],[87.2099,26.5478],[87.2087,26.5445],[87.2097,26.5423],[87.2137,26.5416],[87.2137,26.5372],[87.2106,26.5366],[87.21,26.5354],[87.2157,26.531],[87.2147,26.5281],[87.2123,26.5266],[87.2135,26.5258],[87.2124,26.5246],[87.2153,26.5179],[87.2148,26.5158],[87.2135,26.5166],[87.2101,26.5142],[87.211,26.5114],[87.2081,26.5022],[87.209,26.4988],[87.211,26.4972],[87.2107,26.4955],[87.2089,26.4956],[87.2092,26.493],[87.2049,26.49],[87.2061,26.4895],[87.2054,26.4875],[87.2074,26.4811],[87.2118,26.4817],[87.212,26.4797],[87.2137,26.4796],[87.2129,26.4783],[87.215,26.478],[87.2129,26.4756],[87.2141,26.4749],[87.2122,26.471],[87.2146,26.4709],[87.2155,26.468],[87.214,26.4659],[87.2152,26.4649],[87.2141,26.463],[87.2181,26.464],[87.2187,26.461],[87.2225,26.4597],[87.2218,26.4567],[87.2229,26.4543]]]}},{"type":"Feature","properties":{"name":"Khorunga Khola","length_km":24,"rank":3},"geometry":{"type":"MultiLineString","coordinates":[[[87.5328,27.2453],[87.528,27.2352],[87.5272,27.2303],[87.5299,27.2245],[87.5264,27.219],[87.5252,27.2134],[87.5277,27.2108],[87.5286,27.2073],[87.5362,27.1946],[87.5337,27.1917],[87.5346,27.1885],[87.533,27.1862],[87.5334,27.1831],[87.536,27.1795],[87.5346,27.1767],[87.5367,27.1739],[87.5388,27.174],[87.5384,27.1722],[87.5396,27.1711],[87.5361,27.1693],[87.5391,27.1663],[87.5382,27.1652],[87.5397,27.1645],[87.5396,27.1621],[87.5439,27.1602],[87.5433,27.1586],[87.5448,27.1576],[87.5448,27.1544],[87.5472,27.1523],[87.546,27.1478],[87.5531,27.1389],[87.5538,27.1349],[87.5621,27.1305],[87.5626,27.1287],[87.566,27.1279],[87.5675,27.1254],[87.57,27.1249],[87.5714,27.1231],[87.5767,27.1224],[87.5776,27.1209],[87.5794,27.1217],[87.5799,27.1192],[87.5819,27.1182],[87.5858,27.1199],[87.5895,27.1175],[87.5911,27.1196],[87.5921,27.1178],[87.595,27.1178],[87.5952,27.1166],[87.5971,27.1172],[87.5982,27.1145],[87.6007,27.115],[87.6011,27.1135],[87.6062,27.1125]],[[87.604,27.1128],[87.6108,27.1103]]]}},{"type":"Feature","properties":{"name":"Kairang Khola","length_km":24,"rank":3},"geometry":{"type":"MultiLineString","coordinates":[[[81.4878,29.9626],[81.4934,29.9685],[81.4958,29.9685],[81.5055,29.9742],[81.5121,29.9758],[81.5171,29.976],[81.5197,29.9747],[81.5232,29.9758],[81.5396,29.9731],[81.5423,29.9743],[81.5477,29.9726],[81.5597,29.9742],[81.5635,29.9721],[81.5835,29.9772],[81.5856,29.979],[81.5895,29.9778],[81.5907,29.9788],[81.6007,29.9781],[81.6168,29.9823],[81.6256,29.9796],[81.6331,29.98],[81.635,29.9809],[81.6352,29.985],[81.6249,29.991],[81.6251,29.9951],[81.6231,30.0002],[81.6242,30.0025],[81.6326,30.0088],[81.6387,30.0194],[81.6474,30.0271],[81.6519,30.0342]]]}},{"type":"Feature","properties":{"name":"Gandak River","length_km":25,"rank":3},"geometry":{"type":"MultiLineString","coordinates":[[[83.8854,27.4334],[83.8769,27.4257],[83.8602,27.4213],[83.86,27.4159],[83.8641,27.4022],[83.8492,27.3957],[83.8472,27.3935],[83.853,27.39],[83.8545,27.3797],[83.8593,27.3658],[83.8568,27.3555]],[[83.8568,27.3555],[83.8529,27.3519],[83.8533,27.3496],[83.8489,27.3429],[83.8432,27.3401],[83.8392,27.3361],[83.8343,27.3271],[83.8344,27.3225],[83.8398,27.3111],[83.8416,27.3028]],[[83.8568,27.3555],[83.8575,27.3504],[83.8564,27.345],[83.8511,27.3344],[83.8501,27.323],[83.8472,27.3219],[83.8497,27.3173],[83.844,27.3054],[83.8416,27.3028]]]}},{"type":"Feature","properties":{"name":"Ninda Khola","length_km":25,"rank":3},"geometry":{"type":"MultiLineString","coordinates":[[[88.1466,26.7505],[88.1453,26.7406],[88.1421,26.7348],[88.1329,26.7242],[88.1269,26.7201],[88.1233,26.6968],[88.117,26.6905],[88.1173,26.6819],[88.1154,26.6742],[88.106,26.6583],[88.1061,26.6556],[88.111,26.6508],[88.1116,26.6458],[88.1132,26.6438],[88.1118,26.6418],[88.1133,26.639],[88.1104,26.6364],[88.1118,26.6312],[88.1102,26.6303],[88.1122,26.626],[88.1142,26.6245],[88.1125,26.6191],[88.1151,26.6136],[88.1118,26.6104],[88.112,26.6024],[88.1086,26.5977],[88.1053,26.5962],[88.1041,26.5933],[88.1042,26.5902],[88.1069,26.5865],[88.102,26.5827],[88.0992,26.5751]],[[88.107,26.5871],[88.1076,26.5849],[88.104,26.5804],[88.1059,26.5784],[88.1022,26.5747],[88.1034,26.572]]]}},{"type":"Feature","properties":{"name":"Likhu Khola","length_km":25,"rank":3},"geometry":{"type":"MultiLineString","coordinates":[[[85.4134,27.8544],[85.4106,27.8553],[85.4089,27.854],[85.404,27.8566],[85.4009,27.8558],[85.3997,27.8588],[85.3933,27.8575],[85.3908,27.8601],[85.3878,27.8592],[85.3809,27.8617],[85.3754,27.8618],[85.3707,27.8589],[85.3671,27.8594],[85.3667,27.8611],[85.3623,27.8634],[85.361,27.8616],[85.3558,27.862],[85.35,27.8603],[85.348,27.8611],[85.3432,27.8596],[85.3383,27.8611],[85.3355,27.8601],[85.3264,27.8618],[85.3178,27.8592],[85.3137,27.8594],[85.3095,27.8645],[85.3047,27.8654],[85.3022,27.8651],[85.2998,27.8625],[85.2954,27.8628],[85.2899,27.8668],[85.2743,27.8724],[85.2679,27.8801],[85.2617,27.8816],[85.2564,27.8847],[85.2551,27.8871],[85.2506,27.8889],[85.2495,27.8927],[85.2476,27.893]],[[85.2672,27.8802],[85.2632,27.88],[85.2617,27.8816]],[[85.2329,27.8955],[85.2274,27.8953],[85.222,27.8963],[85.2207,27.8977],[85.2184,27.8972]],[[85.2476,27.893],[85.2355,27.8923],[85.2329,27.8955]]]}},{"type":"Feature","properties":{"name":"Chure River","length_km":25,"rank":3},"geometry":{"type":"MultiLineString","coordinates":[[[86.3453,26.7643],[86.3463,26.7622],[86.3452,26.7601],[86.3439,26.7596],[86.3402,26.7623],[86.3386,26.7603],[86.3399,26.758],[86.3445,26.7553],[86.3432,26.7521],[86.3402,26.7494],[86.3392,26.7453],[86.3411,26.7437],[86.3422,26.7449],[86.3431,26.7429],[86.3465,26.7411],[86.349,26.7329],[86.3509,26.7303],[86.3534,26.7295],[86.3544,26.7233],[86.3594,26.7203],[86.3583,26.7171],[86.3594,26.7135],[86.3508,26.7055],[86.3536,26.6999],[86.3503,26.6939],[86.3512,26.6921]],[[86.3821,26.863],[86.3854,26.861],[86.3835,26.8569],[86.3892,26.8482],[86.3893,26.8444],[86.3834,26.8375],[86.3793,26.8352],[86.3784,26.8289],[86.3729,26.8208],[86.3667,26.8147],[86.3626,26.8038],[86.3518,26.7918],[86.3512,26.7809],[86.3448,26.7733],[86.342,26.766],[86.3426,26.7647],[86.3453,26.7643]]]}},{"type":"Feature","properties":{"name":"Rangun Khola","length_km":25,"rank":3},"geometry":{"type":"MultiLineString","coordinates":[[[80.3322,29.139],[80.3287,29.1404],[80.3218,29.1405],[80.3176,29.1427],[80.3108,29.1439],[80.3046,29.1503],[80.2961,29.1501],[80.2846,29.1479],[80.273,29.1398]],[[80.504,29.1326],[80.499,29.1306],[80.4896,29.1339],[80.4867,29.1315],[80.4756,29.131],[80.4696,29.1277],[80.4637,29.1285],[80.4601,29.1241],[80.4563,29.1264],[80.4454,29.1265],[80.435,29.1295],[80.4252,29.1288],[80.42,29.1306],[80.412,29.1301],[80.4029,29.134],[80.3932,29.1336],[80.3851,29.1307],[80.3831,29.1317]],[[80.3705,29.1317],[80.3662,29.1338],[80.3521,29.1328],[80.347,29.1343],[80.3406,29.1331],[80.3365,29.1346],[80.3322,29.139]],[[80.3831,29.1317],[80.3786,29.1328],[80.3705,29.1317]]]}},{"type":"Feature","properties":{"name":"Patu Khola","length_km":25,"rank":3,"name_ne":"पातु खोला"},"geometry":{"type":"MultiLineString","coordinates":[[[82.3096,28.2216],[82.3136,28.2176],[82.3122,28.2126],[82.3146,28.208],[82.3153,28.2026],[82.3135,28.2021],[82.3126,28.1854],[82.3101,28.1804],[82.3114,28.1737],[82.3102,28.171],[82.3106,28.1662],[82.306,28.1591],[82.3031,28.1489],[82.2983,28.1426],[82.296,28.1368],[82.2897,28.1313],[82.2879,28.1251],[82.2795,28.1223],[82.2714,28.116],[82.2662,28.1144],[82.2607,28.1152],[82.2571,28.113],[82.2535,28.1061],[82.2364,28.0978],[82.2332,28.098],[82.2315,28.0952],[82.2249,28.0917],[82.2185,28.0821],[82.214,28.0792],[82.2043,28.0691],[82.1946,28.0726]]]}},{"type":"Feature","properties":{"name":"Chepe Khola","length_km":25,"rank":3},"geometry":{"type":"MultiLineString","coordinates":[[[84.6027,28.1556],[84.6008,28.1518],[84.597,28.1514],[84.5949,28.1485],[84.589,28.1484],[84.5883,28.1467],[84.5855,28.1461],[84.5873,28.1433],[84.5761,28.1383],[84.5769,28.1362],[84.5747,28.1342],[84.576,28.1331],[84.574,28.1306],[84.5703,28.1308],[84.5704,28.1286],[84.5611,28.1279],[84.5591,28.1268],[84.559,28.125],[84.5558,28.1247],[84.5557,28.1212],[84.5519,28.1204],[84.5543,28.119],[84.5541,28.1161],[84.5509,28.1151],[84.5492,28.1124],[84.5511,28.1106],[84.551,28.1087],[84.5472,28.1074],[84.5456,28.1041],[84.5408,28.1],[84.535,28.1009],[84.5294,28.0988],[84.5263,28.0961],[84.5205,28.0951],[84.5178,28.091],[84.5129,28.0879],[84.5022,28.0871],[84.4983,28.0855],[84.4944,28.0869],[84.4918,28.0858],[84.4842,28.0867],[84.4802,28.0893],[84.4783,28.0889],[84.4776,28.0874],[84.4799,28.083],[84.4786,28.0815],[84.4794,28.0797],[84.4855,28.0807],[84.4877,28.0778],[84.4876,28.0768],[84.4851,28.0776],[84.4838,28.0767],[84.4854,28.0734],[84.4881,28.0716],[84.4871,28.0699],[84.4881,28.0669],[84.4857,28.0649],[84.4873,28.0627],[84.4825,28.0563],[84.4811,28.0559],[84.4776,28.0586]]]}},{"type":"Feature","properties":{"name":"Saur Khola","length_km":25,"rank":3},"geometry":{"type":"MultiLineString","coordinates":[[[80.9861,29.3871],[80.9897,29.3809],[80.9914,29.381],[80.9972,29.3767],[80.9971,29.3749],[80.9948,29.374],[80.9922,29.3704],[80.9888,29.3696],[80.9888,29.3669],[80.9865,29.3674],[80.9851,29.3656],[80.9832,29.3667],[80.981,29.3649],[80.9777,29.3662],[80.9769,29.3682],[80.9736,29.3675],[80.9719,29.3688],[80.9716,29.3709],[80.9688,29.3716],[80.9664,29.3695],[80.9636,29.3699],[80.9566,29.3655],[80.9516,29.3647],[80.9499,29.3656],[80.9484,29.3622],[80.9418,29.3604]],[[80.9155,29.3676],[80.9136,29.3663],[80.9065,29.368],[80.9063,29.3661],[80.9021,29.3651],[80.8988,29.3664],[80.8982,29.368],[80.8898,29.3692],[80.8891,29.3726],[80.8854,29.3743],[80.8811,29.3736],[80.8801,29.3719],[80.873,29.3712],[80.868,29.3728],[80.8662,29.3707],[80.8638,29.3714],[80.8597,29.3676],[80.8487,29.3655],[80.8418,29.3604],[80.8329,29.3573],[80.8132,29.3649]],[[80.9418,29.3604],[80.9365,29.3604],[80.9347,29.3628],[80.9303,29.3647],[80.9255,29.3641],[80.922,29.367],[80.9155,29.3676]]]}},{"type":"Feature","properties":{"name":"Ratu Nadi","length_km":25,"rank":3},"geometry":{"type":"MultiLineString","coordinates":[[[85.8877,27.1301],[85.8921,27.1294],[85.8957,27.1304],[85.9022,27.126],[85.906,27.1179],[85.9156,27.1132],[85.9177,27.1054],[85.9304,27.1018],[85.9374,27.0966],[85.9389,27.0893],[85.9356,27.0784],[85.9362,27.0732],[85.9457,27.0643],[85.9437,27.0564],[85.9362,27.05],[85.933,27.0438],[85.927,27.0414],[85.9153,27.0427],[85.914,27.0365],[85.9169,27.0352],[85.9198,27.0369],[85.9223,27.0363],[85.9271,27.031],[85.9271,27.0286],[85.9249,27.0245],[85.9202,27.0219],[85.9186,27.0186],[85.915,27.017],[85.913,27.0137],[85.9104,27.0049],[85.9109,27.0019],[85.9134,26.9997],[85.9147,26.9936],[85.9125,26.9864],[85.9081,26.9803]]]}},{"type":"Feature","properties":{"name":"Bijayapur River","length_km":26,"rank":3,"name_ne":"विजयपुर नदी"},"geometry":{"type":"MultiLineString","coordinates":[[[84.0298,28.2169],[84.0268,28.2109],[84.0287,28.2093],[84.0238,28.206],[84.0251,28.2035],[84.0248,28.201],[84.0278,28.1988],[84.0266,28.1965],[84.0283,28.1954],[84.0271,28.1927],[84.0288,28.1906],[84.0287,28.1885],[84.0267,28.185],[84.0342,28.1772],[84.034,28.1714],[84.0362,28.1698],[84.0343,28.1667],[84.0353,28.1657],[84.0351,28.1613],[84.038,28.1555]],[[84.0575,28.249],[84.0583,28.2481],[84.057,28.2468],[84.0577,28.244],[84.0518,28.2338]],[[84.0339,28.3199],[84.0297,28.3179],[84.029,28.3147],[84.0263,28.3131],[84.0261,28.3074],[84.0289,28.3054],[84.0339,28.298],[84.0452,28.2934],[84.0481,28.2902],[84.0535,28.2878],[84.0612,28.2802],[84.0598,28.2749],[84.0615,28.2713],[84.0623,28.2671],[84.0614,28.2632],[84.0627,28.2607],[84.0617,28.2542],[84.0598,28.2531],[84.0608,28.2515],[84.0575,28.249]],[[84.0541,28.2299],[84.0562,28.2262],[84.0557,28.2244]],[[84.0518,28.2338],[84.0541,28.2299]],[[84.0557,28.2244],[84.048,28.2168],[84.0343,28.2154],[84.0298,28.2169]]]}},{"type":"Feature","properties":{"name":"Ngadi","length_km":26,"rank":3},"geometry":{"type":"MultiLineString","coordinates":[[[84.5596,28.4431],[84.5521,28.443],[84.5485,28.4483],[84.542,28.4486],[84.5342,28.4423],[84.5328,28.4399],[84.5275,28.438],[84.5235,28.4388],[84.5188,28.4353],[84.5175,28.4328],[84.5094,28.4285],[84.5046,28.4211],[84.5078,28.4182],[84.5077,28.4158],[84.5052,28.4134],[84.5049,28.4098],[84.5015,28.4059],[84.4957,28.3906],[84.4915,28.3858],[84.489,28.3803],[84.4853,28.3773],[84.4852,28.3748],[84.4802,28.3734],[84.4805,28.3726],[84.4765,28.3714],[84.4731,28.3674],[84.4691,28.3661],[84.4631,28.3543],[84.4634,28.3526],[84.4612,28.3505],[84.4602,28.3438]],[[84.4602,28.3438],[84.4565,28.3394],[84.4459,28.3351],[84.43,28.3318],[84.4207,28.3263],[84.4143,28.3268],[84.4081,28.3241],[84.4054,28.3213],[84.4028,28.3132],[84.4006,28.3132]]]}},{"type":"Feature","properties":{"name":"Dano River","length_km":26,"rank":3},"geometry":{"type":"MultiLineString","coordinates":[[[83.3235,27.5899],[83.3261,27.5856],[83.3266,27.5796],[83.331,27.5776],[83.3291,27.5702],[83.3336,27.5705],[83.3365,27.5656],[83.3409,27.5667],[83.3431,27.5655],[83.3407,27.5614],[83.3455,27.5589],[83.3453,27.5568],[83.3405,27.5548],[83.3366,27.5421],[83.3393,27.5401],[83.3416,27.543],[83.3433,27.5428],[83.3485,27.5377],[83.3481,27.5357],[83.3426,27.5321],[83.3422,27.5305],[83.3445,27.5255],[83.349,27.5236],[83.3436,27.5196],[83.3454,27.5158],[83.346,27.5093],[83.343,27.5058],[83.3346,27.5064],[83.3353,27.5018],[83.3325,27.4986],[83.3316,27.4949],[83.3322,27.4862],[83.3351,27.4799],[83.333,27.4755],[83.337,27.4743],[83.3372,27.4728],[83.3343,27.4705],[83.3334,27.4679],[83.3303,27.4684],[83.3287,27.467],[83.3294,27.4614],[83.3242,27.4602],[83.3158,27.451],[83.3171,27.4489],[83.3218,27.4489],[83.3288,27.4451],[83.3259,27.4397],[83.3268,27.4383]]]}},{"type":"Feature","properties":{"name":"Thuli Gad","length_km":26,"rank":3},"geometry":{"type":"MultiLineString","coordinates":[[[80.5822,29.2869],[80.5751,29.2844],[80.5693,29.2845],[80.5666,29.2819],[80.5625,29.2815],[80.5615,29.2781],[80.5493,29.2764],[80.547,29.2743],[80.5459,29.276],[80.5471,29.2774],[80.545,29.2783],[80.5445,29.2804],[80.546,29.2816],[80.544,29.2822],[80.5435,29.2841],[80.5402,29.2811],[80.5389,29.2839],[80.5349,29.284],[80.5334,29.2865],[80.5352,29.288],[80.5353,29.2898],[80.5283,29.2878],[80.5293,29.2867],[80.526,29.2877],[80.5249,29.2854],[80.5235,29.2853],[80.5228,29.286],[80.5244,29.2885],[80.5215,29.2885],[80.5193,29.2932],[80.5167,29.2936],[80.5182,29.2977],[80.5154,29.2977],[80.5168,29.299],[80.5135,29.2998],[80.5152,29.3009],[80.5142,29.3016],[80.515,29.3032],[80.5109,29.3028],[80.5099,29.301],[80.5093,29.3052],[80.5069,29.3012],[80.5017,29.3012],[80.4997,29.299],[80.5012,29.2976],[80.4999,29.2965],[80.4978,29.2982],[80.4982,29.2996],[80.4955,29.3009],[80.4967,29.2963],[80.4955,29.2958],[80.4938,29.2978],[80.4893,29.2983],[80.4877,29.3],[80.4858,29.2996],[80.4845,29.3016],[80.4804,29.303],[80.4826,29.3037],[80.4809,29.3045],[80.4815,29.3062],[80.4762,29.307],[80.4712,29.313],[80.4683,29.312],[80.4654,29.3144],[80.4611,29.3136],[80.4528,29.3203],[80.4495,29.3246],[80.4465,29.3228],[80.4468,29.3309]]]}},{"type":"Feature","properties":{"name":"Kailash Khola","length_km":26,"rank":3},"geometry":{"type":"MultiLineString","coordinates":[[[81.4087,29.1853],[81.4051,29.1816],[81.402,29.181],[81.4006,29.1783],[81.3916,29.1787],[81.384,29.1744],[81.3805,29.1695],[81.3775,29.1693],[81.3742,29.1668],[81.3721,29.1686],[81.3691,29.166],[81.3633,29.1674],[81.3605,29.1667],[81.3584,29.1689],[81.3486,29.1668],[81.3413,29.1676],[81.3316,29.1645],[81.3297,29.1663],[81.3248,29.1635],[81.3216,29.1661],[81.3131,29.1641],[81.309,29.1671],[81.307,29.166],[81.3078,29.1621],[81.3065,29.1616],[81.2967,29.162],[81.2946,29.1645],[81.2915,29.1642],[81.2876,29.1666],[81.284,29.1635],[81.2828,29.165],[81.2773,29.1651],[81.2695,29.1629],[81.2628,29.1677],[81.2615,29.1635],[81.2538,29.1598],[81.2527,29.1622],[81.2496,29.1631],[81.2435,29.1639],[81.2376,29.1623],[81.233,29.167],[81.2313,29.1635],[81.228,29.1635],[81.2261,29.1619],[81.2215,29.1629],[81.221,29.1599],[81.2185,29.1611],[81.2171,29.1583],[81.2145,29.1589],[81.2123,29.1576],[81.21,29.1593]]]}},{"type":"Feature","properties":{"name":"Dhordi Khola","length_km":26,"rank":3},"geometry":{"type":"MultiLineString","coordinates":[[[84.5727,28.3213],[84.5566,28.3077],[84.5539,28.301],[84.5528,28.2939],[84.5431,28.2861],[84.5309,28.272],[84.524,28.2703],[84.5231,28.2685],[84.5177,28.267],[84.5022,28.2574],[84.4996,28.254],[84.4915,28.2533],[84.4825,28.2502],[84.475,28.2524],[84.4658,28.2472],[84.462,28.2464],[84.4545,28.2402],[84.4502,28.2315],[84.4512,28.2297],[84.4509,28.2233],[84.4494,28.2224],[84.4503,28.2205],[84.4476,28.2189],[84.4475,28.2125],[84.4494,28.2109],[84.4484,28.2092],[84.4525,28.2024],[84.4521,28.197],[84.4586,28.1868],[84.4542,28.1735],[84.451,28.1682],[84.4468,28.167],[84.4446,28.1642]]]}},{"type":"Feature","properties":{"name":"Chandrabhaga Gad","length_km":26,"rank":3},"geometry":{"type":"MultiLineString","coordinates":[[[80.2009,29.5761],[80.2158,29.5685],[80.2189,29.5699],[80.2197,29.5684],[80.2213,29.569],[80.2233,29.5716],[80.2272,29.5729],[80.2289,29.5731],[80.229,29.5719],[80.2316,29.5731],[80.2345,29.5708],[80.2424,29.5726],[80.2539,29.5668],[80.2556,29.5606],[80.2596,29.5589],[80.2588,29.5576],[80.2558,29.5569],[80.2567,29.5534],[80.2613,29.5532],[80.2644,29.5513],[80.269,29.5506],[80.2706,29.5511],[80.2719,29.5489],[80.2734,29.5459],[80.2699,29.5459],[80.2695,29.5405],[80.2716,29.5387],[80.27,29.5355],[80.272,29.5358],[80.2743,29.5342],[80.2755,29.5294],[80.2731,29.5231],[80.2712,29.5221],[80.278,29.5149],[80.2799,29.5107],[80.2781,29.5088],[80.2761,29.5086],[80.2766,29.5062],[80.275,29.5043],[80.2753,29.5023],[80.2737,29.5016],[80.2734,29.4987],[80.2708,29.4982],[80.272,29.4964],[80.2713,29.4943],[80.2735,29.492],[80.2715,29.4876],[80.2758,29.4858],[80.2745,29.4831],[80.272,29.4838],[80.2684,29.4792],[80.2678,29.4759],[80.2655,29.4732],[80.266,29.4706],[80.2639,29.4685],[80.2637,29.4643],[80.2654,29.4596],[80.2689,29.4592],[80.2709,29.4566]]]}},{"type":"Feature","properties":{"name":"Ladhari River","length_km":27,"rank":3},"geometry":{"type":"MultiLineString","coordinates":[[[84.5732,27.6282],[84.5649,27.6218],[84.564,27.6194],[84.5604,27.6182],[84.5612,27.6169],[84.559,27.6142]],[[84.6088,27.67],[84.6074,27.6675],[84.6025,27.666],[84.5987,27.6679],[84.5956,27.6676],[84.5938,27.6598],[84.5918,27.6575],[84.5925,27.6556],[84.5908,27.6496],[84.5859,27.6445],[84.5867,27.639],[84.5853,27.6356],[84.5791,27.6315],[84.5781,27.6281],[84.5749,27.6293],[84.5732,27.6282]],[[84.559,27.6142],[84.5589,27.614]],[[84.5589,27.614],[84.5575,27.6123],[84.5544,27.6125],[84.5511,27.6108],[84.5525,27.6088],[84.5477,27.6064],[84.5474,27.6032],[84.5452,27.6026],[84.5423,27.6038],[84.5439,27.605],[84.5428,27.6066],[84.5409,27.6049],[84.537,27.6061],[84.5351,27.6052],[84.5346,27.6034],[84.5304,27.6037],[84.5305,27.6007],[84.5238,27.6005],[84.5219,27.5971],[84.5196,27.5966],[84.5169,27.5989],[84.5172,27.6029],[84.5156,27.6038],[84.5108,27.6018],[84.5074,27.5972],[84.4932,27.5904],[84.4908,27.5928],[84.4919,27.5958],[84.4893,27.5972],[84.4803,27.5948],[84.4768,27.5957],[84.4732,27.5921],[84.4692,27.5939],[84.466,27.5899],[84.4658,27.5814],[84.468,27.5783],[84.4729,27.5779],[84.4725,27.5755]],[[84.5012,27.594],[84.4989,27.5933]]]}},{"type":"Feature","properties":{"name":"Sabha Khola","length_km":27,"rank":3},"geometry":{"type":"MultiLineString","coordinates":[[[87.2316,27.3558],[87.2292,27.3559],[87.231,27.3519],[87.2258,27.3475],[87.2186,27.3434],[87.2148,27.3434],[87.2107,27.3398],[87.2086,27.3402],[87.2037,27.3362],[87.2049,27.3345],[87.2012,27.3327],[87.2045,27.3275],[87.2021,27.3247],[87.2061,27.3226],[87.2049,27.3202],[87.2131,27.3119],[87.2106,27.3053],[87.2069,27.3036],[87.2081,27.3019],[87.2072,27.299],[87.2097,27.297],[87.2104,27.2941]],[[87.2104,27.2941],[87.2141,27.2909],[87.2093,27.2848],[87.2112,27.2831],[87.2133,27.2766],[87.2084,27.2737],[87.2064,27.2709]],[[87.3048,27.425],[87.3043,27.4212],[87.2973,27.417],[87.2937,27.4094],[87.2893,27.406],[87.2863,27.406],[87.2844,27.4019],[87.2805,27.4004],[87.2812,27.3941],[87.2731,27.389],[87.2738,27.3856],[87.2694,27.3828],[87.2703,27.3804],[87.2613,27.377],[87.2609,27.3737],[87.2567,27.3745],[87.2518,27.3729],[87.2505,27.3701],[87.2462,27.3698],[87.2431,27.368],[87.243,27.3641],[87.241,27.3644],[87.2413,27.3615],[87.2384,27.3599],[87.2376,27.3574],[87.2332,27.3575]],[[87.2332,27.3575],[87.2316,27.3558]]]}},{"type":"Feature","properties":{"name":"Sarda Khola","length_km":27,"rank":3},"geometry":{"type":"MultiLineString","coordinates":[[[82.2901,28.4335],[82.2807,28.426],[82.2782,28.4271],[82.2679,28.42],[82.2647,28.4207],[82.2618,28.4183],[82.2599,28.4195],[82.2582,28.4176],[82.2534,28.4218],[82.2514,28.4209],[82.2509,28.4237],[82.2492,28.4237],[82.2482,28.4252],[82.248,28.4288],[82.246,28.4285],[82.2416,28.4305],[82.2343,28.4259],[82.2314,28.4272],[82.2277,28.4247],[82.2121,28.422],[82.2106,28.4226],[82.2124,28.4288],[82.2102,28.4295],[82.2079,28.4338],[82.2054,28.4324],[82.2043,28.4345],[82.1991,28.4351],[82.1938,28.4347],[82.1922,28.4331],[82.1882,28.4335],[82.1872,28.4298],[82.1796,28.4288],[82.1804,28.4273],[82.1789,28.4246],[82.1798,28.4222],[82.1795,28.4116],[82.1836,28.4076]],[[82.3171,28.4592],[82.3156,28.4608],[82.3118,28.4599],[82.3079,28.4625],[82.3076,28.4611],[82.3037,28.4596],[82.302,28.4573],[82.3,28.4608],[82.2986,28.4609],[82.2973,28.4584],[82.2981,28.4569],[82.2934,28.4542],[82.2944,28.4532],[82.2847,28.4472],[82.2847,28.4449],[82.2874,28.4434]],[[82.3219,28.4627],[82.3206,28.4631],[82.3203,28.4614],[82.3181,28.4613],[82.3184,28.4582]],[[82.3184,28.4582],[82.3171,28.4592]],[[82.2874,28.4434],[82.2866,28.4387],[82.288,28.4346],[82.2901,28.4335]]]}},{"type":"Feature","properties":{"name":"Jamuwar","length_km":27,"rank":3},"geometry":{"type":"MultiLineString","coordinates":[[[83.0966,27.5836],[83.0956,27.5812],[83.0937,27.5804],[83.0951,27.578],[83.095,27.5744],[83.088,27.5662]],[[83.1151,27.6262],[83.1158,27.6207],[83.1189,27.6204],[83.1193,27.6185],[83.1169,27.6153],[83.1183,27.6113],[83.1171,27.6105],[83.1177,27.6086],[83.116,27.6064],[83.1159,27.6035],[83.11,27.6025],[83.1099,27.5983],[83.1114,27.5966],[83.1102,27.5949],[83.1039,27.5902],[83.0989,27.5905],[83.0994,27.5894],[83.0966,27.5836]],[[83.088,27.5662],[83.0878,27.5642],[83.0854,27.5637],[83.0863,27.5628],[83.0852,27.5621],[83.0867,27.5591],[83.0858,27.5586],[83.0872,27.558],[83.0874,27.5542],[83.0834,27.5526],[83.0812,27.5487],[83.0775,27.5496],[83.0705,27.5467],[83.0685,27.5471],[83.0669,27.5447],[83.0685,27.5425]],[[83.0685,27.5425],[83.0703,27.5386],[83.0688,27.5369],[83.0679,27.5325],[83.0701,27.5312],[83.069,27.5296],[83.0703,27.5276],[83.0693,27.5269],[83.0724,27.5225],[83.0722,27.5205],[83.0752,27.519],[83.0786,27.5197],[83.0799,27.5164],[83.0848,27.5157],[83.0872,27.5139],[83.0882,27.5151],[83.0905,27.5146],[83.0903,27.5119],[83.0873,27.511],[83.0874,27.5094],[83.0854,27.5099],[83.0861,27.5069],[83.0873,27.5067],[83.0864,27.505],[83.0839,27.5058],[83.0815,27.5042],[83.08,27.5006],[83.0753,27.501],[83.0743,27.4995]]]}},{"type":"Feature","properties":{"name":"Koilabas Khola","length_km":27,"rank":3},"geometry":{"type":"MultiLineString","coordinates":[[[82.5471,27.7246],[82.5314,27.7137],[82.5261,27.7132],[82.5247,27.7145],[82.5207,27.712],[82.5186,27.7125],[82.5172,27.711],[82.5193,27.7097],[82.516,27.7081],[82.518,27.7061],[82.5174,27.7046],[82.5206,27.7052],[82.5203,27.7034],[82.5248,27.7018],[82.5248,27.7002],[82.5267,27.6993],[82.5265,27.692],[82.5278,27.6894],[82.5267,27.681],[82.5306,27.6759],[82.5294,27.6737],[82.5301,27.6722],[82.5335,27.6703],[82.53,27.661],[82.5344,27.6594],[82.535,27.6551],[82.537,27.6526],[82.5341,27.6476],[82.534,27.6438],[82.5374,27.6409],[82.5392,27.6364],[82.5407,27.6364],[82.5452,27.6402],[82.5459,27.6346],[82.5484,27.6343],[82.5505,27.6316],[82.5549,27.6325],[82.5548,27.6273],[82.5566,27.6268],[82.5566,27.625],[82.5599,27.622],[82.5645,27.62],[82.5664,27.616],[82.5657,27.6129],[82.5676,27.6115],[82.5651,27.6073],[82.567,27.6041],[82.5684,27.6058],[82.5672,27.6077],[82.5692,27.6096],[82.573,27.6039],[82.5778,27.605],[82.5774,27.603],[82.5802,27.6],[82.5804,27.5964],[82.5825,27.5938],[82.587,27.5947],[82.5915,27.5938]]]}},{"type":"Feature","properties":{"name":"Tuda Gad","length_km":27,"rank":3},"geometry":{"type":"MultiLineString","coordinates":[[[80.9607,29.1094],[80.9682,29.1076],[80.9691,29.1059],[80.9675,29.1044],[80.968,29.1026],[80.9712,29.1012],[80.9743,29.1011],[80.9762,29.1043],[80.9799,29.1006],[80.9835,29.1026],[80.9849,29.0997],[80.9905,29.0997],[80.9905,29.1028],[80.9921,29.1011],[80.9967,29.1018],[80.9986,29.0985],[81.0005,29.0987],[81.0024,29.097],[81.004,29.0981],[81.0029,29.1008],[81.0039,29.102],[81.0073,29.0995],[81.0065,29.0979],[81.0079,29.0976],[81.0123,29.1007],[81.0153,29.0994],[81.0132,29.0964],[81.0173,29.096],[81.0193,29.0978],[81.021,29.0966],[81.0236,29.0996],[81.0263,29.0966],[81.0284,29.0998],[81.0335,29.0996],[81.0346,29.1016],[81.037,29.1007],[81.0383,29.0983],[81.0388,29.1008],[81.0406,29.1014],[81.0398,29.1029],[81.0419,29.1032],[81.0443,29.1057],[81.041,29.1051],[81.0384,29.1071],[81.0466,29.1124],[81.0474,29.1103],[81.0484,29.1101],[81.0488,29.1117],[81.0507,29.1093],[81.0517,29.1122],[81.0535,29.1125],[81.0569,29.1081],[81.0589,29.1087],[81.0587,29.1047],[81.0602,29.1048],[81.0607,29.1032],[81.0625,29.1038],[81.0648,29.1028],[81.0631,29.1002],[81.0683,29.1007],[81.0698,29.0995],[81.0731,29.1016],[81.0732,29.0997],[81.0771,29.0975],[81.0776,29.0953],[81.0799,29.0932],[81.0831,29.0975],[81.0847,29.0969],[81.0839,29.0951],[81.0856,29.0926],[81.0872,29.0924],[81.0898,29.0962],[81.096,29.0966],[81.0982,29.1023],[81.1012,29.1016]]]}},{"type":"Feature","properties":{"name":"Nibu Khola","length_km":27,"rank":3},"geometry":{"type":"MultiLineString","coordinates":[[[87.7985,27.0392],[87.7882,27.0392],[87.7827,27.0377],[87.7823,27.0394],[87.7802,27.036],[87.7766,27.0372],[87.7714,27.0332],[87.7691,27.0328],[87.7669,27.0343],[87.7636,27.0341],[87.7586,27.0408],[87.7536,27.04],[87.7505,27.0426],[87.7484,27.0425],[87.7464,27.0471],[87.7431,27.0497],[87.737,27.0503],[87.7327,27.0476],[87.7298,27.0523],[87.7226,27.0539],[87.716,27.0586],[87.7112,27.0595],[87.7102,27.0612],[87.7115,27.0627],[87.7097,27.0633],[87.709,27.0662],[87.7046,27.0664],[87.7038,27.0687],[87.7014,27.0693],[87.7025,27.0722],[87.6999,27.0744],[87.7006,27.0772],[87.6963,27.0773],[87.695,27.0801],[87.6921,27.0799],[87.6915,27.0838],[87.6882,27.0841],[87.687,27.0891],[87.6838,27.0909],[87.686,27.0943],[87.6823,27.097],[87.684,27.0987],[87.6813,27.1006],[87.6845,27.1006],[87.6865,27.1065],[87.6913,27.1084],[87.6913,27.1106],[87.6888,27.1141],[87.6917,27.1233],[87.6932,27.124],[87.6961,27.1299],[87.6958,27.1323],[87.6935,27.1325],[87.694,27.1348],[87.6922,27.1377],[87.6892,27.1357],[87.6893,27.1374],[87.6875,27.1388],[87.6911,27.1433]]]}},{"type":"Feature","properties":{"name":"Bhote Koshi","length_km":28,"rank":3,"name_ne":"भोटे कोशी"},"geometry":{"type":"MultiLineString","coordinates":[[[86.6598,27.8306],[86.6651,27.8252],[86.6752,27.822],[86.6816,27.8169],[86.6837,27.8113],[86.6874,27.8094],[86.6886,27.8057],[86.6906,27.8063],[86.6979,27.804],[86.7072,27.7951],[86.7191,27.7895]],[[86.6112,27.9497],[86.6121,27.947],[86.6109,27.9441],[86.6141,27.9398],[86.616,27.9396],[86.6158,27.9368],[86.6196,27.9338],[86.6228,27.9257],[86.6225,27.9232],[86.6245,27.9207],[86.624,27.9193],[86.6318,27.909],[86.6311,27.906],[86.6335,27.9026],[86.6339,27.8918],[86.6349,27.8884],[86.6386,27.8865],[86.6383,27.881],[86.6405,27.8776]],[[86.6405,27.8776],[86.6421,27.8757],[86.6417,27.8715],[86.6437,27.868],[86.643,27.864],[86.646,27.8554],[86.646,27.8532],[86.6436,27.8495],[86.6437,27.8434],[86.6462,27.84],[86.6505,27.8388],[86.6516,27.8359],[86.6598,27.8306]],[[86.6084,27.9696],[86.6095,27.9685],[86.6085,27.9674],[86.6089,27.9633],[86.6106,27.9614],[86.6112,27.9497]]]}},{"type":"Feature","properties":{"name":"Chharka Tulsi Khola","length_km":28,"rank":3},"geometry":{"type":"MultiLineString","coordinates":[[[83.524,29.0765],[83.5148,29.0717],[83.5065,29.0731],[83.5008,29.0714],[83.4814,29.0719],[83.4709,29.0687],[83.4594,29.0716]],[[83.4594,29.0716],[83.448,29.0764],[83.4407,29.0767],[83.4363,29.0794],[83.4301,29.0812],[83.4235,29.0865],[83.4166,29.0889],[83.4099,29.0893],[83.4068,29.0911],[83.402,29.0909],[83.3945,29.0938],[83.383,29.0956],[83.377,29.0945],[83.3746,29.0967],[83.3702,29.098],[83.361,29.0961],[83.3613,29.0945],[83.3533,29.0898],[83.3459,29.08],[83.344,29.0724],[83.3412,29.0687],[83.3357,29.0562],[83.3351,29.0522],[83.3405,29.045],[83.3392,29.042],[83.3476,29.0305],[83.3466,29.0284],[83.3472,29.0245],[83.3456,29.0228],[83.3468,29.0208]]]}},{"type":"Feature","properties":{"name":"Bhaurisal Khola","length_km":28,"rank":3},"geometry":{"type":"MultiLineString","coordinates":[[[82.6474,27.7427],[82.6497,27.7419],[82.6556,27.7428],[82.6556,27.7412],[82.6578,27.7395],[82.6592,27.7334],[82.6565,27.7324],[82.656,27.7304],[82.6575,27.7287],[82.6604,27.7305],[82.6643,27.7286],[82.6656,27.7261],[82.6681,27.7251],[82.6698,27.7207],[82.665,27.7187],[82.6606,27.7114],[82.6597,27.7073],[82.6547,27.7061],[82.6551,27.7026],[82.6532,27.7017],[82.6519,27.6979],[82.6426,27.6902],[82.6435,27.687],[82.6396,27.6856],[82.6372,27.686],[82.636,27.6845],[82.6345,27.6787],[82.6386,27.6723],[82.6365,27.6696],[82.6277,27.6678],[82.6258,27.6582],[82.6275,27.6528],[82.624,27.6522],[82.622,27.6458],[82.622,27.6431],[82.6257,27.635],[82.6236,27.6341],[82.6188,27.6353],[82.6175,27.6344],[82.616,27.6296],[82.6174,27.6253],[82.6173,27.6202],[82.6153,27.6161],[82.6116,27.6185],[82.6075,27.6163],[82.6071,27.6125],[82.6137,27.6046],[82.6209,27.6046],[82.6229,27.6022],[82.6203,27.6001],[82.6161,27.5931],[82.6065,27.5891],[82.6036,27.5909],[82.602,27.5871]]]}},{"type":"Feature","properties":{"name":"Ghatganga Khola","length_km":28,"rank":3},"geometry":{"type":"MultiLineString","coordinates":[[[81.5152,29.8537],[81.5134,29.8525],[81.5141,29.8513],[81.5099,29.8483],[81.5095,29.8435],[81.5029,29.8409],[81.4973,29.8271],[81.4897,29.8122],[81.4861,29.8086],[81.4863,29.8068],[81.4834,29.8033],[81.4748,29.7973],[81.4724,29.7894],[81.4655,29.7822],[81.4531,29.7789],[81.446,29.7811],[81.433,29.7815],[81.4236,29.7756],[81.4174,29.7733],[81.4138,29.7736],[81.4046,29.7669],[81.3957,29.7566],[81.3875,29.7517],[81.3835,29.7454],[81.3725,29.7342],[81.3685,29.7325],[81.3624,29.7274],[81.3537,29.7259],[81.3457,29.7196],[81.3365,29.7218],[81.3303,29.7194],[81.3195,29.7262],[81.3152,29.7249]]]}},{"type":"Feature","properties":{"name":"Hardi Nadi","length_km":28,"rank":3},"geometry":{"type":"MultiLineString","coordinates":[[[85.7977,27.1131],[85.7918,27.1084],[85.7924,27.1057],[85.7965,27.1083],[85.8005,27.1064],[85.8008,27.1039],[85.7988,27.1013],[85.7991,27.0997],[85.7942,27.1],[85.7979,27.0975],[85.7963,27.0968],[85.7976,27.0952],[85.7949,27.0931],[85.7937,27.0954],[85.79,27.0955],[85.7883,27.0923],[85.7864,27.0929],[85.7854,27.091],[85.7878,27.091],[85.7879,27.0889],[85.7847,27.087],[85.7835,27.0828],[85.7814,27.0826],[85.7826,27.08],[85.7802,27.0771],[85.7808,27.076]],[[85.7803,27.0705],[85.7671,27.0536],[85.7566,27.0485],[85.7482,27.034],[85.7454,27.0222],[85.7432,27.02],[85.7425,27.0156],[85.7394,27.0099],[85.7396,27.0033],[85.738,27.0004],[85.7393,26.9951],[85.7387,26.991],[85.7365,26.9876],[85.7322,26.9724],[85.7333,26.9702],[85.7266,26.9618],[85.7268,26.9542],[85.7238,26.9511],[85.7212,26.9502],[85.721,26.9466],[85.718,26.9433]],[[85.7809,27.0758],[85.7821,27.0728],[85.7803,27.0705]],[[85.7212,26.9502],[85.7197,26.9451]]]}},{"type":"Feature","properties":{"name":"Lunsun Khola","length_km":28,"rank":3},"geometry":{"type":"MultiLineString","coordinates":[[[87.0108,27.5744],[87.0165,27.5708],[87.0171,27.5627],[87.0195,27.5611],[87.0187,27.5587],[87.0205,27.5564],[87.0238,27.5546],[87.0236,27.551],[87.0262,27.5512],[87.0271,27.5494],[87.0298,27.5492],[87.0312,27.5474],[87.036,27.5472],[87.0364,27.5454],[87.0349,27.5428],[87.0357,27.5399],[87.043,27.5364],[87.0438,27.5344],[87.0477,27.5334],[87.0579,27.5394],[87.0615,27.5384],[87.063,27.5398],[87.0673,27.5403],[87.0718,27.539],[87.0765,27.535],[87.0796,27.5346],[87.0835,27.5317],[87.0864,27.5267],[87.0897,27.5245],[87.089,27.5223],[87.0907,27.5193],[87.0943,27.5168],[87.0942,27.5115],[87.0866,27.4984],[87.0877,27.4973],[87.0852,27.492],[87.0856,27.4877],[87.0827,27.4838],[87.0843,27.4835],[87.0836,27.4797],[87.0857,27.4743],[87.0939,27.4715],[87.0962,27.4689],[87.0981,27.4686],[87.099,27.4663],[87.0977,27.4644],[87.1004,27.4634],[87.1044,27.4659],[87.1054,27.4621],[87.108,27.4636],[87.1095,27.463],[87.1104,27.4587],[87.1206,27.4572],[87.1225,27.4556],[87.1254,27.4573],[87.1336,27.4528],[87.1382,27.4525],[87.1384,27.4494],[87.1406,27.4483]]]}},{"type":"Feature","properties":{"name":"Seti Khola","length_km":29,"rank":3,"name_ne":"सेती नदि"},"geometry":{"type":"MultiLineString","coordinates":[[[83.9594,28.3388],[83.9608,28.335],[83.9585,28.3317],[83.9595,28.3247],[83.9574,28.3225],[83.9567,28.3177],[83.9542,28.3153],[83.9549,28.3132],[83.9538,28.3102],[83.9495,28.3086],[83.9465,28.3041],[83.9438,28.3037],[83.9418,28.2999],[83.9348,28.298],[83.9358,28.2954],[83.9324,28.2933]],[[84.0212,28.4874],[84.0194,28.4824],[84.0176,28.4808],[84.017,28.4749],[84.0141,28.4715],[83.9987,28.4616],[83.9982,28.4492],[84.0018,28.4429],[83.999,28.4397],[83.9989,28.4363],[83.9958,28.434],[83.9938,28.4238],[83.9919,28.422],[83.9923,28.4181],[83.988,28.4154],[83.986,28.4098],[83.9825,28.4086],[83.9826,28.4054],[83.9853,28.4043],[83.9819,28.3984],[83.9773,28.394],[83.9778,28.3884],[83.9753,28.3876],[83.9755,28.3848],[83.977,28.3843],[83.9761,28.3824],[83.9775,28.3817],[83.9769,28.3791],[83.9687,28.3749],[83.9701,28.3727],[83.9683,28.3705],[83.9664,28.3631],[83.9601,28.3608],[83.9603,28.3581],[83.9568,28.3576],[83.9583,28.3538],[83.9575,28.3512],[83.9608,28.3494],[83.9602,28.348]],[[83.9602,28.348],[83.9594,28.3388]],[[83.9582,28.354],[83.9579,28.3519]]]}},{"type":"Feature","properties":{"name":"Bheri River","length_km":29,"rank":3,"name_ne":"भेरी खोला"},"geometry":{"type":"MultiLineString","coordinates":[[[82.4155,28.8481],[82.4127,28.8452],[82.3998,28.8417],[82.3986,28.8382],[82.3895,28.835],[82.3879,28.8307],[82.3832,28.8277],[82.382,28.8252],[82.3754,28.8222],[82.374,28.8163],[82.3687,28.8106],[82.3684,28.8033],[82.3643,28.8],[82.3644,28.7963],[82.3589,28.7942],[82.3569,28.7917],[82.3495,28.7932],[82.347,28.7916],[82.3454,28.7864],[82.3397,28.7866],[82.3364,28.7842],[82.3285,28.7862],[82.313,28.7855],[82.3081,28.7876],[82.2936,28.7845],[82.2935,28.7771],[82.2875,28.7678],[82.2843,28.7653],[82.2835,28.7623],[82.2847,28.7599],[82.2899,28.7569],[82.2872,28.752],[82.2839,28.7491],[82.2901,28.7384],[82.2892,28.7364],[82.2855,28.735],[82.2828,28.7324],[82.2842,28.7301],[82.2879,28.7288],[82.2888,28.7273],[82.2858,28.7217],[82.2853,28.7157],[82.2757,28.7056],[82.2807,28.6985],[82.2794,28.6921]]]}},{"type":"Feature","properties":{"name":"Seti Gandaki River","length_km":29,"rank":3,"name_ne":"सेती नदी"},"geometry":{"type":"MultiLineString","coordinates":[[[83.9906,28.2079],[83.9857,28.2017],[83.9831,28.1947],[83.9835,28.1912],[83.9874,28.1868],[83.9892,28.1812],[83.9958,28.1748],[83.9975,28.1712],[83.9999,28.1703],[84.0005,28.1681],[84.0057,28.1665],[84.0121,28.16],[84.02,28.1631],[84.023,28.1579],[84.0284,28.161],[84.0297,28.1549],[84.0371,28.1557],[84.0419,28.1537],[84.0469,28.1536],[84.048,28.1491],[84.0547,28.1464],[84.0617,28.1415],[84.064,28.1383],[84.0691,28.1376],[84.0703,28.1359]],[[83.9354,28.2902],[83.9371,28.2876],[83.9369,28.2851],[83.9464,28.2821],[83.9485,28.2796],[83.9523,28.278],[83.9548,28.275],[83.957,28.2677],[83.9602,28.2648],[83.9606,28.2601],[83.965,28.258],[83.9669,28.2553]],[[83.9945,28.241],[83.9939,28.2367],[83.9921,28.2341],[83.9934,28.2322],[83.9917,28.2224],[83.9928,28.2174],[83.9952,28.2159],[83.9934,28.2132],[83.9937,28.2117],[83.991,28.2088]],[[83.9669,28.2553],[83.9695,28.2516],[83.9749,28.2489],[83.9796,28.2505],[83.9798,28.2478],[83.9904,28.2452],[83.9945,28.241]],[[83.9324,28.2933],[83.9354,28.2902]]]}},{"type":"Feature","properties":{"name":"Langu","length_km":29,"rank":3},"geometry":{"type":"MultiLineString","coordinates":[[[82.6731,29.5319],[82.6622,29.5374],[82.6569,29.5376],[82.6519,29.5395],[82.6421,29.5484],[82.6383,29.554],[82.631,29.5601],[82.6213,29.5627],[82.6171,29.5665],[82.6084,29.5696],[82.595,29.569],[82.5838,29.565],[82.5793,29.5662],[82.5754,29.5641],[82.573,29.5645],[82.5702,29.5678],[82.5689,29.5669],[82.567,29.5685],[82.5656,29.5677],[82.5637,29.5688],[82.5619,29.5677],[82.5615,29.5652],[82.5584,29.566],[82.5517,29.5643]],[[82.5083,29.5806],[82.5052,29.5819],[82.4973,29.5774],[82.4926,29.5772],[82.48,29.5733],[82.4681,29.5675],[82.4635,29.5679],[82.459,29.5703],[82.4461,29.5734],[82.4432,29.5776],[82.4438,29.5803],[82.4414,29.586],[82.4345,29.5907]],[[82.5517,29.5643],[82.5431,29.5693],[82.5429,29.5711],[82.5414,29.5715],[82.5251,29.5712],[82.517,29.5737],[82.5083,29.5806]]]}},{"type":"Feature","properties":{"name":"Solu Khola","length_km":29,"rank":3},"geometry":{"type":"MultiLineString","coordinates":[[[86.5758,27.5222],[86.5743,27.5186],[86.579,27.5113],[86.5801,27.5047],[86.5786,27.4979],[86.5757,27.4937],[86.5723,27.4842],[86.57,27.4817],[86.5703,27.4796],[86.5665,27.4698],[86.5678,27.4632],[86.5676,27.4553],[86.569,27.4534],[86.5678,27.446],[86.5708,27.446],[86.5718,27.4443],[86.5745,27.4458],[86.5752,27.4443],[86.5823,27.4415],[86.5915,27.4419],[86.5965,27.4383],[86.6039,27.4366],[86.6068,27.4313],[86.6116,27.4277],[86.6161,27.4295],[86.6185,27.4287],[86.6169,27.4256],[86.6179,27.4201],[86.6214,27.4155],[86.6244,27.4159],[86.6292,27.4129],[86.6289,27.4069],[86.6308,27.4037],[86.6263,27.4014],[86.6303,27.3929],[86.6343,27.3926],[86.6368,27.3891],[86.6431,27.3895],[86.6442,27.3882],[86.6428,27.3864],[86.6432,27.3845],[86.6496,27.3802],[86.6487,27.377],[86.6513,27.3762],[86.6526,27.3721],[86.6549,27.3735],[86.655,27.3709],[86.6585,27.3733],[86.6592,27.3714],[86.666,27.3704],[86.6677,27.367],[86.6728,27.3664],[86.6748,27.3645],[86.6766,27.3664],[86.6791,27.3652]]]}},{"type":"Feature","properties":{"name":"Nisti Khola","length_km":29,"rank":3},"geometry":{"type":"MultiLineString","coordinates":[[[83.8148,27.7842],[83.8147,27.7887],[83.8237,27.7949],[83.8254,27.799],[83.8283,27.7996],[83.8331,27.8032],[83.8375,27.8036],[83.8387,27.8057],[83.8436,27.8052],[83.8487,27.8011],[83.854,27.7988],[83.8584,27.7994],[83.8659,27.7965],[83.8722,27.7994],[83.871,27.8029],[83.8729,27.8049],[83.8718,27.8074],[83.8739,27.8084],[83.8755,27.8121],[83.8834,27.8117],[83.8872,27.8098],[83.8985,27.811],[83.9003,27.809],[83.9049,27.8077],[83.9063,27.8038],[83.9125,27.8028],[83.9153,27.8046],[83.917,27.8029]],[[83.917,27.8029],[83.9192,27.8064],[83.9222,27.8065],[83.9228,27.8085],[83.9257,27.8106],[83.9283,27.8107],[83.9302,27.8088],[83.9334,27.8121],[83.941,27.8125],[83.9451,27.8109],[83.9476,27.8127],[83.9482,27.815],[83.9457,27.8176],[83.9471,27.8192],[83.9502,27.8197],[83.9499,27.8214],[83.9473,27.8241],[83.9466,27.8272],[83.9373,27.8342],[83.9392,27.8471],[83.933,27.8505],[83.9309,27.8539],[83.941,27.8606],[83.9395,27.8636],[83.9352,27.8644],[83.9339,27.8662],[83.9395,27.8714],[83.9409,27.8695],[83.9459,27.8711]]]}},{"type":"Feature","properties":{"name":"Melamchi Khola","length_km":29,"rank":3},"geometry":{"type":"MultiLineString","coordinates":[[[85.5398,27.868],[85.5428,27.8662],[85.5444,27.8587],[85.5481,27.8524],[85.5541,27.8507],[85.5549,27.8461],[85.5573,27.8451],[85.5579,27.843],[85.5616,27.8414],[85.5625,27.8382],[85.5691,27.835],[85.5706,27.8326],[85.5772,27.8333]],[[85.5311,28.0342],[85.5304,28.0323],[85.5337,28.027],[85.5332,28.0241],[85.535,28.0202],[85.534,28.016],[85.5359,28.0112],[85.5335,28.0092],[85.5344,28.0011],[85.5328,27.9978],[85.5334,27.9924],[85.5317,27.986],[85.5353,27.9836],[85.5384,27.9767],[85.5377,27.9725],[85.5346,27.97],[85.5319,27.9699],[85.5316,27.9655],[85.5441,27.9562],[85.5433,27.9515],[85.5468,27.9476],[85.5501,27.9463],[85.5512,27.9433],[85.5502,27.941],[85.5539,27.9389],[85.5557,27.9334],[85.5522,27.9278],[85.5514,27.9203],[85.5462,27.9164],[85.5475,27.9138],[85.5464,27.9071],[85.5425,27.8956],[85.5396,27.8929],[85.5402,27.8898],[85.5419,27.8881],[85.5418,27.8838],[85.5434,27.8819],[85.5408,27.8787],[85.5413,27.8695],[85.5398,27.868]]]}},{"type":"Feature","properties":{"name":"Rato Nadi","length_km":29,"rank":3},"geometry":{"type":"MultiLineString","coordinates":[[[85.7869,26.7405],[85.7891,26.738],[85.7883,26.7327],[85.791,26.7305],[85.7897,26.7278],[85.7922,26.7256],[85.7897,26.7236],[85.7893,26.712],[85.788,26.7098],[85.79,26.7057],[85.7915,26.708],[85.7928,26.7074],[85.793,26.7023],[85.7963,26.7036],[85.7948,26.699],[85.7979,26.6968],[85.7966,26.6949],[85.7974,26.6909],[85.7965,26.6898],[85.7915,26.69],[85.7893,26.6833],[85.7863,26.6807],[85.7875,26.6768],[85.7907,26.675],[85.7914,26.6731],[85.7894,26.6699],[85.7911,26.6687],[85.785,26.6621],[85.7875,26.6598],[85.7856,26.6564],[85.7872,26.6498],[85.7886,26.6491],[85.7864,26.6484],[85.7872,26.6427],[85.7834,26.6392],[85.7826,26.634],[85.775,26.6263],[85.773,26.6183],[85.7743,26.6175]],[[85.7927,26.7807],[85.7902,26.7754],[85.7865,26.7729],[85.7915,26.7658],[85.7877,26.7632],[85.7883,26.7596],[85.7843,26.7589],[85.7863,26.7545],[85.7823,26.7538],[85.7837,26.7512],[85.7832,26.7457]],[[85.8065,26.7888],[85.8008,26.782],[85.7969,26.7813],[85.795,26.7837],[85.7927,26.7807]],[[85.8118,26.7951],[85.8095,26.7922],[85.8061,26.7936],[85.8049,26.7928],[85.8065,26.7888]],[[85.7832,26.7457],[85.7839,26.7424],[85.7869,26.7405]]]}},{"type":"Feature","properties":{"name":"Labse Khola","length_km":29,"rank":3},"geometry":{"type":"MultiLineString","coordinates":[[[84.1125,28.8403],[84.1099,28.8398],[84.1047,28.8349],[84.101,28.8342],[84.097,28.8281],[84.0946,28.8211],[84.0961,28.8186],[84.0937,28.8134],[84.0967,28.8075],[84.1049,28.8015],[84.1078,28.8017],[84.1134,28.7991],[84.1201,28.7988],[84.1224,28.796],[84.128,28.7959],[84.1311,28.7975],[84.1349,28.797],[84.139,28.7937],[84.1548,28.7901],[84.1623,28.7838],[84.168,28.7814],[84.1725,28.7778],[84.1731,28.7755],[84.1754,28.7744],[84.1785,28.7646],[84.1822,28.76],[84.1825,28.7569],[84.1839,28.7556],[84.1829,28.7523],[84.184,28.7498],[84.1955,28.7366],[84.1964,28.729],[84.1996,28.7235],[84.199,28.7166],[84.2008,28.7128],[84.2027,28.7118],[84.2027,28.6994],[84.2079,28.6947],[84.2069,28.6921],[84.2084,28.6903],[84.2138,28.6889],[84.2184,28.6789],[84.2176,28.6758],[84.2211,28.6754],[84.229,28.6705]]]}},{"type":"Feature","properties":{"name":"Nar Khola","length_km":30,"rank":3},"geometry":{"type":"MultiLineString","coordinates":[[[84.2743,28.772],[84.2737,28.7694],[84.275,28.765],[84.2774,28.7641],[84.2779,28.7625],[84.2792,28.7627],[84.2809,28.7596],[84.2792,28.7512],[84.2767,28.7469],[84.2653,28.7419],[84.2595,28.7198],[84.2555,28.716],[84.258,28.7143],[84.2547,28.7047],[84.2506,28.6988],[84.2438,28.6943],[84.2399,28.6854],[84.2345,28.6801],[84.229,28.6705],[84.231,28.6679],[84.2316,28.656],[84.2355,28.647],[84.2341,28.6378],[84.2185,28.625],[84.2158,28.6185],[84.2174,28.6129],[84.2328,28.603],[84.234,28.5989],[84.2407,28.5928],[84.2429,28.5881],[84.2445,28.5793],[84.2463,28.578],[84.2464,28.5757],[84.2498,28.5736],[84.2512,28.5675],[84.2583,28.5607],[84.2599,28.5538]]]}},{"type":"Feature","properties":{"name":"pathar khola","length_km":30,"rank":3},"geometry":{"type":"MultiLineString","coordinates":[[[84.0719,27.6999],[84.0675,27.6969],[84.0675,27.6949],[84.0699,27.6896],[84.0743,27.687],[84.0722,27.6838],[84.073,27.6791],[84.0758,27.6786],[84.0783,27.6755],[84.0778,27.6712],[84.0802,27.6707],[84.078,27.6685],[84.0822,27.6664],[84.0806,27.6642],[84.0821,27.6626],[84.0818,27.6604],[84.0797,27.6596],[84.0802,27.6584],[84.0831,27.6581],[84.0806,27.6544],[84.0824,27.6532],[84.0812,27.6504],[84.084,27.6495],[84.0823,27.6471],[84.0849,27.6445],[84.0833,27.6412],[84.0864,27.639],[84.0822,27.6344],[84.0834,27.6316],[84.0835,27.6236],[84.0852,27.6201],[84.0848,27.6124],[84.086,27.6088],[84.0844,27.6079],[84.0719,27.6093],[84.0665,27.6011],[84.067,27.5976],[84.063,27.5977],[84.0602,27.5953],[84.0574,27.5981],[84.0561,27.5939],[84.053,27.5905],[84.051,27.5903],[84.0516,27.5924],[84.0495,27.5933],[84.0465,27.5902],[84.0453,27.5921],[84.0432,27.5923],[84.0399,27.5886],[84.0366,27.5893],[84.0324,27.5846],[84.0292,27.5856],[84.0277,27.5811],[84.0302,27.5795],[84.0273,27.5761],[84.0285,27.5738],[84.0278,27.5702],[84.0182,27.5671],[84.0161,27.5644],[84.0161,27.5608],[84.0147,27.5607],[84.0114,27.5641],[84.0104,27.5628],[84.0051,27.5627],[84.0028,27.5642],[84.0012,27.562],[83.9961,27.5592]]]}},{"type":"Feature","properties":{"name":"Likma River","length_km":30,"rank":3},"geometry":{"type":"MultiLineString","coordinates":[[[80.8247,28.7682],[80.8246,28.7628],[80.82,28.7599],[80.8229,28.7567],[80.819,28.7528],[80.8198,28.7488],[80.8169,28.748],[80.8167,28.7439],[80.8136,28.7452],[80.8173,28.7387],[80.822,28.7343],[80.8204,28.73],[80.8225,28.726],[80.8187,28.7215],[80.822,28.7204],[80.8227,28.7151],[80.8258,28.7124],[80.8268,28.7085],[80.8261,28.7035],[80.8208,28.7033],[80.8204,28.7022],[80.825,28.6994],[80.8264,28.6915],[80.8307,28.6911],[80.8321,28.6893],[80.8305,28.687],[80.8293,28.69],[80.8271,28.6889],[80.8293,28.6859],[80.8292,28.6835],[80.8222,28.6857],[80.8213,28.6835],[80.8182,28.6818],[80.8216,28.6791],[80.8188,28.6705],[80.8229,28.6663],[80.8182,28.6643],[80.8176,28.6594],[80.8133,28.6581],[80.8118,28.6531],[80.8079,28.6504],[80.8125,28.648],[80.811,28.6463],[80.8095,28.6482],[80.8082,28.6478],[80.8101,28.6397],[80.8127,28.6382],[80.8142,28.6331],[80.813,28.6316],[80.8098,28.6319],[80.8092,28.6297],[80.8125,28.6283],[80.8142,28.6225],[80.8065,28.617],[80.805,28.6122],[80.809,28.6057],[80.8081,28.6016],[80.8106,28.5998],[80.8137,28.5995],[80.8142,28.598],[80.8129,28.5958],[80.8141,28.595]],[[80.8141,28.595],[80.8145,28.5949]],[[80.8145,28.5949],[80.8144,28.5909],[80.8164,28.5887]]]}},{"type":"Feature","properties":{"name":"Dinkhuwa Khola","length_km":30,"rank":3},"geometry":{"type":"MultiLineString","coordinates":[[[86.8687,27.2],[86.8645,27.1973],[86.8622,27.1927],[86.8598,27.1943],[86.8536,27.1945],[86.8533,27.1921],[86.8506,27.1926],[86.847,27.191],[86.8468,27.1891],[86.8424,27.1882],[86.8373,27.1805],[86.8318,27.182],[86.8256,27.1738],[86.8197,27.1719],[86.8193,27.1697],[86.8174,27.1695],[86.8155,27.1662],[86.8141,27.1672],[86.8139,27.1645],[86.8114,27.1664],[86.808,27.1636],[86.8083,27.1618],[86.8065,27.1604],[86.8002,27.1604]],[[86.8002,27.1604],[86.7935,27.1572],[86.7861,27.1607]],[[86.7861,27.1607],[86.7845,27.1591],[86.7816,27.1608],[86.7803,27.16],[86.781,27.1587],[86.7739,27.1564],[86.7742,27.159],[86.7726,27.1593],[86.7711,27.1561],[86.7689,27.1587],[86.7624,27.1526],[86.7589,27.1523],[86.7533,27.1474]],[[86.7533,27.1474],[86.7507,27.1441],[86.7509,27.1402],[86.7477,27.1392],[86.749,27.1365],[86.7458,27.1358],[86.7475,27.1342],[86.7452,27.1299],[86.7461,27.1257],[86.7445,27.1226],[86.7458,27.1211],[86.7423,27.1199],[86.7427,27.1186],[86.7377,27.1173],[86.7372,27.1144],[86.7406,27.1139],[86.7389,27.1118],[86.7368,27.1111],[86.7354,27.1126],[86.7291,27.1076],[86.7284,27.1044],[86.7246,27.1042],[86.7233,27.1022],[86.7199,27.1011],[86.7193,27.0988],[86.7117,27.0951],[86.7106,27.092],[86.7037,27.0937],[86.7023,27.0893],[86.6993,27.0886]]]}},{"type":"Feature","properties":{"name":"Chisang","length_km":30,"rank":3},"geometry":{"type":"MultiLineString","coordinates":[[[87.4414,26.6499],[87.4387,26.6413],[87.435,26.6403],[87.4347,26.6389],[87.4294,26.6357],[87.4301,26.6338],[87.425,26.6313],[87.4235,26.6284],[87.4243,26.6259],[87.4223,26.6223],[87.4244,26.6191],[87.4186,26.6123],[87.4196,26.6094],[87.4165,26.6086],[87.4162,26.6039],[87.4197,26.6005],[87.4189,26.5978],[87.4205,26.5954],[87.4196,26.5939],[87.4213,26.5919],[87.4182,26.5916],[87.4172,26.5903],[87.418,26.5883],[87.4166,26.5873],[87.4157,26.5831],[87.4173,26.581],[87.4158,26.5771],[87.4169,26.5728],[87.4198,26.5728],[87.4169,26.5692],[87.4187,26.5662],[87.417,26.565],[87.4174,26.5628],[87.4161,26.5601],[87.4166,26.5539],[87.4123,26.5519],[87.4118,26.5499],[87.4085,26.5495],[87.4101,26.548],[87.4094,26.5463],[87.4072,26.5478]],[[87.4754,26.7056],[87.4756,26.7041],[87.4736,26.7022],[87.4747,26.6995],[87.4734,26.6969],[87.4734,26.6914],[87.4689,26.6861],[87.466,26.6773],[87.463,26.6743],[87.4607,26.6738],[87.4576,26.6701],[87.4584,26.6658],[87.4563,26.665],[87.4538,26.6609],[87.4496,26.6603],[87.4461,26.6576],[87.4444,26.6554],[87.4452,26.6535],[87.4414,26.6499]],[[87.4754,26.7056],[87.4771,26.7098]],[[87.4072,26.5478],[87.4076,26.546],[87.4061,26.5452],[87.4075,26.5437],[87.4045,26.5422]]]}},{"type":"Feature","properties":{"name":"Pelma Khola","length_km":30,"rank":3},"geometry":{"type":"MultiLineString","coordinates":[[[82.8897,28.6541],[82.8766,28.6572],[82.8754,28.6653],[82.8708,28.6706],[82.87,28.6749],[82.8638,28.6791],[82.8629,28.6816],[82.864,28.6842],[82.862,28.6864],[82.8537,28.6905],[82.844,28.6911],[82.8297,28.6831],[82.8273,28.6783],[82.8242,28.6756],[82.8116,28.671],[82.8076,28.667],[82.7974,28.6666],[82.7963,28.6599],[82.7944,28.6571],[82.7955,28.6525],[82.7943,28.651],[82.7941,28.6439],[82.7894,28.6364],[82.7759,28.6396],[82.7705,28.6452],[82.767,28.646],[82.764,28.6456],[82.7577,28.6416],[82.7519,28.6344],[82.7491,28.6333]],[[82.7491,28.6333],[82.7453,28.6328],[82.7439,28.6347],[82.7327,28.641],[82.7277,28.6403],[82.725,28.6411],[82.7138,28.6507],[82.701,28.6593],[82.6957,28.6718],[82.6926,28.6746]]]}},{"type":"Feature","properties":{"name":"Sotwa Nala","length_km":30,"rank":3},"geometry":{"type":"MultiLineString","coordinates":[[[82.9496,27.5053],[82.9515,27.504],[82.9509,27.5023],[82.9525,27.5],[82.9492,27.4951],[82.9507,27.4932],[82.9484,27.4926],[82.9505,27.4908],[82.9485,27.4869],[82.9491,27.4857],[82.9455,27.4834],[82.9476,27.4812],[82.9463,27.4736],[82.9432,27.4735],[82.9419,27.4697],[82.9372,27.4689],[82.9343,27.4662],[82.9312,27.4655],[82.9295,27.4632],[82.9224,27.4621],[82.9228,27.4598],[82.9252,27.4588],[82.9222,27.4567],[82.9193,27.4581],[82.9182,27.4561],[82.9145,27.4547],[82.9151,27.4516],[82.9132,27.45],[82.9144,27.4473],[82.9068,27.4448],[82.9057,27.4423],[82.9004,27.4387],[82.8968,27.4386],[82.8973,27.4355],[82.8959,27.4294],[82.8876,27.4275],[82.8824,27.4306],[82.8792,27.4297],[82.8778,27.4269],[82.8732,27.4255],[82.873,27.4212],[82.8704,27.4214],[82.8667,27.4188],[82.8663,27.4134],[82.8635,27.4106],[82.8677,27.4071],[82.8658,27.404],[82.8629,27.4033],[82.8672,27.3988],[82.8659,27.3969],[82.8664,27.3949],[82.864,27.3933],[82.8643,27.3914],[82.8613,27.3915],[82.8633,27.386],[82.8664,27.3853],[82.8662,27.3838],[82.8696,27.3814],[82.8685,27.3801],[82.8702,27.3758],[82.8689,27.3743],[82.8702,27.3727],[82.8687,27.3678],[82.8663,27.3662],[82.868,27.3645],[82.8755,27.3632],[82.8711,27.3602],[82.8764,27.3546]]]}},{"type":"Feature","properties":{"name":"Gauria Khola","length_km":30,"rank":3},"geometry":{"type":"MultiLineString","coordinates":[[[87.727,26.6574],[87.7251,26.6541],[87.722,26.6539],[87.7252,26.6509],[87.7233,26.65],[87.7231,26.6511],[87.7212,26.6512],[87.7217,26.6487],[87.72,26.6475],[87.7187,26.6408],[87.7136,26.6375],[87.7147,26.6342],[87.7134,26.6337],[87.7139,26.6316],[87.7128,26.6312],[87.7152,26.6296],[87.7139,26.6272],[87.7115,26.6265],[87.7114,26.6234],[87.7138,26.623],[87.7124,26.6168],[87.7085,26.6168],[87.7078,26.6142],[87.7054,26.6138],[87.7032,26.6097],[87.7049,26.607],[87.7033,26.6047],[87.7039,26.6028],[87.7022,26.6016],[87.7007,26.6026],[87.6992,26.601],[87.7009,26.5978],[87.6994,26.5956],[87.7002,26.5912],[87.7029,26.587],[87.7018,26.5833],[87.704,26.5823],[87.7027,26.5789],[87.7058,26.5793],[87.7086,26.5762],[87.7061,26.5744],[87.7064,26.5691],[87.7041,26.5652],[87.7047,26.5619],[87.7029,26.5604],[87.7044,26.5573],[87.7044,26.553],[87.7007,26.5523],[87.701,26.5481],[87.6971,26.5436],[87.6969,26.5395],[87.7014,26.5379],[87.6982,26.5368],[87.7,26.5343],[87.6992,26.5301],[87.6963,26.5278],[87.6972,26.5239],[87.6942,26.5226],[87.6962,26.5194],[87.6972,26.52],[87.6991,26.5178],[87.6997,26.5155],[87.6985,26.5149],[87.6996,26.5134],[87.6986,26.5121],[87.7002,26.5097],[87.6997,26.5079],[87.6986,26.508],[87.699,26.5064],[87.6972,26.5069],[87.6967,26.5059],[87.6989,26.5029],[87.6962,26.5017],[87.6976,26.4996],[87.6953,26.4996],[87.6939,26.4981]]]}},{"type":"Feature","properties":{"name":"Maulung Khola","length_km":30,"rank":3},"geometry":{"type":"MultiLineString","coordinates":[[[86.4386,27.3778],[86.4378,27.373],[86.4394,27.3701],[86.4364,27.3659],[86.4384,27.3646],[86.438,27.3626],[86.4319,27.3583],[86.4316,27.3554],[86.4333,27.3531],[86.4338,27.349],[86.4362,27.3457],[86.4356,27.3436],[86.4333,27.3417],[86.4351,27.3408],[86.4342,27.3388],[86.435,27.3378],[86.4332,27.336],[86.4343,27.3323],[86.4324,27.3296],[86.4366,27.3217],[86.4348,27.3161],[86.44,27.307],[86.4389,27.3051],[86.4421,27.3033],[86.4405,27.3022],[86.4407,27.3],[86.4447,27.2953],[86.4503,27.2929],[86.4508,27.2915],[86.4487,27.2892],[86.4462,27.2802],[86.4434,27.2785],[86.4441,27.2763],[86.442,27.2766],[86.4406,27.2749],[86.4403,27.2718],[86.4358,27.2692],[86.4329,27.2602],[86.43,27.2601],[86.429,27.2551],[86.4307,27.2535],[86.4281,27.2497],[86.428,27.2449],[86.4177,27.2432],[86.416,27.2409],[86.4092,27.2384],[86.4077,27.2365],[86.4081,27.232],[86.4013,27.2318],[86.4029,27.227],[86.4023,27.2253],[86.3908,27.2228],[86.3882,27.2178],[86.3895,27.2156],[86.3873,27.2129],[86.3893,27.2081],[86.3882,27.2044],[86.3898,27.2019],[86.3866,27.1995],[86.3827,27.2011],[86.3793,27.196],[86.3764,27.195],[86.3769,27.1936]],[[86.4326,27.3293],[86.4332,27.3277]],[[86.4343,27.3394],[86.435,27.3382]]]}},{"type":"Feature","properties":{"name":"Jamadi Gad","length_km":31,"rank":3},"geometry":{"type":"MultiLineString","coordinates":[[[80.7222,29.6054],[80.7098,29.6012],[80.7062,29.602],[80.7003,29.5998],[80.6979,29.6018],[80.6923,29.6033],[80.6902,29.606],[80.6876,29.6062],[80.6834,29.6109],[80.6813,29.6092],[80.676,29.6101],[80.6749,29.6119],[80.6732,29.6091],[80.6716,29.6103],[80.6715,29.6138],[80.669,29.6124],[80.6677,29.6152],[80.6657,29.6141],[80.664,29.6163],[80.6628,29.6159],[80.6623,29.6125],[80.6595,29.6124],[80.6577,29.6142],[80.6575,29.6178],[80.653,29.6171],[80.6524,29.6192],[80.6536,29.6209],[80.6517,29.6233],[80.6462,29.6221],[80.6445,29.6194],[80.6435,29.62],[80.6439,29.6216],[80.6422,29.6215],[80.6398,29.618],[80.6354,29.6186],[80.634,29.6199],[80.6333,29.618],[80.6314,29.618],[80.628,29.6203],[80.6254,29.618],[80.621,29.6194],[80.6191,29.6169],[80.616,29.6167],[80.6141,29.6192],[80.6108,29.6185],[80.6087,29.6205],[80.6052,29.6207],[80.6052,29.6243],[80.6033,29.627],[80.5975,29.6283],[80.5962,29.6314],[80.5932,29.6318],[80.5915,29.6343],[80.5857,29.6321],[80.5837,29.6353],[80.5806,29.6325],[80.5781,29.6343],[80.5763,29.6325],[80.5737,29.6332],[80.5745,29.6377],[80.5722,29.6394],[80.5693,29.6395],[80.5661,29.637],[80.5608,29.6379],[80.557,29.6364],[80.5548,29.6375],[80.5499,29.6344],[80.5457,29.6385],[80.5418,29.6373],[80.54,29.6382],[80.5392,29.6368],[80.5334,29.6358],[80.5317,29.6383],[80.5293,29.6382],[80.5262,29.6401],[80.5221,29.6385],[80.5157,29.6392],[80.5142,29.6407],[80.5054,29.6381]]]}},{"type":"Feature","properties":{"name":"Chandi River","length_km":31,"rank":3},"geometry":{"type":"MultiLineString","coordinates":[[[85.367,27.0934],[85.3658,27.0869],[85.3636,27.0854],[85.3638,27.0842],[85.3715,27.0826],[85.3756,27.0839],[85.3782,27.0817],[85.3778,27.0798],[85.3692,27.0759],[85.3706,27.0664],[85.3724,27.0642],[85.3795,27.064],[85.3819,27.0619],[85.3802,27.0598],[85.3756,27.0581],[85.3787,27.0528],[85.3816,27.0509],[85.3824,27.0458],[85.3777,27.0444],[85.3732,27.039],[85.3772,27.0321],[85.3776,27.0291],[85.383,27.0262],[85.381,27.0251],[85.3807,27.0233],[85.3844,27.0166],[85.3879,27.015],[85.3906,27.0121],[85.3905,27.0101]],[[85.3484,27.2157],[85.3485,27.2144],[85.3451,27.2127],[85.3451,27.2079],[85.342,27.2067],[85.3424,27.1923],[85.3334,27.1849],[85.3323,27.1784],[85.3343,27.1753],[85.334,27.1716],[85.3464,27.1559],[85.3547,27.1519],[85.3571,27.1488],[85.3628,27.1471],[85.3655,27.1358],[85.3632,27.1324],[85.3637,27.1293],[85.3661,27.1245],[85.3712,27.122],[85.3732,27.1188],[85.372,27.1147]],[[85.371,27.1122],[85.3685,27.0974],[85.3695,27.0939],[85.367,27.0934]]]}},{"type":"Feature","properties":{"name":"Teli River","length_km":31,"rank":3},"geometry":{"type":"MultiLineString","coordinates":[[[87.5874,26.6894],[87.5929,26.6858],[87.595,26.6819],[87.5951,26.6776],[87.5993,26.6761],[87.5987,26.6734],[87.6022,26.6708]],[[87.5627,26.7008],[87.5666,26.6978],[87.5716,26.6879],[87.5696,26.6798],[87.5729,26.6717],[87.5744,26.6701],[87.58,26.6686]],[[87.5603,26.8167],[87.5592,26.8129],[87.5616,26.8126],[87.5612,26.808],[87.5627,26.8071],[87.5621,26.8051],[87.5642,26.8036],[87.5631,26.7982],[87.5639,26.7934],[87.5581,26.7791],[87.5577,26.7744],[87.5535,26.7701],[87.5522,26.764],[87.553,26.7602],[87.5504,26.7506],[87.5563,26.7382],[87.5564,26.733],[87.554,26.726],[87.5589,26.7178],[87.5584,26.7097],[87.5627,26.7008]],[[87.6022,26.6708],[87.6049,26.6703],[87.6066,26.668]],[[87.58,26.6686],[87.5823,26.6626],[87.585,26.6625],[87.5893,26.6585],[87.5939,26.6583],[87.598,26.656],[87.5989,26.6525],[87.6026,26.6482],[87.6024,26.6467],[87.6039,26.6466],[87.6069,26.6428]],[[87.5701,26.7119],[87.571,26.7077],[87.5756,26.7039],[87.5773,26.6971],[87.58,26.6948],[87.5828,26.6959],[87.5865,26.6926],[87.5873,26.6895]]]}},{"type":"Feature","properties":{"name":"Kothi Nadi","length_km":31,"rank":3},"geometry":{"type":"MultiLineString","coordinates":[[[83.2298,27.5217],[83.2316,27.5183],[83.2292,27.5183],[83.2323,27.5161],[83.2312,27.5143],[83.2329,27.5141],[83.2304,27.5116],[83.2291,27.5082],[83.2314,27.5068],[83.2263,27.5054],[83.2275,27.5023],[83.2294,27.5022],[83.2298,27.5009],[83.2277,27.4968],[83.2259,27.4967],[83.2279,27.4952],[83.2268,27.4944],[83.2243,27.4954],[83.2241,27.4923],[83.2225,27.4928],[83.221,27.4914],[83.2228,27.4896],[83.2215,27.4886],[83.2228,27.4857],[83.2197,27.4832],[83.2212,27.4812],[83.2187,27.4796],[83.2218,27.4794],[83.2222,27.4766],[83.2208,27.4765],[83.2216,27.4749],[83.2205,27.4736],[83.2247,27.472],[83.2234,27.4713],[83.2233,27.4685],[83.2274,27.469],[83.2261,27.4669],[83.2267,27.4642],[83.2224,27.4546],[83.2177,27.4532],[83.219,27.4509],[83.2173,27.4497],[83.218,27.4452],[83.2167,27.4438],[83.2175,27.4442],[83.2175,27.4427],[83.2199,27.4408],[83.2187,27.44],[83.22,27.4395],[83.2201,27.4378],[83.2212,27.4392],[83.2283,27.4355],[83.2282,27.434],[83.2295,27.4352],[83.2294,27.4325],[83.2307,27.4324],[83.2312,27.4307],[83.2282,27.4298],[83.2263,27.4274],[83.2256,27.4288],[83.2245,27.4273],[83.2253,27.4257],[83.223,27.4247],[83.2232,27.4215],[83.2207,27.4199],[83.2217,27.4183],[83.2198,27.4195],[83.2168,27.4177]],[[83.2045,27.5608],[83.2055,27.5568],[83.2087,27.5562],[83.2107,27.551],[83.2128,27.5501],[83.2122,27.5493],[83.2155,27.5505],[83.2143,27.5478],[83.2161,27.5481],[83.2168,27.5451],[83.2183,27.5447],[83.2171,27.5443],[83.2167,27.5409],[83.2204,27.5381],[83.2211,27.5346],[83.2228,27.5337],[83.2244,27.535],[83.2245,27.5316],[83.2234,27.5311],[83.2248,27.531],[83.2236,27.5301],[83.2248,27.5287],[83.2236,27.5278],[83.228,27.5251],[83.2274,27.5225],[83.2298,27.5217]]]}},{"type":"Feature","properties":{"name":"Kunna Gadda Khola","length_km":31,"rank":3},"geometry":{"type":"MultiLineString","coordinates":[[[81.5508,29.6396],[81.5517,29.6359],[81.5543,29.6348],[81.5574,29.6279],[81.5595,29.618],[81.5745,29.594],[81.5791,29.5896],[81.5881,29.5887],[81.5945,29.5862],[81.5982,29.5815],[81.6051,29.5767],[81.6076,29.5721],[81.6133,29.5693],[81.6166,29.5607],[81.6229,29.5545],[81.6235,29.5492],[81.6221,29.5447],[81.6236,29.543],[81.6234,29.5405],[81.6131,29.5341],[81.6101,29.5296],[81.6115,29.5257],[81.6193,29.5207],[81.6224,29.5168],[81.63,29.5128],[81.6307,29.5107],[81.6365,29.5103],[81.6385,29.5083],[81.6429,29.5071],[81.6489,29.5082],[81.6538,29.5053],[81.6531,29.5022],[81.6547,29.501],[81.6615,29.4993],[81.6664,29.5001],[81.6702,29.4987],[81.674,29.5008],[81.6786,29.4996],[81.6819,29.5001],[81.688,29.4962],[81.6913,29.4962],[81.6962,29.4923],[81.7009,29.4858],[81.7113,29.4783],[81.7116,29.4765],[81.7144,29.474]]]}},{"type":"Feature","properties":{"name":"Pathari Khola","length_km":31,"rank":3},"geometry":{"type":"MultiLineString","coordinates":[[[87.5518,26.6744],[87.5529,26.6738],[87.5526,26.6711],[87.5542,26.6706],[87.5536,26.6678],[87.5547,26.6643],[87.5565,26.6642],[87.5563,26.6599],[87.5574,26.6592],[87.555,26.6533],[87.5578,26.6517],[87.56,26.6387],[87.5628,26.6381],[87.5649,26.6352],[87.5659,26.6356],[87.5652,26.6334],[87.5671,26.6293],[87.5668,26.6265],[87.5683,26.6263],[87.5683,26.6228],[87.5711,26.6218],[87.5693,26.6209],[87.5712,26.6192],[87.5707,26.6159],[87.5737,26.614],[87.5725,26.6132],[87.5737,26.6111],[87.5721,26.6109],[87.5742,26.6093],[87.5723,26.607],[87.5743,26.6049],[87.574,26.6003],[87.5758,26.5992],[87.5765,26.5953],[87.5778,26.5949],[87.5755,26.5878],[87.5718,26.5843],[87.5676,26.5863],[87.567,26.5834],[87.5629,26.583],[87.5618,26.5811],[87.5586,26.5805],[87.562,26.578],[87.5624,26.5752],[87.5644,26.5746],[87.5645,26.5707],[87.5616,26.5693],[87.5572,26.5692],[87.5559,26.5729],[87.5535,26.5693],[87.5518,26.5691],[87.5523,26.5669],[87.5508,26.5652],[87.5518,26.5627],[87.5587,26.5621],[87.5553,26.5589],[87.5536,26.5588],[87.5529,26.5571],[87.5542,26.5527],[87.5527,26.552],[87.553,26.551],[87.5502,26.5506],[87.5462,26.5528],[87.5381,26.551],[87.5385,26.5487],[87.5422,26.5467],[87.5424,26.545],[87.5404,26.5437],[87.5373,26.5441],[87.5356,26.5408],[87.5382,26.5371],[87.5418,26.5392],[87.5413,26.5359],[87.5359,26.5337],[87.5308,26.5355],[87.5286,26.5347]]]}},{"type":"Feature","properties":{"name":"Rato Nadi","length_km":31,"rank":3},"geometry":{"type":"MultiLineString","coordinates":[[[85.9081,26.9803],[85.9074,26.9692],[85.9029,26.9577],[85.898,26.9476],[85.8903,26.9372],[85.8903,26.9338],[85.8872,26.9268],[85.8798,26.9201],[85.8774,26.9031],[85.8783,26.8979],[85.8806,26.8948],[85.8726,26.8888],[85.8695,26.8812],[85.8699,26.8787],[85.8725,26.8771],[85.8755,26.8728],[85.8722,26.8687],[85.8729,26.8668],[85.8718,26.8618],[85.8686,26.861],[85.8656,26.8581],[85.865,26.8483],[85.8622,26.8449],[85.8583,26.8444],[85.8504,26.8375],[85.8472,26.8378],[85.8419,26.833],[85.8419,26.8304],[85.8452,26.8255],[85.8434,26.8222],[85.8387,26.8203],[85.84,26.8142],[85.838,26.8108],[85.8382,26.808],[85.8403,26.8064],[85.8403,26.8022],[85.8424,26.8006],[85.8433,26.7975],[85.8414,26.7939],[85.8413,26.7896],[85.8392,26.7882],[85.8373,26.7763]],[[85.8322,26.7646],[85.8331,26.7605]],[[85.8331,26.7605],[85.8341,26.7495]],[[85.8373,26.7763],[85.8368,26.7741],[85.8324,26.7701],[85.8333,26.7675],[85.8322,26.7646]]]}},{"type":"Feature","properties":{"name":"Khando River(Nadi)","length_km":32,"rank":3},"geometry":{"type":"MultiLineString","coordinates":[[[86.7145,26.6722],[86.7147,26.6678],[86.7184,26.6678],[86.7195,26.6656],[86.7176,26.6632],[86.7143,26.6631],[86.7135,26.6593],[86.7127,26.6612],[86.7101,26.6602],[86.7096,26.6622],[86.7079,26.663],[86.7081,26.66],[86.706,26.658],[86.7045,26.6534],[86.7057,26.6502],[86.7035,26.6443],[86.7067,26.6408],[86.7128,26.64],[86.7175,26.6357],[86.7249,26.637],[86.7281,26.6288],[86.7232,26.6177],[86.7263,26.6063],[86.737,26.601],[86.742,26.5999],[86.7489,26.5952],[86.7501,26.5932],[86.7498,26.5895],[86.7515,26.5876],[86.7623,26.5832],[86.7669,26.58],[86.7691,26.5767],[86.7762,26.5749],[86.7804,26.5655],[86.7798,26.5579],[86.7817,26.5538],[86.7861,26.551],[86.7897,26.539],[86.7896,26.534],[86.7919,26.5293],[86.7909,26.5257],[86.7863,26.5226],[86.782,26.5131],[86.7826,26.5114]],[[86.7827,26.5109],[86.7825,26.5067],[86.7743,26.4982],[86.7706,26.4901],[86.7734,26.4853],[86.7791,26.4848],[86.783,26.4818],[86.7846,26.4761],[86.7842,26.4747],[86.7833,26.4752]],[[86.7826,26.5114],[86.7827,26.5109]]]}},{"type":"Feature","properties":{"name":"Pathariya River, Joshipur","length_km":32,"rank":3},"geometry":{"type":"MultiLineString","coordinates":[[[81.1584,28.7007],[81.156,28.6974],[81.1579,28.6936],[81.1561,28.691],[81.1477,28.6869],[81.14,28.6874],[81.1325,28.6856],[81.1296,28.6861],[81.1191,28.6788],[81.1106,28.6814],[81.1054,28.6771],[81.1063,28.673],[81.1013,28.6717],[81.1021,28.6685],[81.0952,28.6634],[81.0956,28.6579],[81.0931,28.6563],[81.0935,28.6536],[81.089,28.6488],[81.0895,28.6453],[81.0861,28.645],[81.0863,28.6413],[81.0841,28.6412],[81.0841,28.639],[81.0816,28.6387],[81.0798,28.6359],[81.077,28.6344],[81.0749,28.636],[81.0744,28.6341],[81.071,28.633],[81.0704,28.6351],[81.0692,28.6353],[81.068,28.6335],[81.0682,28.6304],[81.066,28.6316],[81.0652,28.6288],[81.0619,28.6291],[81.0611,28.627],[81.0582,28.6252],[81.0573,28.6214],[81.0599,28.6136],[81.0574,28.6124],[81.0579,28.6106],[81.0566,28.6078],[81.0578,28.6043],[81.0573,28.6002],[81.0596,28.5999],[81.0598,28.5987],[81.0567,28.5981],[81.0568,28.597],[81.0588,28.597],[81.0594,28.5952],[81.0559,28.5928],[81.0598,28.5937],[81.0579,28.5893],[81.0595,28.5849],[81.0611,28.5848],[81.0617,28.5863],[81.0632,28.5839],[81.0646,28.5862],[81.0661,28.5862],[81.0628,28.5771],[81.0644,28.5753],[81.0623,28.5732],[81.0637,28.5697],[81.0656,28.5714],[81.0668,28.5694],[81.0645,28.5674],[81.0604,28.5674],[81.0608,28.5648],[81.0591,28.5622],[81.0622,28.5608],[81.0619,28.5599],[81.056,28.5567],[81.0531,28.5516],[81.0554,28.5462],[81.0584,28.5474],[81.0593,28.5466]]]}},{"type":"Feature","properties":{"name":"Syali Nadi","length_km":32,"rank":3},"geometry":{"type":"MultiLineString","coordinates":[[[80.3587,28.9604],[80.3552,28.9542],[80.345,28.946],[80.3384,28.9466],[80.3376,28.9384],[80.3406,28.9337],[80.3398,28.9282],[80.3368,28.9252],[80.3351,28.9207],[80.3313,28.918],[80.3256,28.9141],[80.3217,28.9162],[80.3192,28.9143],[80.3182,28.9105],[80.3209,28.9071],[80.3181,28.9068],[80.3186,28.905],[80.3168,28.9047],[80.3172,28.903],[80.3159,28.9016],[80.317,28.8954],[80.3193,28.8916],[80.3156,28.8856],[80.3134,28.8845],[80.3141,28.8818],[80.3177,28.8808],[80.3188,28.8786],[80.3208,28.8788],[80.3237,28.8758],[80.3228,28.871],[80.325,28.8679],[80.3235,28.8634],[80.3279,28.8551],[80.3315,28.8528],[80.3316,28.8482],[80.3344,28.8476],[80.3342,28.8516],[80.3355,28.8528],[80.3373,28.8493],[80.3389,28.8493]],[[80.3389,28.8493],[80.3372,28.8457],[80.3377,28.843],[80.3481,28.8403],[80.3429,28.8352],[80.3469,28.8336],[80.348,28.8316],[80.3445,28.8304],[80.3428,28.8282],[80.3447,28.8271],[80.3501,28.8277],[80.3497,28.8239],[80.3551,28.813],[80.3519,28.8107],[80.3538,28.8096],[80.3555,28.8063],[80.3547,28.7969],[80.3563,28.7946],[80.363,28.7915],[80.3625,28.7886],[80.3574,28.7803],[80.3628,28.7756]],[[80.3629,28.9713],[80.3626,28.9646],[80.3587,28.9604]]]}},{"type":"Feature","properties":{"name":"Mimiban Khola","length_km":32,"rank":3},"geometry":{"type":"MultiLineString","coordinates":[[[82.3576,29.7392],[82.3465,29.7402],[82.3425,29.7373],[82.3372,29.7362],[82.3309,29.7381],[82.3259,29.742],[82.3232,29.7425],[82.3187,29.7475],[82.3128,29.7493],[82.3082,29.7524],[82.3056,29.7576],[82.3066,29.7645],[82.3017,29.7678],[82.2995,29.7709],[82.2915,29.774],[82.2876,29.7731],[82.2844,29.7745],[82.2726,29.7733],[82.2699,29.7711],[82.2677,29.7713],[82.2654,29.769],[82.2574,29.7658],[82.238,29.7661],[82.2257,29.7678],[82.2203,29.7653],[82.2092,29.7652],[82.2043,29.7608],[82.1991,29.7613],[82.1957,29.7568],[82.1904,29.7546],[82.1873,29.7508],[82.1764,29.7438],[82.159,29.7469],[82.1454,29.748],[82.1363,29.747],[82.1318,29.7486],[82.1212,29.7444],[82.1121,29.7435],[82.0923,29.7493],[82.0825,29.7571]]]}},{"type":"Feature","properties":{"name":"Ghumi Khola","length_km":32,"rank":3},"geometry":{"type":"MultiLineString","coordinates":[[[86.2892,26.8259],[86.2835,26.8243],[86.2791,26.8186],[86.2722,26.8151],[86.2716,26.8132],[86.2741,26.8093],[86.2705,26.8041],[86.2719,26.8025],[86.2715,26.7995],[86.2561,26.7887],[86.2494,26.7857],[86.2466,26.7802],[86.2436,26.7788],[86.2399,26.7809],[86.2382,26.779],[86.235,26.7796],[86.2323,26.7769],[86.2216,26.7726],[86.2204,26.7706],[86.2188,26.772],[86.2189,26.7702],[86.2161,26.7663],[86.2182,26.7636],[86.2136,26.7608],[86.2112,26.7531],[86.185,26.7296]],[[86.3223,26.8488],[86.3079,26.8408],[86.3004,26.8335],[86.2908,26.8304],[86.2892,26.8259]],[[86.3604,26.8884],[86.3596,26.8883],[86.3598,26.8863],[86.3585,26.8861],[86.3583,26.8886],[86.3551,26.8868],[86.3528,26.8896],[86.3516,26.8869],[86.3513,26.8884],[86.3503,26.8879],[86.351,26.8863],[86.35,26.8857],[86.3502,26.8884],[86.3491,26.889],[86.3482,26.8872],[86.3443,26.886],[86.3441,26.8843],[86.3414,26.8829],[86.3417,26.8803],[86.3392,26.8767],[86.3406,26.8768],[86.342,26.8727],[86.34,26.8722],[86.3416,26.8667],[86.3408,26.8624],[86.3364,26.8585],[86.3362,26.8556],[86.3333,26.8546],[86.332,26.8521],[86.3223,26.8488]]]}},{"type":"Feature","properties":{"name":"Shivganga River","length_km":33,"rank":3},"geometry":{"type":"MultiLineString","coordinates":[[[80.7332,28.8885],[80.7382,28.8826],[80.7372,28.88],[80.7345,28.8784],[80.7351,28.8708],[80.7365,28.8689],[80.7334,28.8651],[80.7354,28.8624],[80.7341,28.8596],[80.7356,28.8581],[80.7346,28.8509],[80.7389,28.8431],[80.7375,28.8421],[80.7378,28.8402],[80.7406,28.8365],[80.7437,28.8365],[80.7443,28.8343],[80.7424,28.8312],[80.7375,28.8276],[80.7376,28.821],[80.7326,28.8171],[80.7287,28.8088],[80.7252,28.8059],[80.7169,28.8024],[80.7109,28.7973],[80.7054,28.7959],[80.7008,28.7928],[80.6989,28.7867],[80.6997,28.7849],[80.6973,28.7851],[80.6953,28.7822],[80.7003,28.7794],[80.7019,28.7765],[80.6973,28.7711],[80.6979,28.7656],[80.6968,28.7638],[80.6922,28.7644],[80.6823,28.7611],[80.6824,28.759],[80.6879,28.758],[80.6852,28.7551],[80.678,28.7543],[80.6791,28.7524],[80.6836,28.7511],[80.6861,28.7481],[80.6857,28.7468],[80.681,28.7479],[80.6783,28.7462],[80.6785,28.7428],[80.6839,28.7405],[80.6853,28.7381],[80.6823,28.7368],[80.677,28.7378],[80.6753,28.7357],[80.6752,28.7322],[80.6776,28.7289],[80.6836,28.7259],[80.681,28.722],[80.681,28.7197],[80.6868,28.7164],[80.6845,28.7111],[80.6806,28.708],[80.6811,28.7019],[80.6719,28.6948]]]}},{"type":"Feature","properties":{"name":"Jhanjha Khola","length_km":33,"rank":3},"geometry":{"type":"MultiLineString","coordinates":[[[85.3105,26.9522],[85.31,26.9504],[85.3112,26.9489],[85.3095,26.9448],[85.3096,26.9383],[85.3121,26.9352],[85.3091,26.934],[85.3079,26.932],[85.3128,26.9288],[85.3135,26.9257]],[[85.2926,26.8496],[85.2965,26.8471],[85.2978,26.8446],[85.297,26.8437],[85.2943,26.8447],[85.2951,26.8426],[85.3005,26.8433],[85.2996,26.8416],[85.3002,26.8387],[85.2978,26.8373],[85.2982,26.8342],[85.2955,26.8336],[85.2958,26.8326],[85.2982,26.832],[85.3,26.8349],[85.3039,26.8365],[85.3046,26.8336],[85.3018,26.8328],[85.3023,26.8308],[85.3044,26.831],[85.307,26.8283],[85.3114,26.8299],[85.3148,26.829],[85.3152,26.8278],[85.3119,26.8272],[85.3149,26.8265],[85.3174,26.8242],[85.3161,26.8206],[85.3197,26.8224],[85.3229,26.8221],[85.3219,26.8206],[85.3252,26.8197],[85.3229,26.8166],[85.3256,26.814]],[[85.3135,26.9257],[85.3134,26.921],[85.3112,26.9184],[85.3124,26.9168],[85.3085,26.9107]],[[85.3256,26.814],[85.3239,26.812],[85.3219,26.8117],[85.323,26.8063],[85.3221,26.8003],[85.3198,26.7963],[85.3207,26.7951],[85.3202,26.7929]],[[85.3085,26.9107],[85.3064,26.9075],[85.3104,26.9042],[85.311,26.9003],[85.3093,26.8974],[85.3155,26.893],[85.3122,26.8905],[85.313,26.8886],[85.3151,26.8877],[85.3164,26.8834],[85.3149,26.8816],[85.3174,26.8803],[85.3151,26.8791],[85.3188,26.8763],[85.3158,26.873],[85.3207,26.8717],[85.3197,26.8674],[85.3175,26.8661],[85.3183,26.8596],[85.3163,26.854],[85.3149,26.8538],[85.313,26.8557],[85.3097,26.8533],[85.3071,26.855],[85.3043,26.8547],[85.3028,26.859],[85.3014,26.8572],[85.3028,26.8553],[85.3003,26.8538],[85.2973,26.8538],[85.2944,26.8496],[85.2926,26.8496]]]}},{"type":"Feature","properties":{"name":"Thuli Bheri","length_km":33,"rank":3},"geometry":{"type":"MultiLineString","coordinates":[[[82.8747,28.9725],[82.8676,28.9739],[82.8647,28.9765],[82.8623,28.9766],[82.8592,28.9799],[82.854,28.98],[82.8492,28.9779],[82.8445,28.9794],[82.8415,28.9828],[82.8378,28.9834],[82.8361,28.9862],[82.8312,28.9877],[82.8284,28.9936],[82.8155,28.9975],[82.8118,29.0021],[82.8071,29.004],[82.8069,29.007],[82.804,29.0089],[82.8042,29.0114],[82.7998,29.0127],[82.7985,29.0144]],[[83.0006,28.8787],[82.9988,28.8811],[82.9921,28.8821],[82.9872,28.8847],[82.9839,28.8928],[82.979,28.8973],[82.9748,28.9056],[82.9724,28.9077],[82.9699,28.9176],[82.9583,28.9361],[82.9453,28.9397],[82.9393,28.9391],[82.9325,28.9361],[82.9278,28.9363],[82.9156,28.9309],[82.9144,28.9326],[82.9037,28.9379],[82.9032,28.9405],[82.8972,28.947],[82.897,28.9501],[82.895,28.9522],[82.8955,28.955],[82.8909,28.9559],[82.8879,28.9579],[82.8852,28.9611],[82.887,28.963],[82.8829,28.9657],[82.8808,28.9699],[82.8747,28.9725]],[[82.7985,29.0144],[82.792,29.0169],[82.7854,29.023],[82.7813,29.0234]],[[82.7813,29.0234],[82.7776,29.025],[82.7745,29.0244]]]}},{"type":"Feature","properties":{"name":"Ghunsa Khola","length_km":33,"rank":3},"geometry":{"type":"MultiLineString","coordinates":[[[88.014,27.7686],[88.0062,27.7674],[88.0031,27.764],[87.9975,27.764],[87.9951,27.7573],[87.9928,27.7566],[87.9879,27.7504],[87.9783,27.7417],[87.9734,27.7307],[87.9696,27.7282],[87.9681,27.7256]],[[87.9681,27.7256],[87.9672,27.7242],[87.9682,27.719],[87.9669,27.7131],[87.9651,27.7121],[87.9611,27.704],[87.9611,27.6997],[87.9579,27.6947],[87.9528,27.6914],[87.944,27.6719],[87.9434,27.6672],[87.9366,27.6626],[87.9219,27.6576],[87.9196,27.6551],[87.921,27.6422],[87.9201,27.6374],[87.9165,27.6297],[87.9067,27.6229],[87.8952,27.6189],[87.882,27.6162]],[[87.882,27.6162],[87.8769,27.6146],[87.8735,27.6119],[87.8696,27.6027],[87.8712,27.5866],[87.8734,27.5808],[87.8731,27.5695],[87.8714,27.5658]],[[88.0221,27.7756],[88.0179,27.7701],[88.014,27.7686]]]}},{"type":"Feature","properties":{"name":"Nagon Khola","length_km":33,"rank":3},"geometry":{"type":"MultiLineString","coordinates":[[[83.0795,29.2762],[83.077,29.2821],[83.0781,29.2867],[83.0758,29.2975],[83.076,29.3025],[83.0817,29.3063],[83.0943,29.3038],[83.1022,29.309],[83.1091,29.3092],[83.1169,29.3176],[83.1178,29.3205],[83.1293,29.3282],[83.1326,29.334],[83.1372,29.3377],[83.1391,29.3439],[83.138,29.3464],[83.14,29.351],[83.1382,29.3568],[83.1339,29.3594],[83.1332,29.3624],[83.1286,29.3648],[83.1236,29.3696],[83.1174,29.3719],[83.1151,29.3753],[83.1094,29.379],[83.1083,29.3845],[83.1051,29.3862],[83.1029,29.39],[83.0986,29.3919],[83.0956,29.3985],[83.0863,29.4031],[83.0848,29.4072],[83.081,29.41],[83.0811,29.4154]],[[83.0811,29.4154],[83.0776,29.4253],[83.075,29.4281],[83.076,29.4318],[83.0741,29.4367],[83.0761,29.4443],[83.074,29.4522],[83.0793,29.4559],[83.0772,29.4702],[83.0787,29.4717],[83.08,29.4771],[83.0758,29.4838],[83.0734,29.4849],[83.0699,29.4914]]]}},{"type":"Feature","properties":{"name":"Banganga","length_km":33,"rank":3},"geometry":{"type":"MultiLineString","coordinates":[[[83.1157,27.6703],[83.1136,27.6674],[83.1143,27.6661],[83.1109,27.6617],[83.1025,27.661],[83.099,27.6593],[83.0996,27.6523],[83.0966,27.6466],[83.0938,27.6464],[83.0898,27.6493],[83.0871,27.6479],[83.0859,27.6449],[83.0874,27.6334],[83.0815,27.6267],[83.0795,27.6256],[83.0753,27.6273],[83.0736,27.6267],[83.0754,27.6171],[83.0781,27.6147],[83.0784,27.6122],[83.0753,27.6068],[83.0697,27.609],[83.0669,27.608],[83.0667,27.6018],[83.0695,27.594],[83.0685,27.5903],[83.064,27.5881],[83.0529,27.5889],[83.0488,27.5847],[83.0506,27.5815],[83.0504,27.5771],[83.034,27.5745],[83.0262,27.5697],[83.021,27.5713],[83.0197,27.5706],[83.0118,27.555]],[[83.1948,27.7266],[83.1883,27.7216],[83.1773,27.7035],[83.1542,27.6831],[83.1404,27.6751],[83.1317,27.6761],[83.1252,27.6726],[83.1157,27.6703]]]}},{"type":"Feature","properties":{"name":"Lukum Khola","length_km":33,"rank":3},"geometry":{"type":"MultiLineString","coordinates":[[[82.8174,28.5084],[82.8125,28.5093],[82.8123,28.5127],[82.8082,28.5126],[82.8036,28.5184],[82.7918,28.5215],[82.7903,28.5253],[82.7883,28.5248],[82.7849,28.5283],[82.7808,28.5289],[82.7791,28.5344],[82.775,28.5346],[82.7724,28.5376],[82.771,28.5374],[82.7688,28.5409],[82.7649,28.542],[82.7628,28.5458],[82.7594,28.5474],[82.7572,28.5469],[82.746,28.5539],[82.7397,28.5557],[82.7353,28.5537],[82.7306,28.5563],[82.7244,28.5527],[82.7229,28.5544],[82.719,28.5552],[82.7173,28.5542],[82.7117,28.5546],[82.7102,28.5524],[82.7028,28.5498],[82.7005,28.5513],[82.6944,28.5519],[82.6931,28.5511],[82.691,28.5522],[82.6896,28.551],[82.6885,28.5522],[82.6856,28.5521],[82.6777,28.5596],[82.6669,28.5647],[82.665,28.5668],[82.6566,28.5671],[82.6548,28.5689],[82.646,28.569]],[[82.646,28.569],[82.6433,28.5724],[82.6431,28.5754],[82.6406,28.5766],[82.6417,28.5791],[82.633,28.5857],[82.6301,28.594],[82.6273,28.596],[82.6345,28.6059],[82.6356,28.6123],[82.6372,28.6137],[82.6368,28.6167],[82.6314,28.6253],[82.6289,28.6255],[82.6257,28.6295],[82.62,28.6314]]]}},{"type":"Feature","properties":{"name":"Lyachudi Khola","length_km":33,"rank":3},"geometry":{"type":"MultiLineString","coordinates":[[[82.049,29.5224],[82.0442,29.5211],[82.0418,29.5222],[82.0356,29.5216],[82.0247,29.5259],[82.0181,29.526],[82.0115,29.5232],[82.0072,29.523],[81.9962,29.5163],[81.9921,29.5179],[81.9899,29.5239],[81.9847,29.5297],[81.9802,29.532],[81.9757,29.5327],[81.9712,29.531],[81.9653,29.5309],[81.9595,29.5277],[81.9575,29.5278],[81.956,29.5296],[81.9502,29.5268],[81.9382,29.5276],[81.9317,29.5238],[81.9288,29.5197],[81.9205,29.517],[81.905,29.5077],[81.8983,29.5082],[81.897,29.5097],[81.8883,29.5117],[81.8848,29.5111],[81.884,29.5084],[81.881,29.5095],[81.8784,29.5085],[81.8775,29.5095],[81.8757,29.5069],[81.871,29.5076],[81.8683,29.5054],[81.8642,29.5049],[81.8599,29.5074],[81.8581,29.5107],[81.8558,29.5111],[81.8539,29.514],[81.8477,29.513],[81.8444,29.5105],[81.8369,29.5125],[81.836,29.518],[81.8314,29.5187],[81.8261,29.5157],[81.8204,29.5182],[81.8119,29.5167],[81.806,29.5178],[81.8039,29.5216],[81.7977,29.5247],[81.7965,29.5272],[81.7909,29.5276],[81.7889,29.5296]]]}},{"type":"Feature","properties":{"name":"Mahara Nadi","length_km":33,"rank":3},"geometry":{"type":"MultiLineString","coordinates":[[[85.8207,27.0542],[85.8203,27.0513],[85.8033,27.0254],[85.7938,27.0156],[85.7956,27.0006],[85.7928,26.9948],[85.7876,26.9635],[85.783,26.9536]],[[85.7725,26.9177],[85.7698,26.9145],[85.7671,26.9061],[85.7674,26.9042],[85.7692,26.904],[85.7715,26.901],[85.7666,26.8956],[85.7667,26.8898],[85.7651,26.8875],[85.7675,26.8853],[85.7599,26.8814],[85.7608,26.8782],[85.7591,26.8762],[85.7506,26.8726],[85.7509,26.8702],[85.7551,26.8675],[85.7534,26.8636],[85.745,26.8595],[85.7452,26.8583],[85.7477,26.8582],[85.7485,26.8562],[85.7471,26.8555],[85.7445,26.8568],[85.7392,26.8485],[85.7324,26.8466],[85.7294,26.8444],[85.7238,26.8369],[85.7154,26.8318],[85.7087,26.8204],[85.7058,26.8213]],[[85.7772,26.9296],[85.7782,26.9258],[85.7774,26.9232],[85.7752,26.9187],[85.7725,26.9177]],[[85.778,26.9359],[85.7772,26.9296]],[[85.783,26.9536],[85.7784,26.9492],[85.778,26.9359]]]}},{"type":"Feature","properties":{"name":"Trisuli","length_km":34,"rank":3,"name_ne":"त्रिशुली नदी"},"geometry":{"type":"MultiLineString","coordinates":[[[84.5592,27.8578],[84.5576,27.8568],[84.5569,27.8523],[84.5583,27.8458],[84.5554,27.8363],[84.547,27.8319],[84.5391,27.8338],[84.5265,27.8337],[84.5217,27.8324],[84.5204,27.8306],[84.5202,27.8211],[84.517,27.8163],[84.5118,27.8156],[84.5021,27.8199],[84.496,27.821],[84.4926,27.8193],[84.4892,27.821],[84.466,27.8245],[84.4664,27.8205],[84.465,27.8188],[84.4569,27.8198],[84.4459,27.8234],[84.443,27.8212],[84.4406,27.8167],[84.4333,27.814],[84.4299,27.7933],[84.4304,27.789],[84.433,27.7847],[84.4392,27.7783],[84.4494,27.7784],[84.461,27.7737],[84.4665,27.7682],[84.4701,27.7624],[84.4724,27.7531],[84.4711,27.7516],[84.4661,27.7525],[84.4577,27.7594],[84.4511,27.7594],[84.448,27.7578],[84.4376,27.743],[84.433,27.7414],[84.4261,27.743],[84.422,27.7413]]]}},{"type":"Feature","properties":{"name":"Isuwa Khola","length_km":34,"rank":3},"geometry":{"type":"MultiLineString","coordinates":[[[87.0656,27.7488],[87.0721,27.7468],[87.0751,27.7437],[87.077,27.7433],[87.0814,27.7355],[87.0904,27.733],[87.0953,27.727],[87.1032,27.7269],[87.1058,27.7252],[87.1136,27.7236],[87.1188,27.7252],[87.1222,27.7227],[87.1371,27.7185],[87.143,27.7107],[87.1605,27.7011],[87.1638,27.6952],[87.1693,27.692],[87.1712,27.6881],[87.1742,27.6865],[87.1784,27.6786],[87.1775,27.6747],[87.1812,27.6707]],[[87.1812,27.6707],[87.1832,27.6667],[87.185,27.6659],[87.1886,27.6556],[87.1911,27.6536],[87.1932,27.6483],[87.1918,27.6414],[87.1873,27.6358],[87.1889,27.6255],[87.1918,27.6176],[87.1986,27.6102],[87.1993,27.6065],[87.2009,27.6059],[87.2018,27.6031]],[[87.2018,27.6031],[87.2014,27.6003],[87.2043,27.5944],[87.2098,27.59],[87.2109,27.5873],[87.2156,27.5839],[87.2226,27.5816],[87.224,27.5789],[87.2311,27.5739],[87.2368,27.5723],[87.241,27.5689],[87.2536,27.5649],[87.2553,27.5585]]]}},{"type":"Feature","properties":{"name":"Jamara","length_km":34,"rank":3},"geometry":{"type":"MultiLineString","coordinates":[[[81.1981,28.5861],[81.1951,28.5853],[81.1898,28.5814],[81.1854,28.5753],[81.1827,28.5751],[81.1825,28.5727],[81.1796,28.572],[81.179,28.5698],[81.1676,28.5666],[81.1662,28.5638],[81.1633,28.5624],[81.1624,28.5597],[81.1608,28.5596],[81.1613,28.5585],[81.1588,28.5583],[81.1591,28.5572],[81.1562,28.5558],[81.1499,28.5545],[81.1447,28.5495],[81.1404,28.5476],[81.1376,28.5448],[81.1399,28.5422],[81.1397,28.5396],[81.1382,28.5385],[81.1355,28.5374],[81.1306,28.5384],[81.1218,28.5371],[81.1081,28.5318],[81.1024,28.5317],[81.1025,28.5293],[81.1014,28.5287],[81.0894,28.5243],[81.0869,28.5201],[81.0866,28.517],[81.084,28.5153],[81.084,28.5134],[81.08,28.5132],[81.08,28.5117],[81.0717,28.5049],[81.0672,28.5035],[81.059,28.507],[81.057,28.5051],[81.0529,28.5056],[81.0472,28.4889],[81.0482,28.4871],[81.0472,28.4839],[81.0461,28.4817],[81.0441,28.4813]],[[81.2787,28.6364],[81.2708,28.6297],[81.258,28.6269],[81.2555,28.6163],[81.2507,28.6155],[81.2451,28.6127],[81.2376,28.6122],[81.2265,28.6075],[81.2226,28.6071],[81.2108,28.5955],[81.2005,28.5895],[81.1981,28.5865]]]}},{"type":"Feature","properties":{"name":"Gaur Gad","length_km":34,"rank":3},"geometry":{"type":"MultiLineString","coordinates":[[[82.9621,28.7042],[82.9567,28.7008],[82.9564,28.6966],[82.9504,28.6897],[82.9469,28.6887],[82.9441,28.6822],[82.9455,28.6786],[82.953,28.6725],[82.9529,28.6672],[82.9468,28.6647],[82.9452,28.6621],[82.943,28.6618],[82.9401,28.6594],[82.9348,28.6491]],[[83.1215,28.6993],[83.107,28.6896],[83.1002,28.6867],[83.0935,28.686],[83.0865,28.6871],[83.0829,28.6899],[83.0723,28.6936],[83.0689,28.696],[83.0668,28.7003],[83.0634,28.7037],[83.0585,28.7059],[83.0513,28.7116],[83.0468,28.7133],[83.0399,28.7116],[83.0334,28.7131],[83.0301,28.7118],[83.0229,28.7145],[83.0188,28.7134],[83.0134,28.7088],[83.0097,28.7094],[82.9988,28.7064],[82.9936,28.7067],[82.9897,28.7044],[82.9835,28.7041],[82.9796,28.7011],[82.9768,28.7035],[82.975,28.7031],[82.9707,28.705],[82.9619,28.7041]],[[82.9348,28.6491],[82.9241,28.6487],[82.9206,28.646],[82.9189,28.647],[82.9163,28.6454],[82.9134,28.6494],[82.9097,28.6506],[82.9089,28.6524],[82.905,28.6534],[82.902,28.6519],[82.8989,28.6542],[82.8979,28.6558],[82.8986,28.6581],[82.8971,28.6595],[82.8948,28.6595],[82.8897,28.6541]]]}},{"type":"Feature","properties":{"name":"Daram Khola","length_km":34,"rank":3},"geometry":{"type":"MultiLineString","coordinates":[[[83.4171,28.2864],[83.4183,28.2824],[83.4206,28.2802],[83.4211,28.2751],[83.4194,28.2746],[83.4268,28.2701],[83.4283,28.2659],[83.4304,28.2641],[83.4274,28.2605],[83.4283,28.2556],[83.4267,28.2545],[83.4271,28.2495],[83.4234,28.2437],[83.4237,28.2409],[83.4258,28.2395],[83.4255,28.2372],[83.4271,28.2348],[83.4254,28.2274],[83.4234,28.2248],[83.42,28.2233],[83.4192,28.2209],[83.4127,28.2148],[83.4086,28.2142],[83.4072,28.2087],[83.4034,28.2094],[83.4,28.2082],[83.3986,28.2105],[83.3939,28.2084],[83.3913,28.2088],[83.3862,28.2071],[83.3833,28.2039],[83.3796,28.2051],[83.3763,28.2007],[83.3698,28.197],[83.3627,28.1969],[83.3613,28.1984],[83.3589,28.1971],[83.3527,28.1981],[83.35,28.1944],[83.3443,28.1935],[83.3377,28.1898],[83.3285,28.1889],[83.3179,28.1909],[83.3165,28.19],[83.3066,28.1978],[83.3,28.1953],[83.2977,28.1926],[83.2894,28.193],[83.2802,28.1896],[83.2778,28.191],[83.2731,28.1868]],[[83.3658,28.2965],[83.3772,28.307],[83.3823,28.3074],[83.3966,28.3037],[83.4063,28.299],[83.4108,28.2996],[83.4099,28.2977],[83.4139,28.2928]]]}},{"type":"Feature","properties":{"name":"Pikhua Khola","length_km":34,"rank":3},"geometry":{"type":"MultiLineString","coordinates":[[[87.0512,27.1234],[87.055,27.122],[87.0544,27.1195],[87.0568,27.118],[87.0583,27.1181],[87.0592,27.12],[87.062,27.1186],[87.0696,27.1215],[87.0765,27.1213],[87.0746,27.118],[87.0785,27.1173],[87.0791,27.1141],[87.0828,27.114],[87.0897,27.1115],[87.0889,27.1086],[87.0952,27.102],[87.0951,27.0996],[87.1014,27.0944],[87.1065,27.0921],[87.1087,27.0891],[87.1152,27.0865],[87.1154,27.0847],[87.1132,27.0855],[87.1124,27.0819],[87.1168,27.0805],[87.1179,27.0759],[87.1257,27.0732],[87.128,27.0731],[87.1312,27.0752],[87.1333,27.0727],[87.1381,27.0731],[87.1433,27.071],[87.147,27.0668],[87.1524,27.0655],[87.1544,27.0609],[87.1586,27.0596],[87.1577,27.0555],[87.161,27.0553],[87.1602,27.053],[87.1619,27.0493],[87.1653,27.0496],[87.1684,27.0465],[87.1707,27.0478],[87.1747,27.0465],[87.1766,27.0481],[87.1782,27.0442],[87.183,27.0443]],[[87.0091,27.1776],[87.0141,27.1743],[87.0144,27.1713],[87.0165,27.1711],[87.0167,27.1682],[87.0181,27.1664],[87.0172,27.1602],[87.0188,27.1561],[87.0217,27.1555],[87.0229,27.1522],[87.0244,27.1528],[87.0282,27.15],[87.0274,27.1471],[87.0319,27.1456],[87.0337,27.1421],[87.0357,27.1422],[87.0375,27.1389],[87.0404,27.1392],[87.0407,27.1347],[87.0435,27.1338],[87.0427,27.1322],[87.0483,27.1301],[87.0476,27.1281],[87.0503,27.1266],[87.0512,27.1234]],[[86.9971,27.1971],[86.9976,27.1927],[87.0024,27.1886],[87.0023,27.1861],[87.006,27.1846],[87.0076,27.1815],[87.007,27.1802]],[[87.007,27.1802],[87.0073,27.1782],[87.0091,27.1776]]]}},{"type":"Feature","properties":{"name":"Donda River","length_km":35,"rank":3},"geometry":{"type":"MultiLineString","coordinates":[[[80.5189,28.9952],[80.5174,28.989],[80.5238,28.9873],[80.528,28.9829],[80.5281,28.9734],[80.5301,28.9719],[80.5293,28.9698],[80.5302,28.9666],[80.5289,28.9643],[80.5302,28.9608],[80.5338,28.9624],[80.5414,28.9613],[80.5456,28.9629],[80.5469,28.9613],[80.5474,28.9576],[80.5411,28.9573],[80.5402,28.9563],[80.5428,28.9521],[80.5391,28.9492],[80.54,28.945],[80.5368,28.9414],[80.5365,28.9394],[80.539,28.9371],[80.5348,28.9348],[80.534,28.9314],[80.5197,28.9307],[80.513,28.9215],[80.5077,28.9185],[80.5057,28.9144],[80.4969,28.9064],[80.4909,28.9015],[80.4719,28.8927],[80.4636,28.8836],[80.4581,28.8805],[80.4578,28.8776],[80.4509,28.8746],[80.4471,28.8605],[80.4432,28.8593],[80.4376,28.8596],[80.4354,28.8583],[80.4336,28.8481],[80.4322,28.8461],[80.4136,28.8394],[80.4132,28.8372],[80.4155,28.834],[80.4159,28.8307],[80.4102,28.8189],[80.4029,28.8163],[80.3959,28.8162],[80.391,28.8126],[80.3823,28.8164],[80.378,28.8159]]]}},{"type":"Feature","properties":{"name":"Kokhajor Khola","length_km":35,"rank":3},"geometry":{"type":"MultiLineString","coordinates":[[[85.6778,27.3445],[85.6748,27.3433],[85.6725,27.3444],[85.6713,27.3435],[85.6721,27.3412],[85.6688,27.3404],[85.667,27.3383],[85.6625,27.3375],[85.6605,27.3342],[85.6577,27.3351],[85.6511,27.3337],[85.6461,27.34],[85.642,27.3424],[85.6435,27.3459],[85.6396,27.3461],[85.6392,27.3478],[85.6416,27.3475],[85.6418,27.3499],[85.6391,27.3486],[85.6381,27.3522],[85.6351,27.3534],[85.6332,27.3525],[85.6349,27.3512],[85.6343,27.3496],[85.6318,27.3492],[85.6312,27.3474],[85.623,27.3448],[85.6146,27.3448],[85.6111,27.3427],[85.606,27.3442],[85.5995,27.343],[85.5978,27.3448],[85.5927,27.3434],[85.5871,27.3452],[85.586,27.3438],[85.5783,27.3446],[85.5767,27.3415],[85.5695,27.3404],[85.565,27.3408],[85.5665,27.3431],[85.5644,27.3448],[85.5626,27.3433],[85.5631,27.3407],[85.5591,27.3393],[85.555,27.3425],[85.5555,27.3462],[85.5536,27.3463],[85.5519,27.3437],[85.55,27.3432],[85.5488,27.3472],[85.5401,27.3494],[85.5396,27.354],[85.536,27.3544],[85.5333,27.357],[85.5276,27.3545],[85.5239,27.3503],[85.5201,27.3497],[85.5147,27.3502],[85.5077,27.3541],[85.5036,27.3573],[85.5064,27.3592],[85.5106,27.365],[85.5091,27.3659],[85.5062,27.3642],[85.5054,27.3689],[85.503,27.37],[85.5013,27.3729],[85.4964,27.3723],[85.4959,27.3753],[85.4946,27.376],[85.4907,27.3748],[85.4878,27.378],[85.4864,27.378],[85.4849,27.3755],[85.4796,27.3717],[85.4775,27.3711],[85.4762,27.372],[85.4725,27.3697]],[[85.6875,27.3377],[85.6849,27.3399],[85.6847,27.3416],[85.6807,27.3427],[85.6801,27.3449],[85.6778,27.3445]]]}},{"type":"Feature","properties":{"name":"Hewa Khola","length_km":35,"rank":3},"geometry":{"type":"MultiLineString","coordinates":[[[87.8916,27.1821],[87.8893,27.1813],[87.8882,27.1838],[87.8841,27.1833],[87.884,27.1869],[87.8802,27.184],[87.876,27.1891],[87.8737,27.1881],[87.8702,27.1897],[87.8695,27.187],[87.8658,27.1873],[87.8607,27.1899],[87.859,27.1889],[87.8543,27.19],[87.8528,27.1888],[87.852,27.1902],[87.8518,27.1887],[87.8488,27.1874],[87.8403,27.1886],[87.8309,27.1876],[87.8303,27.1865],[87.8323,27.1854],[87.83,27.1833],[87.8265,27.1854],[87.8215,27.1836],[87.8159,27.1839],[87.8092,27.1817],[87.8058,27.1825],[87.802,27.1817],[87.7903,27.172]],[[87.969,27.17],[87.9648,27.17],[87.9615,27.1732],[87.9579,27.1733],[87.9538,27.1761],[87.9514,27.1759],[87.9518,27.1778],[87.9485,27.178],[87.9469,27.1804],[87.9435,27.1821],[87.9427,27.1845],[87.9324,27.1854],[87.9259,27.1875],[87.9244,27.1859],[87.9231,27.1882],[87.9176,27.186],[87.8976,27.1847],[87.8973,27.1837],[87.8918,27.1833],[87.8916,27.1821]],[[87.7903,27.172],[87.7879,27.1666],[87.7808,27.1635],[87.7748,27.165],[87.7729,27.1629],[87.7707,27.1649],[87.7684,27.1637],[87.7662,27.1656],[87.7637,27.1657],[87.7566,27.1621],[87.7532,27.1654],[87.7497,27.1623],[87.7483,27.1586],[87.7439,27.1581],[87.7403,27.1541],[87.7283,27.1511],[87.7258,27.1518],[87.7214,27.1502],[87.7185,27.1534],[87.7156,27.1546],[87.7142,27.1575],[87.7102,27.156]],[[87.7474,27.1582],[87.7439,27.1587],[87.7435,27.1573]]]}},{"type":"Feature","properties":{"name":"Lakhandehi River","length_km":35,"rank":3,"name_ne":"लखनदेहि नदि"},"geometry":{"type":"MultiLineString","coordinates":[[[85.5726,27.0495],[85.5772,27.0462],[85.5778,27.0434],[85.5743,27.0319],[85.5601,27.0229],[85.5561,27.0139],[85.5511,27.0112],[85.5459,27.0113],[85.5446,27.0087],[85.5452,27.0069],[85.5397,26.9995],[85.5357,26.997],[85.5327,26.9972],[85.5192,26.9826],[85.5114,26.9785],[85.5094,26.9642],[85.5071,26.9632],[85.5023,26.9642],[85.4951,26.957],[85.4996,26.9488],[85.4974,26.9431],[85.5001,26.9367],[85.4994,26.9325],[85.5005,26.9276],[85.4977,26.9201],[85.4939,26.9145],[85.4961,26.9067],[85.4954,26.9038],[85.4903,26.9004],[85.4917,26.897],[85.4939,26.8979],[85.4948,26.8965],[85.4909,26.8855],[85.4918,26.8818],[85.4977,26.8777],[85.4947,26.8769],[85.4956,26.8726],[85.4941,26.8666],[85.5014,26.8575],[85.4996,26.8533],[85.5018,26.8521],[85.5035,26.8483],[85.5019,26.8463],[85.5019,26.8438],[85.509,26.8422],[85.514,26.8362],[85.5141,26.8286],[85.5156,26.8258],[85.5132,26.8158],[85.5153,26.8144]]]}},{"type":"Feature","properties":{"name":"Lohondra Khola","length_km":35,"rank":3},"geometry":{"type":"MultiLineString","coordinates":[[[87.4256,26.7585],[87.4293,26.7491],[87.4337,26.7422],[87.4329,26.7343],[87.437,26.7194],[87.4371,26.7146],[87.4305,26.7076],[87.4267,26.7006],[87.4212,26.6958],[87.4201,26.6926],[87.421,26.6886],[87.4199,26.6838],[87.4175,26.6806],[87.4157,26.6695],[87.4104,26.6644],[87.4111,26.6624],[87.4087,26.6616],[87.4085,26.6591],[87.4098,26.6584],[87.4058,26.6502],[87.4063,26.6449],[87.4026,26.6448],[87.4015,26.6434],[87.4015,26.6411],[87.404,26.6397],[87.4028,26.6386],[87.4031,26.6335],[87.4067,26.6317],[87.404,26.6291],[87.4048,26.6274],[87.4037,26.626],[87.4048,26.6251],[87.4039,26.6213],[87.4026,26.6206],[87.4008,26.6218],[87.3994,26.6165],[87.3956,26.6157],[87.3933,26.613],[87.3903,26.6126],[87.3898,26.6077],[87.3878,26.6064],[87.3868,26.6028],[87.3832,26.6019],[87.3868,26.5953],[87.3893,26.5955],[87.3895,26.5931],[87.3924,26.5918],[87.3912,26.5881],[87.3922,26.586],[87.3903,26.5847],[87.3901,26.5829],[87.394,26.5827],[87.3935,26.579],[87.3956,26.5766],[87.3984,26.5765],[87.3968,26.5732],[87.3951,26.5725],[87.3931,26.5737],[87.3904,26.5711],[87.3921,26.5681],[87.3973,26.5667],[87.3975,26.5637],[87.4002,26.5621],[87.3986,26.5589],[87.4004,26.5564],[87.3997,26.5539],[87.4052,26.5511],[87.4003,26.5454],[87.4045,26.5422]],[[87.4045,26.5422],[87.4045,26.5369],[87.4062,26.5335],[87.4036,26.5284],[87.4048,26.5263],[87.4104,26.5258]]]}},{"type":"Feature","properties":{"name":"Phuljor Khola","length_km":36,"rank":3},"geometry":{"type":"MultiLineString","coordinates":[[[85.8134,27.1599],[85.8066,27.1541],[85.7997,27.1548],[85.7896,27.1494],[85.7863,27.146],[85.7813,27.1446],[85.7819,27.14],[85.7801,27.1377],[85.7824,27.1326],[85.7818,27.1294],[85.7836,27.1281],[85.7796,27.1254],[85.78,27.124],[85.7753,27.125],[85.7748,27.1237],[85.7767,27.1224],[85.7751,27.1212],[85.7733,27.1216],[85.7741,27.1188],[85.7726,27.117],[85.7755,27.1184],[85.7765,27.1175],[85.775,27.1168],[85.7745,27.1145],[85.7725,27.1145],[85.7736,27.113],[85.7716,27.1135],[85.7728,27.1115],[85.7718,27.1102],[85.7714,27.1118],[85.7692,27.112],[85.7698,27.1085],[85.7715,27.1091],[85.7698,27.1076],[85.7709,27.107],[85.7694,27.1057],[85.7701,27.1039],[85.7651,27.1033],[85.7637,27.1023],[85.7648,27.1007],[85.7628,27.1004],[85.7618,27.0978],[85.763,27.0945],[85.7598,27.0934],[85.7607,27.0878],[85.7627,27.0893],[85.7634,27.0885],[85.7622,27.0856],[85.7602,27.0861],[85.7578,27.0831],[85.7562,27.0735],[85.7399,27.0595],[85.7344,27.0606],[85.7295,27.064],[85.7287,27.0622],[85.7255,27.0617],[85.723,27.0556],[85.7183,27.0544]],[[85.7183,27.0544],[85.7118,27.0552],[85.7079,27.0501],[85.7009,27.0491],[85.6965,27.0454],[85.6929,27.0444],[85.6858,27.0449],[85.6758,27.0367],[85.6558,27.0268],[85.6504,27.0195],[85.6445,27.02],[85.6411,27.0166],[85.6384,27.018],[85.6305,27.0171],[85.6291,27.0183],[85.625,27.0166]]]}},{"type":"Feature","properties":{"name":"Rohini","length_km":36,"rank":3},"geometry":{"type":"MultiLineString","coordinates":[[[83.5471,27.5884],[83.5464,27.586],[83.5428,27.5849],[83.5418,27.5833],[83.5421,27.5823],[83.5461,27.5823],[83.5475,27.5812],[83.544,27.5764],[83.5453,27.5714],[83.5433,27.5706],[83.5362,27.5727],[83.5335,27.5698],[83.5345,27.5632],[83.5381,27.5614],[83.5383,27.5601],[83.5248,27.5606],[83.5249,27.5594],[83.533,27.5549],[83.5349,27.5525],[83.5337,27.55],[83.5298,27.5516],[83.5266,27.5505],[83.5309,27.5454],[83.5309,27.5431],[83.5288,27.5433],[83.5252,27.5463],[83.5233,27.5427],[83.5206,27.5416],[83.5141,27.5435],[83.5102,27.5422],[83.5119,27.5402],[83.5159,27.5394],[83.5164,27.5374],[83.5072,27.5322],[83.5086,27.5175],[83.5055,27.514],[83.5062,27.5104],[83.503,27.5088],[83.5023,27.5052],[83.5037,27.504],[83.509,27.5044],[83.5049,27.5],[83.5114,27.5012],[83.5128,27.5],[83.5118,27.4979],[83.5066,27.4945],[83.506,27.4898],[83.5002,27.4867],[83.4999,27.4828],[83.4928,27.4794],[83.4892,27.4758],[83.4896,27.4736],[83.494,27.4739],[83.4964,27.4719],[83.4917,27.4674],[83.4966,27.4632],[83.4956,27.4607],[83.4963,27.4581],[83.4945,27.4552],[83.4916,27.456],[83.4895,27.4584],[83.4871,27.4567],[83.4942,27.452],[83.4953,27.4483],[83.4983,27.4448],[83.4923,27.4398],[83.4938,27.4374],[83.4931,27.436],[83.4888,27.4362],[83.4878,27.4349],[83.4894,27.4338],[83.492,27.4342],[83.4919,27.4315],[83.4932,27.4299],[83.4971,27.4288],[83.4973,27.4271],[83.4999,27.4255],[83.5056,27.4236]]]}},{"type":"Feature","properties":{"name":"Shyar Khola","length_km":36,"rank":3},"geometry":{"type":"MultiLineString","coordinates":[[[85.1068,28.6074],[85.106,28.6029],[85.1102,28.5955],[85.1105,28.5912],[85.1129,28.5869],[85.1111,28.5765],[85.1086,28.5744],[85.1072,28.5691],[85.1062,28.558],[85.1072,28.5539],[85.1059,28.5502],[85.1062,28.5443],[85.1077,28.5416],[85.1027,28.5399],[85.0979,28.5338],[85.0962,28.5337],[85.0942,28.5299],[85.0915,28.5294],[85.0888,28.5232],[85.0791,28.5112],[85.0765,28.5025],[85.0654,28.4922],[85.0629,28.4905],[85.0576,28.4902],[85.0552,28.4874],[85.0496,28.4874],[85.037,28.4841],[85.0347,28.4824],[85.0308,28.4841],[85.0254,28.4818],[85.0212,28.4819],[85.0178,28.4803],[85.0144,28.4764],[85.0013,28.4706],[84.9968,28.4701],[84.9813,28.4727],[84.9725,28.4724],[84.961,28.4703],[84.9592,28.4676],[84.9566,28.4666],[84.948,28.4656],[84.9456,28.4664],[84.9435,28.4641],[84.9412,28.4636],[84.9403,28.4605],[84.934,28.4515],[84.9336,28.4483],[84.9315,28.4464],[84.9226,28.4434],[84.9176,28.4454],[84.9078,28.4453],[84.9009,28.4419]]]}},{"type":"Feature","properties":{"name":"Dhechyan Khola","length_km":36,"rank":3},"geometry":{"type":"MultiLineString","coordinates":[[[84.2037,28.9348],[84.2054,28.9409],[84.2022,28.9515],[84.203,28.9551],[84.201,28.9574],[84.1921,28.9604],[84.1884,28.9643],[84.1803,28.9695],[84.1683,28.9715],[84.1566,28.9752],[84.1529,28.9746],[84.1382,28.9845],[84.1171,28.9841],[84.1095,28.9882],[84.1057,28.9882],[84.0945,28.9923],[84.0805,28.9898],[84.0762,28.9917],[84.0736,28.9946],[84.0687,28.9953],[84.0597,28.9993],[84.0537,29.0064],[84.0537,29.0125],[84.0495,29.0199],[84.0432,29.0259],[84.0444,29.0284],[84.0421,29.033],[84.0324,29.0388],[84.0286,29.0449],[84.0251,29.0466],[84.025,29.0488],[84.0187,29.0525],[84.018,29.0554],[84.014,29.0559],[84.0098,29.0585],[84.0061,29.0586],[84.0061,29.0612],[84.003,29.0628],[83.9979,29.0637],[83.9945,29.063],[83.9875,29.0688],[83.9787,29.0698],[83.9707,29.0678],[83.9688,29.069],[83.947,29.0711],[83.943,29.0741]]]}},{"type":"Feature","properties":{"name":"Dudhawa River","length_km":36,"rank":3},"geometry":{"type":"MultiLineString","coordinates":[[[81.686,28.1088],[81.6805,28.1107],[81.6799,28.1091],[81.6807,28.1064],[81.6842,28.1031],[81.6816,28.0998],[81.6858,28.0974],[81.6827,28.096],[81.681,28.0975],[81.6801,28.0955],[81.6826,28.095],[81.683,28.0933],[81.682,28.0924],[81.686,28.089]],[[81.686,28.089],[81.686,28.0868],[81.6829,28.0887],[81.6817,28.0856],[81.6894,28.0814],[81.6834,28.0819],[81.6844,28.0748],[81.6883,28.0715],[81.6928,28.0731],[81.6941,28.0682],[81.6986,28.0704],[81.6991,28.0722],[81.7025,28.07],[81.6995,28.0695],[81.7002,28.0682],[81.7035,28.0664],[81.7071,28.0669],[81.7048,28.0624],[81.7073,28.0623],[81.7079,28.0597],[81.7115,28.0565],[81.7111,28.0542],[81.7139,28.0509],[81.7133,28.0486],[81.7166,28.0468],[81.7156,28.0459],[81.713,28.0471],[81.7114,28.0447],[81.7058,28.0431],[81.7089,28.041],[81.7079,28.04],[81.7084,28.0369],[81.7064,28.0354],[81.7081,28.0326],[81.708,28.0282],[81.7103,28.0276],[81.7107,28.0233],[81.7081,28.0124],[81.7096,28.0122],[81.7121,28.0163],[81.7127,28.0143],[81.7112,28.0125],[81.7133,28.0101],[81.7119,28.007],[81.709,28.006],[81.7097,28.004],[81.7083,27.9994],[81.7149,27.997],[81.7115,27.9941],[81.7127,27.9926],[81.7113,27.9896],[81.712,27.986],[81.7149,27.9853],[81.7171,27.9817],[81.7269,27.9751],[81.729,27.9687],[81.733,27.9654],[81.7329,27.9619],[81.7275,27.9562],[81.7286,27.9527],[81.7331,27.9472],[81.7366,27.9465],[81.7475,27.9378],[81.7535,27.9382],[81.7617,27.9366],[81.7685,27.9316]]]}},{"type":"Feature","properties":{"name":"Mawa Khola River","length_km":37,"rank":3},"geometry":{"type":"MultiLineString","coordinates":[[[87.6728,26.8202],[87.6742,26.8185],[87.6758,26.8187],[87.6775,26.8154],[87.6764,26.8074],[87.6776,26.8037],[87.6758,26.8024],[87.6772,26.8016],[87.6771,26.8001],[87.6791,26.8],[87.68,26.7975],[87.6823,26.7968],[87.6825,26.7889],[87.687,26.7866],[87.6898,26.7891],[87.6917,26.7876],[87.6932,26.7885],[87.694,26.7868],[87.6969,26.787],[87.7022,26.782],[87.7031,26.7776],[87.7015,26.7774],[87.7012,26.773],[87.6973,26.7683],[87.6977,26.7639],[87.6955,26.7643],[87.6954,26.7579],[87.6906,26.7576],[87.69,26.7524],[87.6836,26.7477],[87.6829,26.7355],[87.6815,26.7333],[87.6735,26.7269],[87.6614,26.7205],[87.6553,26.7145],[87.653,26.7075]],[[87.6419,26.6496],[87.6438,26.6452],[87.6474,26.641],[87.6499,26.64],[87.6497,26.6357],[87.655,26.632],[87.6537,26.6267],[87.6539,26.6227],[87.6556,26.6203],[87.6543,26.6176],[87.6552,26.6134],[87.6508,26.6113]],[[87.6508,26.6113],[87.6483,26.6084],[87.6466,26.6004],[87.6368,26.5941],[87.6418,26.5891],[87.6406,26.5869],[87.6363,26.5849],[87.6383,26.5818],[87.6369,26.5775]],[[87.653,26.7075],[87.6525,26.7037],[87.654,26.7005],[87.6517,26.6937],[87.6517,26.6862],[87.6491,26.6781],[87.6461,26.6745],[87.6448,26.6669],[87.6424,26.6627],[87.6405,26.6544],[87.6419,26.6496]]]}},{"type":"Feature","properties":{"name":"Langtang Khola","length_km":37,"rank":3,"name_ne":"लाङटाङ खोला"},"geometry":{"type":"MultiLineString","coordinates":[[[85.6562,28.2026],[85.6525,28.2036],[85.6148,28.1947],[85.6053,28.1966],[85.5906,28.1961],[85.5854,28.1971],[85.5834,28.1989],[85.5734,28.2015],[85.5705,28.2051],[85.5582,28.2093],[85.5509,28.2103],[85.5394,28.2091],[85.5241,28.2134],[85.5183,28.2139],[85.4933,28.2116],[85.4876,28.2103],[85.4817,28.207],[85.4703,28.2048],[85.4613,28.1993],[85.4561,28.1985],[85.4538,28.1956],[85.4493,28.1938],[85.4378,28.1751],[85.4367,28.1689],[85.4315,28.1614],[85.4227,28.157],[85.4133,28.1568],[85.4095,28.1551],[85.3988,28.1556]],[[85.3988,28.1556],[85.3815,28.1538],[85.3762,28.1515],[85.3657,28.151],[85.3557,28.1533],[85.3456,28.1627],[85.3413,28.1644]]]}},{"type":"Feature","properties":{"name":"Thopal Khola","length_km":37,"rank":3},"geometry":{"type":"MultiLineString","coordinates":[[[85.0079,27.948],[85.0058,27.9466],[84.9984,27.9479],[84.9921,27.9467],[84.986,27.9489],[84.9852,27.9515],[84.9825,27.9523],[84.9831,27.955],[84.9745,27.9568],[84.9721,27.9524],[84.9704,27.9571],[84.9681,27.9542],[84.9641,27.9535],[84.9632,27.9547],[84.9587,27.9494],[84.9543,27.95],[84.9489,27.9467],[84.9497,27.9451],[84.9484,27.9447],[84.947,27.946],[84.9469,27.9441],[84.9449,27.9449],[84.9404,27.9389],[84.9387,27.9381],[84.9378,27.9389],[84.9367,27.9379],[84.9373,27.9371],[84.9352,27.9361],[84.9366,27.9335],[84.934,27.9293],[84.9331,27.9313],[84.9286,27.9314],[84.9271,27.9293],[84.9287,27.928],[84.9271,27.9264],[84.9229,27.928],[84.9233,27.9266],[84.9208,27.9265],[84.9206,27.9248],[84.9186,27.9238],[84.9202,27.9223],[84.9194,27.9208],[84.9101,27.9196],[84.9045,27.9109],[84.9001,27.9113],[84.9006,27.9146],[84.8987,27.9164],[84.896,27.9157]],[[84.8827,27.911],[84.8848,27.9099],[84.8835,27.9077],[84.887,27.9065],[84.8864,27.904],[84.8845,27.9021],[84.8825,27.9032],[84.8811,27.9017],[84.8776,27.9011],[84.8783,27.8983],[84.8772,27.8929],[84.8722,27.8892],[84.8759,27.8885],[84.8775,27.8837],[84.8752,27.8797],[84.871,27.8774],[84.8723,27.8753],[84.8704,27.8743],[84.8694,27.8702],[84.8672,27.8688],[84.8662,27.8646],[84.8635,27.8627],[84.8638,27.8608],[84.8607,27.8596],[84.8606,27.8548],[84.8585,27.8541],[84.8578,27.852],[84.8551,27.8501],[84.8489,27.8488],[84.847,27.8437],[84.8438,27.8416],[84.8472,27.8346],[84.8449,27.8319],[84.8456,27.8256],[84.8447,27.8223],[84.8441,27.821],[84.8408,27.8205],[84.8412,27.8149],[84.8352,27.8141]],[[84.896,27.9157],[84.8928,27.9158],[84.8908,27.9133],[84.8829,27.9135],[84.8827,27.911]]]}},{"type":"Feature","properties":{"name":"Biring-Tangting","length_km":37,"rank":3},"geometry":{"type":"MultiLineString","coordinates":[[[87.9246,26.6153],[87.9235,26.6127],[87.915,26.6059],[87.9136,26.601],[87.9095,26.5966],[87.9083,26.5863],[87.9036,26.5807],[87.9049,26.5742],[87.9003,26.5648],[87.9041,26.5566],[87.9011,26.5524],[87.8999,26.5477],[87.9022,26.5406],[87.901,26.5327],[87.9016,26.5255],[87.9047,26.5187],[87.9116,26.514],[87.9156,26.5068],[87.9166,26.5022],[87.9128,26.4972],[87.9062,26.4948],[87.9049,26.4918],[87.906,26.4878],[87.9116,26.4825],[87.9145,26.4779],[87.9141,26.4726],[87.9079,26.4651],[87.9118,26.4644],[87.9177,26.4669],[87.9211,26.4632],[87.9195,26.4591],[87.9148,26.4603],[87.9128,26.4587],[87.9135,26.4572],[87.9176,26.4559],[87.9212,26.4507],[87.9207,26.4479],[87.9156,26.4462],[87.9146,26.4445],[87.9188,26.4424],[87.9199,26.4385],[87.9139,26.4372],[87.9071,26.4313],[87.9086,26.4274],[87.9168,26.4195],[87.9137,26.418],[87.9077,26.42],[87.9054,26.4179],[87.9052,26.4158]],[[87.9473,26.6616],[87.9417,26.6553],[87.9401,26.6493],[87.9349,26.6445],[87.934,26.6319],[87.9286,26.6262],[87.9246,26.6153]]]}},{"type":"Feature","properties":{"name":"Iwa","length_km":38,"rank":3},"geometry":{"type":"MultiLineString","coordinates":[[[88.0559,27.429],[88.0533,27.4291],[88.05,27.427],[88.0344,27.4096],[88.032,27.4027],[88.0266,27.394],[88.0242,27.3867],[88.0234,27.3784],[88.0189,27.3698],[88.0176,27.3646],[88.0192,27.3615],[88.0174,27.3539],[88.0128,27.35],[88.013,27.3479],[88.01,27.346],[88.0101,27.343],[88.0044,27.3361],[88.0028,27.3323],[88.0043,27.3291],[87.9968,27.3247],[87.9944,27.3238],[87.9915,27.3245],[87.9889,27.3224],[87.9876,27.3194],[87.9861,27.3197],[87.9817,27.3152],[87.9809,27.3099],[87.9746,27.3043],[87.9742,27.3018],[87.9678,27.3005],[87.9683,27.2987],[87.9632,27.295],[87.9617,27.2925],[87.9592,27.2917],[87.9593,27.2885],[87.9569,27.2865],[87.9503,27.2824],[87.9479,27.2833],[87.9422,27.2822],[87.9401,27.2805],[87.9379,27.281],[87.9376,27.2822],[87.9351,27.2817],[87.9336,27.2833],[87.925,27.2807],[87.9231,27.2828],[87.9203,27.2821],[87.9184,27.2832],[87.9173,27.2864],[87.9144,27.2844],[87.9103,27.2858],[87.9074,27.2843],[87.9025,27.2866],[87.8985,27.2857],[87.8947,27.2868],[87.8916,27.2845],[87.8907,27.2818],[87.8875,27.2842],[87.8845,27.2808],[87.8835,27.2824],[87.8816,27.2821],[87.8821,27.2836],[87.8809,27.2849],[87.8763,27.2819],[87.8755,27.2801],[87.8734,27.2819],[87.8733,27.2803],[87.869,27.2789],[87.8617,27.2798],[87.8615,27.2819],[87.8529,27.2859],[87.8476,27.2852],[87.8396,27.2864],[87.8331,27.2834],[87.8315,27.2838]]]}},{"type":"Feature","properties":{"name":"Midim Khola","length_km":38,"rank":3},"geometry":{"type":"MultiLineString","coordinates":[[[84.2171,28.3904],[84.2208,28.3883],[84.2314,28.3753],[84.236,28.3728],[84.2367,28.3624],[84.2389,28.3621],[84.2415,28.3525],[84.2487,28.3403],[84.2484,28.338],[84.2556,28.3278],[84.2582,28.3142],[84.257,28.3124],[84.254,28.3115],[84.254,28.3071],[84.2529,28.306],[84.2609,28.2994],[84.2616,28.2964],[84.2682,28.2923],[84.2674,28.29],[84.2699,28.2878],[84.2729,28.2871],[84.2758,28.2821],[84.2774,28.267],[84.2798,28.2609],[84.2792,28.2557],[84.281,28.2525],[84.2774,28.2507],[84.275,28.2465],[84.27,28.232]],[[84.27,28.232],[84.2679,28.2298],[84.2681,28.2253],[84.2654,28.2209],[84.2653,28.2168],[84.2741,28.2109],[84.2738,28.2073],[84.2779,28.2069],[84.2794,28.2043],[84.2792,28.2005],[84.2821,28.1991],[84.2838,28.1964],[84.2829,28.1944],[84.287,28.1906],[84.2858,28.1872],[84.2821,28.1853],[84.2829,28.183],[84.2814,28.1812],[84.2784,28.1812],[84.2709,28.1763],[84.2609,28.1749],[84.2564,28.1703],[84.252,28.1685],[84.2478,28.1647],[84.2426,28.1625],[84.2381,28.1625],[84.2294,28.1589],[84.2269,28.1543],[84.2222,28.1499]],[[84.2714,28.2131],[84.2726,28.2112]],[[84.2701,28.1761],[84.2632,28.1727],[84.2588,28.1732]]]}},{"type":"Feature","properties":{"name":"Binai","length_km":38,"rank":3},"geometry":{"type":"MultiLineString","coordinates":[[[83.8618,27.6527],[83.8632,27.6508],[83.8653,27.6399],[83.8631,27.6375],[83.8615,27.6311],[83.8616,27.6281],[83.8636,27.626],[83.8575,27.6213],[83.8555,27.6172],[83.8554,27.6135],[83.8515,27.6059],[83.8591,27.6033],[83.8695,27.6062],[83.8719,27.6053],[83.8734,27.6017],[83.873,27.5951],[83.875,27.5919],[83.8795,27.5894],[83.8753,27.5862],[83.8751,27.5808],[83.8834,27.5735],[83.8867,27.5655],[83.8901,27.5633],[83.8934,27.5637],[83.8978,27.562],[83.9036,27.558],[83.9116,27.5609],[83.9161,27.5644],[83.9206,27.5651],[83.9271,27.5591],[83.9233,27.5555],[83.9248,27.5497]],[[83.7061,27.6833],[83.7083,27.6855],[83.7116,27.6842],[83.7146,27.6853],[83.7173,27.6819],[83.72,27.6834],[83.7221,27.6813],[83.725,27.6823],[83.7259,27.6787],[83.7382,27.6813],[83.7461,27.6783],[83.7552,27.6797],[83.7895,27.6733],[83.7939,27.6712],[83.7983,27.667],[83.8062,27.664],[83.8143,27.6659],[83.8213,27.6634],[83.8249,27.6596],[83.8289,27.6519],[83.831,27.6509],[83.8494,27.653],[83.8618,27.6527]]]}},{"type":"Feature","properties":{"name":"Ransing Khola","length_km":38,"rank":3},"geometry":{"type":"MultiLineString","coordinates":[[[82.9819,27.8136],[82.977,27.8156],[82.972,27.8119],[82.9714,27.8143],[82.9672,27.815],[82.9609,27.813],[82.9565,27.8184],[82.9564,27.8161],[82.9546,27.8159],[82.9551,27.8116],[82.9503,27.8118],[82.9509,27.8142],[82.9496,27.8145],[82.9479,27.8138],[82.9479,27.8113],[82.9458,27.8124],[82.9456,27.8098],[82.9403,27.8076],[82.9388,27.8023],[82.9346,27.8021],[82.9353,27.8001],[82.9336,27.7957],[82.9245,27.7975],[82.922,27.7959],[82.9204,27.7981],[82.9196,27.797],[82.9193,27.7998],[82.9205,27.802],[82.9161,27.8006],[82.915,27.8021],[82.9127,27.8019],[82.9125,27.7999],[82.9113,27.7997],[82.9101,27.8042],[82.9074,27.8049],[82.9073,27.8032],[82.906,27.8027],[82.9042,27.8061],[82.9012,27.8068],[82.8982,27.8096],[82.8939,27.8068],[82.8908,27.8091],[82.8875,27.8074],[82.8871,27.8057],[82.8838,27.8048],[82.8719,27.8044],[82.8688,27.7998],[82.8624,27.8049],[82.8597,27.8056],[82.8535,27.8015],[82.8585,27.796],[82.858,27.7919],[82.8447,27.7935],[82.8401,27.7905],[82.8285,27.7934],[82.8248,27.7929],[82.8175,27.7953],[82.8122,27.7935],[82.799,27.7958],[82.7974,27.7973],[82.7964,27.8044],[82.7917,27.8057],[82.7868,27.8033],[82.7879,27.7951],[82.787,27.7946],[82.779,27.8027],[82.772,27.8056],[82.7685,27.8107],[82.7644,27.8104],[82.7551,27.8128],[82.7485,27.8228],[82.7449,27.8249]]]}},{"type":"Feature","properties":{"name":"Tawa River","length_km":39,"rank":3,"name_ne":"तावा खाेला"},"geometry":{"type":"MultiLineString","coordinates":[[[86.5364,26.9922],[86.5308,26.9859],[86.5238,26.9854],[86.5172,26.9814],[86.5172,26.9786],[86.5147,26.9792],[86.513,26.9777],[86.5064,26.9787],[86.5016,26.9842],[86.4981,26.9825],[86.4947,26.9879],[86.4845,26.9888],[86.4755,26.9937],[86.4703,26.9925],[86.4691,26.9898],[86.4645,26.9867],[86.4565,26.9875],[86.4563,26.9849],[86.4549,26.985],[86.4534,26.9817],[86.4508,26.9822],[86.4504,26.9784],[86.4449,26.9796],[86.4464,26.977],[86.4451,26.9745],[86.4404,26.9758],[86.4408,26.9716],[86.44,26.9687],[86.4364,26.9648],[86.4361,26.9592],[86.4314,26.9546],[86.4275,26.9542],[86.4254,26.9524],[86.4229,26.9443],[86.4135,26.9388],[86.4133,26.9351],[86.4114,26.9333],[86.4057,26.9329],[86.4014,26.9369],[86.4019,26.9451],[86.3967,26.9519],[86.3873,26.9588],[86.387,26.9601],[86.3748,26.9625],[86.369,26.9581],[86.3669,26.9579],[86.3618,26.9585],[86.3547,26.9617]],[[86.3449,26.9627],[86.3397,26.9625],[86.3257,26.9691],[86.3212,26.9655],[86.3115,26.9617]],[[86.3085,26.9608],[86.3026,26.9575],[86.2981,26.9518],[86.2879,26.9486],[86.2871,26.9474],[86.282,26.9469]],[[86.3115,26.9617],[86.3085,26.9608]],[[86.3547,26.9617],[86.3509,26.9636],[86.3449,26.9627]],[[86.5565,27.0027],[86.5506,26.9998],[86.546,26.9957],[86.5364,26.9922]]]}},{"type":"Feature","properties":{"name":"Suni Gad(Suni Khola)","length_km":39,"rank":3},"geometry":{"type":"MultiLineString","coordinates":[[[81.2125,29.6407],[81.2105,29.63],[81.2122,29.6268],[81.2107,29.626],[81.211,29.6244],[81.2087,29.6235],[81.2122,29.621],[81.2123,29.6192],[81.2145,29.6195],[81.2142,29.6173],[81.2187,29.6138],[81.2171,29.612],[81.2178,29.6107],[81.2148,29.6102],[81.2141,29.6081],[81.212,29.6068],[81.2115,29.6022],[81.2134,29.5999],[81.2125,29.5937],[81.2148,29.5931],[81.2149,29.5918],[81.2187,29.5897],[81.221,29.5865],[81.2247,29.5848],[81.2294,29.5799],[81.2287,29.5729]],[[81.1238,29.8229],[81.1296,29.8175],[81.1315,29.8105],[81.1453,29.793],[81.1473,29.7828],[81.1511,29.7798],[81.1549,29.7732],[81.1551,29.7709],[81.1569,29.7689],[81.1571,29.7634],[81.1549,29.7569],[81.1584,29.7502],[81.1647,29.7477],[81.1678,29.7426],[81.1697,29.7421],[81.1731,29.7375],[81.1766,29.7353],[81.1817,29.7281],[81.1861,29.7285],[81.1889,29.7256],[81.1913,29.7255],[81.1929,29.723],[81.1922,29.7197],[81.1953,29.7184],[81.1943,29.7165],[81.1967,29.7126],[81.1978,29.7121],[81.1995,29.7148],[81.2017,29.713],[81.2011,29.7097],[81.2056,29.7111],[81.2062,29.7078],[81.2052,29.706],[81.2072,29.7022],[81.2064,29.6995],[81.2104,29.6978],[81.2111,29.6946],[81.2089,29.6918],[81.2109,29.6883],[81.2205,29.6852],[81.2217,29.6824],[81.2203,29.6815],[81.2215,29.6786],[81.2202,29.6746],[81.2228,29.6727],[81.2213,29.6717],[81.2224,29.6683],[81.2198,29.6611],[81.2211,29.659],[81.2197,29.6561],[81.2205,29.6536],[81.2197,29.6515],[81.2143,29.648],[81.2119,29.6422],[81.2125,29.6407]]]}},{"type":"Feature","properties":{"name":"Ghuraha","length_km":40,"rank":3},"geometry":{"type":"MultiLineString","coordinates":[[[80.8118,28.8157],[80.8064,28.8147],[80.8025,28.8114],[80.7951,28.8099],[80.7954,28.8063],[80.7937,28.8006],[80.7839,28.7831],[80.7787,28.7767],[80.7789,28.7697],[80.7728,28.7702],[80.7675,28.7677],[80.7657,28.7603],[80.7629,28.7591],[80.7612,28.7561],[80.755,28.7516],[80.7556,28.7475],[80.7633,28.7408],[80.7611,28.7374],[80.7593,28.7283],[80.7569,28.727],[80.7516,28.7273],[80.7532,28.7227],[80.7502,28.7167],[80.7536,28.7129],[80.7545,28.7061],[80.7569,28.7046],[80.7605,28.7051],[80.7613,28.6966],[80.7649,28.6918],[80.7632,28.6878],[80.756,28.6849],[80.7642,28.6809],[80.7604,28.6637],[80.7567,28.661],[80.7531,28.6608]],[[80.7531,28.6608],[80.7514,28.6593],[80.7528,28.6535],[80.7498,28.6534],[80.7486,28.6517],[80.7501,28.65],[80.7564,28.6517],[80.7581,28.6509],[80.7546,28.643],[80.7508,28.6414],[80.7503,28.6399],[80.7566,28.6331],[80.7514,28.6297],[80.7501,28.6273],[80.7513,28.6163],[80.7458,28.6099],[80.7487,28.6045],[80.7426,28.6062],[80.7403,28.6039],[80.7434,28.5969],[80.747,28.594],[80.747,28.5923],[80.7457,28.5913],[80.7399,28.5955],[80.7375,28.5937],[80.738,28.5919],[80.7397,28.592],[80.7417,28.5886],[80.7509,28.5858],[80.7568,28.579],[80.7605,28.5781]]]}},{"type":"Feature","properties":{"name":"Kulariya Khola","length_km":40,"rank":3},"geometry":{"type":"MultiLineString","coordinates":[[[81.1706,28.5884],[81.1594,28.589],[81.1453,28.5919],[81.1431,28.5909],[81.1378,28.593],[81.1377,28.5893],[81.1343,28.5846],[81.1349,28.5811],[81.1304,28.5793],[81.1277,28.5757],[81.1196,28.5758],[81.1195,28.5738],[81.1157,28.5704],[81.1155,28.5676],[81.1115,28.5651],[81.1067,28.567],[81.0992,28.5641],[81.0974,28.5648],[81.0935,28.5604],[81.0924,28.5609],[81.0826,28.5566],[81.0821,28.5558],[81.0834,28.5555],[81.0815,28.5535],[81.0757,28.5548],[81.0747,28.5519],[81.0688,28.5527],[81.0663,28.5506],[81.0667,28.5487],[81.0604,28.5475],[81.056,28.5445],[81.0535,28.5357],[81.0494,28.536],[81.0478,28.5348],[81.0478,28.5268],[81.0404,28.523],[81.041,28.5217],[81.0447,28.5216],[81.0415,28.5156],[81.0435,28.5082],[81.0474,28.5052],[81.0428,28.5019],[81.0451,28.4954],[81.04,28.4902],[81.0414,28.4887],[81.0455,28.4877],[81.0462,28.4862],[81.0429,28.4839],[81.044,28.4808],[81.0407,28.4782],[81.0446,28.4774],[81.047,28.4746],[81.0414,28.4717],[81.0346,28.4737],[81.0349,28.4708],[81.0389,28.469],[81.0402,28.4669],[81.0297,28.4659],[81.03,28.459],[81.0267,28.4558],[81.0225,28.4558],[81.0178,28.4599],[81.0169,28.4514]],[[81.2175,28.6029],[81.2131,28.5998],[81.208,28.5985],[81.2001,28.5925],[81.1955,28.5914],[81.1859,28.5851],[81.1706,28.5884]]]}},{"type":"Feature","properties":{"name":"Kalphu River","length_km":41,"rank":2},"geometry":{"type":"MultiLineString","coordinates":[[[85.2306,27.7737],[85.2242,27.7728],[85.2212,27.7757],[85.2173,27.7743],[85.2155,27.7756],[85.2156,27.7743],[85.2128,27.774],[85.211,27.7718],[85.2099,27.7729],[85.2078,27.771],[85.2061,27.7737],[85.2046,27.769],[85.2044,27.7715],[85.2015,27.7733],[85.2017,27.7696],[85.1989,27.7702],[85.1981,27.7687],[85.1967,27.7707],[85.1933,27.7691],[85.194,27.7702],[85.1922,27.7732],[85.1921,27.7708],[85.1896,27.7692],[85.1857,27.7716],[85.1826,27.7709],[85.1785,27.7724],[85.1775,27.768],[85.1755,27.7674],[85.1745,27.7686],[85.1722,27.7667],[85.1664,27.7676],[85.1645,27.7658],[85.1593,27.7656],[85.1542,27.767],[85.1511,27.7661],[85.1495,27.7637],[85.1395,27.7662],[85.1347,27.7617],[85.1316,27.763],[85.1312,27.7644],[85.1279,27.7606],[85.1266,27.7615],[85.1248,27.7606],[85.1244,27.7631],[85.1218,27.7634],[85.1203,27.7671],[85.1189,27.7677],[85.1172,27.7665],[85.1172,27.768],[85.1151,27.769],[85.1143,27.7711],[85.1154,27.774],[85.1128,27.7725],[85.1102,27.7759],[85.1085,27.7742],[85.1058,27.7743],[85.1006,27.7781],[85.098,27.7783],[85.0964,27.7814],[85.0883,27.7878],[85.0825,27.7888],[85.0821,27.79],[85.0761,27.7922],[85.0696,27.7917],[85.0684,27.793],[85.0643,27.7928],[85.0583,27.7947],[85.0567,27.7973],[85.0528,27.7971],[85.0523,27.7992],[85.0467,27.8017],[85.0457,27.8057],[85.0489,27.8105],[85.0472,27.8115],[85.0476,27.8132],[85.0446,27.8119],[85.0421,27.8127],[85.0416,27.8178],[85.0377,27.8148],[85.0269,27.8162]],[[85.1654,27.7673],[85.1636,27.7659]],[[85.0161,27.81],[85.0136,27.8093]],[[85.0162,27.81],[85.0161,27.81]],[[85.0268,27.816],[85.0249,27.8133],[85.0236,27.8152],[85.0206,27.8142],[85.0201,27.8126],[85.0178,27.8122],[85.0183,27.8105],[85.0162,27.81]],[[85.0269,27.8162],[85.0268,27.816]],[[85.2508,27.7976],[85.2535,27.7926],[85.2533,27.7902],[85.2502,27.7877],[85.2478,27.7806],[85.2496,27.7776],[85.2476,27.7773],[85.2463,27.7746],[85.2422,27.7755],[85.2403,27.7736],[85.2391,27.775],[85.2329,27.7747],[85.2322,27.7715],[85.2306,27.7738]],[[85.2306,27.7738],[85.2306,27.7737]]]}},{"type":"Feature","properties":{"name":"Seuti River","length_km":41,"rank":2},"geometry":{"type":"MultiLineString","coordinates":[[[87.2557,26.7282],[87.2479,26.7226],[87.2458,26.7193],[87.2413,26.7167],[87.2412,26.7152],[87.238,26.7129],[87.2323,26.7127],[87.2315,26.7109],[87.2291,26.7117],[87.2282,26.7104],[87.2251,26.7105],[87.2246,26.7091],[87.2229,26.7099],[87.2205,26.708],[87.2187,26.7092],[87.2191,26.7071],[87.2147,26.7065],[87.2141,26.705],[87.2125,26.7056],[87.2102,26.7008],[87.2063,26.6973],[87.2068,26.6959],[87.2017,26.6949],[87.2011,26.6932],[87.1966,26.6909],[87.196,26.6891],[87.1927,26.6885],[87.1919,26.6858],[87.185,26.683],[87.1821,26.6773],[87.1835,26.6768],[87.1821,26.676],[87.1829,26.6734],[87.1792,26.6714],[87.1788,26.6695],[87.1767,26.6698],[87.1746,26.6613],[87.1701,26.6542],[87.1711,26.6511],[87.1681,26.6415],[87.1655,26.6398],[87.1595,26.6393],[87.156,26.6354],[87.1531,26.6285],[87.1547,26.6242],[87.1539,26.6184],[87.1516,26.6166],[87.1486,26.6168]],[[87.1486,26.6168],[87.1485,26.6167]],[[87.1485,26.6167],[87.1449,26.6181],[87.1368,26.6169],[87.135,26.6182],[87.1318,26.616],[87.1314,26.6176],[87.1283,26.6174],[87.1275,26.6132],[87.1287,26.6131],[87.1263,26.6114]],[[87.3082,26.8338],[87.3049,26.8336],[87.2953,26.8261],[87.2992,26.821],[87.2988,26.8144],[87.3011,26.8114],[87.2995,26.8048],[87.3046,26.7871],[87.3044,26.7812],[87.3032,26.7788]],[[87.3032,26.7788],[87.2988,26.7744],[87.297,26.7676],[87.2906,26.7647],[87.2886,26.7577],[87.283,26.7546],[87.2822,26.7527],[87.2804,26.7529],[87.2782,26.7479],[87.2689,26.7426],[87.2673,26.7382],[87.2597,26.7313],[87.2578,26.7276],[87.2557,26.7282]]]}},{"type":"Feature","properties":{"name":"Barun River","length_km":42,"rank":2,"name_ne":"बरुण नदी"},"geometry":{"type":"MultiLineString","coordinates":[[[87.1314,27.7907],[87.1363,27.7884],[87.1514,27.7868],[87.1538,27.7823],[87.1559,27.7817],[87.1544,27.772],[87.1589,27.768],[87.1597,27.7655],[87.1626,27.764],[87.1687,27.7532],[87.1769,27.7453],[87.1836,27.7424],[87.1917,27.7339],[87.2017,27.7283],[87.2179,27.7258],[87.2263,27.7267],[87.2442,27.7322],[87.2576,27.7333],[87.2637,27.7323],[87.2751,27.726],[87.2816,27.7251]],[[87.0775,27.8368],[87.0777,27.8341],[87.0738,27.83],[87.0717,27.8186],[87.0703,27.8167],[87.0778,27.8082],[87.0782,27.8056],[87.0821,27.8035],[87.0876,27.8047],[87.0932,27.8033],[87.1047,27.8053],[87.116,27.7982],[87.1176,27.796]],[[87.2816,27.7251],[87.2873,27.7222],[87.2932,27.7214],[87.2959,27.7192],[87.3037,27.7179],[87.3068,27.7133],[87.3144,27.7098],[87.3204,27.7032],[87.324,27.7013],[87.3419,27.6979],[87.3479,27.6945],[87.355,27.695],[87.3574,27.6933],[87.3626,27.694],[87.3651,27.6924]],[[87.1176,27.796],[87.1237,27.7925],[87.1314,27.7907]]]}},{"type":"Feature","properties":{"name":"Khutia Nadi","length_km":42,"rank":2},"geometry":{"type":"MultiLineString","coordinates":[[[80.6719,28.6948],[80.6726,28.694],[80.6704,28.6899],[80.6663,28.6881],[80.6656,28.6866],[80.6669,28.6818],[80.666,28.6757],[80.6691,28.6667],[80.668,28.661],[80.6639,28.6594],[80.6575,28.6635],[80.6539,28.6576],[80.6544,28.6505],[80.658,28.6477],[80.6627,28.6476],[80.663,28.6454],[80.6579,28.6409],[80.657,28.6378],[80.6501,28.6339]],[[80.6475,28.8503],[80.6408,28.8205],[80.6334,28.7994],[80.6318,28.7856],[80.6328,28.7817],[80.6419,28.7752],[80.6454,28.7693],[80.647,28.769],[80.6533,28.7721],[80.6575,28.7706],[80.66,28.7713],[80.6615,28.7697],[80.6621,28.7655],[80.6571,28.7598],[80.6557,28.7542],[80.6571,28.7487],[80.6526,28.744],[80.654,28.742],[80.6568,28.7412],[80.6612,28.7346],[80.6614,28.7323],[80.659,28.7296],[80.6614,28.7274],[80.6653,28.7188],[80.6741,28.716],[80.6739,28.7075],[80.6703,28.7033],[80.6719,28.6948]],[[80.6715,28.922],[80.6704,28.9199],[80.671,28.9114],[80.6722,28.9088],[80.6697,28.9066],[80.6699,28.9029],[80.6751,28.8988],[80.6719,28.8945],[80.6711,28.8876],[80.6716,28.8835],[80.6742,28.8822],[80.6757,28.8783],[80.671,28.8749],[80.6718,28.8716],[80.671,28.8684],[80.6662,28.8664],[80.6665,28.8641],[80.6639,28.8618],[80.6532,28.8556],[80.6475,28.8503]]]}},{"type":"Feature","properties":{"name":"Budi Kulo","length_km":42,"rank":2},"geometry":{"type":"MultiLineString","coordinates":[[[81.22,28.539],[81.2168,28.5343],[81.2148,28.5348],[81.2117,28.5308],[81.2052,28.5276],[81.2046,28.5259],[81.2064,28.5211],[81.2021,28.5144],[81.1988,28.5121],[81.193,28.5107],[81.1902,28.5083],[81.1912,28.5057],[81.1904,28.5045],[81.1844,28.5026],[81.1805,28.4997],[81.1757,28.4908],[81.1702,28.4874],[81.1708,28.4851],[81.1691,28.4822],[81.1617,28.4764],[81.161,28.4712],[81.1562,28.4689]],[[81.1222,28.4375],[81.1207,28.4346],[81.1209,28.4274],[81.1163,28.424],[81.1141,28.4114],[81.1116,28.4101],[81.1037,28.4001],[81.1008,28.3985],[81.098,28.3921],[81.0898,28.3901],[81.0866,28.3832],[81.0845,28.3843],[81.0853,28.387],[81.0843,28.3883],[81.0808,28.388],[81.081,28.3847],[81.0788,28.3834],[81.0785,28.373],[81.071,28.3699],[81.0696,28.3657],[81.0671,28.3645],[81.0686,28.3624],[81.0669,28.3606],[81.0638,28.3588],[81.0595,28.3592],[81.064,28.3555],[81.0636,28.3543],[81.062,28.3543],[81.0614,28.3514]],[[81.1521,28.4675],[81.1505,28.4642],[81.1472,28.4631],[81.1405,28.4561],[81.1332,28.455],[81.13,28.4524]],[[81.22,28.5391],[81.22,28.539]],[[81.2628,28.6026],[81.2548,28.6],[81.2538,28.5961],[81.2469,28.585],[81.2463,28.5801],[81.2478,28.578],[81.2434,28.5731],[81.2439,28.5696],[81.2411,28.5674],[81.241,28.5647],[81.2374,28.5616],[81.2325,28.5606],[81.2257,28.557],[81.2256,28.5553],[81.2287,28.5519],[81.2276,28.5502],[81.229,28.5481],[81.2265,28.5453],[81.2201,28.5434],[81.22,28.5391]],[[81.1299,28.4522],[81.13,28.4489],[81.1283,28.4476]],[[81.1281,28.4475],[81.1223,28.4376]],[[81.1223,28.4375],[81.1222,28.4375]],[[81.1223,28.4376],[81.1223,28.4375]]]}},{"type":"Feature","properties":{"name":"Nisti Khola","length_km":42,"rank":2},"geometry":{"type":"MultiLineString","coordinates":[[[83.2568,28.1179],[83.2594,28.1189],[83.2603,28.1214],[83.2625,28.1177],[83.2664,28.1205],[83.2687,28.1199],[83.2705,28.1235],[83.2765,28.1203],[83.2791,28.1166],[83.2892,28.1178],[83.2915,28.1197],[83.2939,28.1189],[83.2973,28.1203],[83.3018,28.1191],[83.3085,28.1195],[83.312,28.1176],[83.315,28.1181],[83.3157,28.1205],[83.3186,28.1194],[83.3218,28.1204]],[[83.2228,28.2134],[83.2252,28.2155],[83.2252,28.2133],[83.2276,28.2131],[83.2367,28.2026],[83.2374,28.2005],[83.2354,28.1989],[83.2367,28.1976],[83.2349,28.1956],[83.2422,28.1864],[83.2426,28.183],[83.2414,28.181],[83.2423,28.1785],[83.2488,28.1748],[83.2495,28.1687],[83.2462,28.1651],[83.2461,28.1595],[83.2474,28.1518],[83.2501,28.1493],[83.2514,28.1436],[83.2555,28.1391],[83.2562,28.1345],[83.2584,28.1307],[83.2594,28.1256],[83.2578,28.1211],[83.2537,28.1196],[83.2552,28.1174],[83.2568,28.1179]],[[83.0999,28.2412],[83.1076,28.2428],[83.1119,28.2393],[83.1152,28.24],[83.121,28.2363],[83.1243,28.2363],[83.1238,28.2344],[83.1253,28.2318],[83.128,28.2293],[83.1302,28.2298],[83.131,28.2266],[83.1338,28.2285],[83.1398,28.2266],[83.1439,28.2274],[83.147,28.2264],[83.1505,28.229],[83.1621,28.2314],[83.1707,28.2363],[83.1707,28.2376],[83.1727,28.2378],[83.1736,28.2393],[83.1769,28.2377],[83.178,28.2355],[83.1827,28.2335],[83.1848,28.2302],[83.1902,28.2281],[83.197,28.23],[83.1993,28.2324],[83.2033,28.2339],[83.2039,28.2319],[83.2061,28.2314],[83.2039,28.2293],[83.2053,28.2288],[83.2029,28.2263],[83.2017,28.2223],[83.1985,28.2198],[83.198,28.2158],[83.2014,28.2159],[83.2041,28.2141],[83.2107,28.2162],[83.2108,28.2178],[83.2172,28.2118],[83.2211,28.2116],[83.2228,28.2134]]]}},{"type":"Feature","properties":{"name":"Bakalya Nadi","length_km":43,"rank":2},"geometry":{"type":"MultiLineString","coordinates":[[[85.2642,26.8313],[85.2696,26.8336],[85.2706,26.833]],[[85.2686,26.8239],[85.2654,26.8179],[85.2664,26.8129],[85.265,26.8115],[85.2617,26.8008],[85.2612,26.7936],[85.252,26.791],[85.2499,26.7849],[85.2499,26.7836],[85.2535,26.7814],[85.2609,26.7801],[85.2643,26.7779],[85.2631,26.7761],[85.2522,26.7703],[85.2489,26.7668],[85.25,26.7655],[85.2568,26.7641],[85.258,26.7613],[85.2551,26.754],[85.2532,26.7532],[85.2561,26.7497],[85.2561,26.7435],[85.2536,26.7415],[85.2514,26.7339],[85.2517,26.7326],[85.2562,26.7319],[85.2575,26.7302],[85.2579,26.7225],[85.2566,26.7208],[85.2535,26.7199],[85.2532,26.7158],[85.254,26.7149],[85.2571,26.7159],[85.2577,26.7134],[85.2561,26.7044],[85.2609,26.6978],[85.26,26.6958],[85.2508,26.6895],[85.2492,26.6732],[85.2456,26.6639],[85.2466,26.662],[85.2517,26.6652],[85.2548,26.6634],[85.2593,26.6639],[85.2626,26.6546],[85.2625,26.6514],[85.2669,26.647],[85.2638,26.6418],[85.2731,26.6396],[85.2755,26.6374],[85.2725,26.6361],[85.2688,26.6371],[85.2658,26.6363],[85.2671,26.6337],[85.2695,26.6323],[85.2692,26.6264],[85.2664,26.6187]],[[85.264,26.8714],[85.2611,26.8684],[85.2607,26.866],[85.2673,26.864],[85.2691,26.8598],[85.2649,26.8525],[85.2653,26.8514],[85.2715,26.8506],[85.2728,26.8479],[85.2694,26.8387],[85.2705,26.8352]],[[85.2642,26.8313],[85.263,26.8279],[85.261,26.8285],[85.2618,26.8319],[85.2609,26.8338],[85.2622,26.8366],[85.2647,26.8343],[85.2669,26.8362],[85.2705,26.8352]],[[85.2708,26.8292],[85.2686,26.8239]]]}},{"type":"Feature","properties":{"name":"Kyan Khola","length_km":43,"rank":2},"geometry":{"type":"MultiLineString","coordinates":[[[85.6759,27.1822],[85.6734,27.1816],[85.6734,27.1796],[85.6696,27.1794],[85.6698,27.1758],[85.6655,27.1746],[85.6667,27.1739],[85.6662,27.1728],[85.66,27.1721],[85.6594,27.1743],[85.6575,27.1741],[85.6564,27.1723],[85.6529,27.172],[85.6508,27.168],[85.6433,27.1713],[85.6406,27.1705],[85.6403,27.1713],[85.6421,27.1716],[85.6409,27.1736],[85.6389,27.1722],[85.6355,27.1734],[85.6357,27.1725],[85.6318,27.1712],[85.629,27.1722],[85.6291,27.1694],[85.6264,27.1727],[85.6244,27.1726],[85.6248,27.1744],[85.6213,27.1747]],[[85.6213,27.1747],[85.6176,27.1752],[85.6172,27.1734],[85.6188,27.1721],[85.6172,27.1702],[85.6082,27.1709],[85.6058,27.1727],[85.6093,27.1748],[85.6099,27.1771],[85.6088,27.1778],[85.6052,27.1764],[85.605,27.1742],[85.6014,27.1742],[85.6011,27.1707],[85.5987,27.1704],[85.5945,27.1732],[85.5925,27.1712],[85.5894,27.1726],[85.5878,27.1665],[85.5861,27.1665],[85.5848,27.1692],[85.5818,27.1698],[85.5799,27.1662],[85.5749,27.165],[85.5731,27.1663],[85.5734,27.1689],[85.5704,27.1724],[85.5709,27.1736],[85.5738,27.1745],[85.5727,27.1846],[85.5694,27.1849],[85.5688,27.1825],[85.5652,27.182],[85.5619,27.1841],[85.5634,27.186],[85.5631,27.1887],[85.5595,27.1893],[85.5549,27.1873],[85.5557,27.1851],[85.5549,27.183],[85.5511,27.1842],[85.5491,27.1831]],[[85.7082,27.1959],[85.7057,27.1948],[85.7038,27.1983],[85.6998,27.1984],[85.6962,27.1964],[85.6958,27.1945],[85.6922,27.1948],[85.6913,27.1924],[85.6898,27.1921],[85.6917,27.1908],[85.6908,27.1902],[85.6852,27.1912],[85.6871,27.194],[85.6854,27.1954],[85.6758,27.1951],[85.676,27.1933],[85.678,27.1933],[85.6762,27.19],[85.6783,27.1859],[85.6752,27.1838],[85.6759,27.1822]],[[85.5491,27.1831],[85.5458,27.1806],[85.5431,27.1814],[85.5431,27.1825]],[[85.5431,27.1825],[85.5434,27.186],[85.546,27.1872],[85.5443,27.1885],[85.5417,27.1881],[85.539,27.1846],[85.535,27.1878],[85.5319,27.1836],[85.5289,27.1877],[85.5274,27.1841],[85.525,27.1836],[85.5233,27.1856],[85.5202,27.1819],[85.515,27.1863],[85.5134,27.1811],[85.5086,27.18],[85.508,27.177],[85.5037,27.1776],[85.5028,27.1727]],[[85.5491,27.1831],[85.5431,27.1825]]]}},{"type":"Feature","properties":{"name":"Dozam Khola","length_km":43,"rank":2},"geometry":{"type":"MultiLineString","coordinates":[[[82.0163,30.1981],[82.0176,30.1955],[82.0167,30.1944],[82.0203,30.1883],[82.0218,30.1875],[82.0237,30.1806],[82.0262,30.179],[82.0337,30.1684],[82.0379,30.1585],[82.044,30.1512],[82.0423,30.1443],[82.0452,30.1426],[82.0432,30.1368],[82.0447,30.1321],[82.0439,30.1257],[82.0469,30.1191],[82.0458,30.1153],[82.0471,30.1125],[82.0464,30.1097],[82.0479,30.108],[82.047,30.104],[82.0393,30.1009],[82.0385,30.0983],[82.0395,30.0974],[82.0325,30.0924],[82.0315,30.0883],[82.0324,30.0853],[82.0312,30.0838],[82.0321,30.0824],[82.0317,30.0775],[82.024,30.0668],[82.0244,30.0631],[82.0214,30.0592],[82.016,30.0477],[82.0175,30.0453],[82.0166,30.0405],[82.0182,30.0379],[82.0175,30.0309],[82.0152,30.0302],[82.0139,30.0266],[82.0093,30.0242],[82.0059,30.0175],[81.9977,30.011],[81.9972,30.0074],[81.9933,30.001],[81.9881,29.998],[81.9852,29.9915],[81.9816,29.989]],[[81.9316,30.0283],[81.9317,30.0253],[81.9348,30.0218],[81.9348,30.0193],[81.9369,30.0184],[81.9384,30.0156],[81.9425,30.0043],[81.9471,30.0002],[81.9478,29.9967],[81.9533,29.9908],[81.9741,29.9798]],[[81.9816,29.989],[81.9741,29.9798]],[[81.9741,29.9798],[81.9731,29.976],[81.9707,29.975],[81.9689,29.9724],[81.9575,29.9668],[81.9503,29.9609],[81.9271,29.9531]]]}},{"type":"Feature","properties":{"name":"Kabeli","length_km":44,"rank":2},"geometry":{"type":"MultiLineString","coordinates":[[[87.8612,27.3608],[87.8604,27.3555],[87.8584,27.352],[87.8558,27.351],[87.8517,27.3466],[87.852,27.3424],[87.8547,27.3384],[87.8553,27.3335],[87.8575,27.3298],[87.8549,27.325],[87.8552,27.3234],[87.8462,27.3166],[87.8482,27.3131],[87.8416,27.3074],[87.8406,27.3004],[87.8384,27.2984],[87.8367,27.2938],[87.8332,27.2936],[87.8322,27.2905],[87.8336,27.2888],[87.8315,27.2838]],[[87.8315,27.2838],[87.8261,27.2808],[87.8214,27.2807],[87.8081,27.2756],[87.8026,27.2764],[87.8008,27.2749],[87.7966,27.2769],[87.7947,27.2754],[87.7808,27.2725],[87.7767,27.273],[87.7734,27.2757],[87.7679,27.2758],[87.7655,27.2794],[87.7567,27.28],[87.755,27.2811],[87.7452,27.2778],[87.739,27.2804],[87.732,27.2786],[87.7236,27.2864],[87.7169,27.2858],[87.7136,27.2876],[87.7096,27.2867],[87.7057,27.2892],[87.7033,27.289],[87.7022,27.2906],[87.6958,27.2914]],[[87.8724,27.411],[87.873,27.4083],[87.8701,27.4055],[87.8695,27.4014],[87.8651,27.3974],[87.8602,27.3874],[87.8602,27.3808],[87.8548,27.3697],[87.8554,27.3672],[87.8612,27.3608]],[[87.9317,27.4595],[87.9308,27.4608],[87.9278,27.4607],[87.9176,27.4575],[87.914,27.458],[87.9139,27.454],[87.9078,27.4495],[87.9054,27.4436],[87.9024,27.4425],[87.901,27.4387],[87.8978,27.4364],[87.8981,27.435],[87.896,27.4359],[87.8898,27.4346],[87.8883,27.4323],[87.884,27.4314],[87.8807,27.4284],[87.8815,27.4238]],[[87.8815,27.4238],[87.8802,27.4166],[87.878,27.4168],[87.8749,27.415],[87.873,27.4156],[87.8714,27.4132],[87.8724,27.411]]]}},{"type":"Feature","properties":{"name":"Ridi Khola","length_km":44,"rank":2},"geometry":{"type":"MultiLineString","coordinates":[[[83.2243,27.9365],[83.2272,27.9386],[83.2292,27.9359],[83.2306,27.9383],[83.2318,27.9381],[83.2313,27.9362],[83.2331,27.9353],[83.2322,27.9321],[83.2354,27.9332],[83.2351,27.9356],[83.2382,27.9343],[83.2394,27.9368],[83.2413,27.9363],[83.2423,27.9387],[83.2407,27.9405],[83.2414,27.9412],[83.2451,27.9402],[83.2441,27.9383],[83.2468,27.9374],[83.247,27.9386],[83.2493,27.937],[83.2502,27.9393],[83.2525,27.9376],[83.2521,27.9402],[83.2548,27.9419],[83.2563,27.9364],[83.2589,27.9392],[83.2601,27.9366],[83.2619,27.936],[83.2629,27.9399],[83.2642,27.9389],[83.2642,27.9363],[83.2677,27.9388],[83.2694,27.9369],[83.2703,27.9403],[83.2695,27.9421],[83.2723,27.941],[83.2745,27.9439],[83.2759,27.9428],[83.2776,27.9461],[83.2803,27.9458],[83.2849,27.9503],[83.2896,27.9528],[83.2909,27.9526],[83.2923,27.9497]],[[83.2174,27.9476],[83.218,27.9419],[83.2207,27.9396],[83.2192,27.9381],[83.2243,27.9365]],[[83.2923,27.9497],[83.2934,27.9464],[83.2906,27.9439],[83.2857,27.944],[83.2839,27.9426],[83.2824,27.9369],[83.2797,27.9361],[83.2786,27.9337],[83.2803,27.9261],[83.2873,27.9247],[83.2928,27.925],[83.2965,27.9271],[83.3021,27.9268],[83.3064,27.9286],[83.3091,27.926],[83.3171,27.9243],[83.3195,27.9223],[83.325,27.9209],[83.3334,27.9229],[83.3371,27.9224],[83.3388,27.9235],[83.3392,27.9259],[83.344,27.9263],[83.3456,27.9301],[83.3464,27.937],[83.3436,27.9383],[83.3425,27.9408],[83.3451,27.9485],[83.3442,27.9505],[83.3472,27.9504],[83.355,27.9543],[83.356,27.9525],[83.3607,27.9517],[83.3713,27.9579],[83.3777,27.9592],[83.3768,27.9559],[83.3801,27.9568],[83.3874,27.9518],[83.388,27.9498],[83.3928,27.9476],[83.3936,27.9444],[83.3985,27.9407],[83.3992,27.9349],[83.4063,27.9339],[83.4107,27.9308],[83.4188,27.9304],[83.4244,27.9348],[83.4254,27.9382],[83.4279,27.94],[83.433,27.9393],[83.4346,27.9352],[83.4397,27.9362],[83.4402,27.9343]]]}},{"type":"Feature","properties":{"name":"Jaladh Khola","length_km":44,"rank":2},"geometry":{"type":"MultiLineString","coordinates":[[[86.0001,27.0081],[85.9968,27.0055],[85.9972,27.0017],[85.9963,26.9994],[85.9942,26.9984],[85.9957,26.997],[85.9949,26.9956],[85.9962,26.9952],[85.9959,26.9932],[85.9981,26.9924],[85.9967,26.9871],[85.9985,26.9843],[85.9945,26.9828],[85.9975,26.9807],[85.9956,26.9769],[85.999,26.976],[85.9985,26.9739],[86.0011,26.9722],[86.0014,26.9706],[85.999,26.9661],[85.9964,26.9681],[85.9953,26.9678],[85.9919,26.9588],[85.9936,26.9556],[86.0009,26.9536],[86.0025,26.951],[86.0015,26.9351],[85.9998,26.9291],[86.0011,26.9256],[85.9975,26.922],[85.9969,26.9145],[85.9931,26.9027],[85.9857,26.8913],[85.9875,26.8772],[85.9843,26.8714],[85.9844,26.8691],[85.988,26.8649]],[[85.9853,26.8232],[85.9825,26.8193],[85.9776,26.8177],[85.9803,26.8129],[85.977,26.812],[85.9757,26.8091],[85.9769,26.8033],[85.9759,26.8005],[85.977,26.7988],[85.9755,26.7944],[85.9673,26.7908],[85.9643,26.7847],[85.9676,26.7838],[85.9656,26.7822],[85.965,26.777],[85.9706,26.7709],[85.9703,26.7671],[85.9724,26.7652],[85.9719,26.7634],[85.9738,26.7621],[85.9732,26.7596],[85.9758,26.7591],[85.9797,26.7551],[85.9817,26.751],[85.9808,26.7459],[85.9848,26.7428],[85.9864,26.7387],[85.9855,26.7349],[85.9885,26.7256],[85.9849,26.7224],[85.9852,26.72],[85.9836,26.7188],[85.9845,26.7178],[85.9839,26.7138],[85.9812,26.7107],[85.9855,26.7069],[85.986,26.7039]],[[85.9859,26.8237],[85.9854,26.8234]],[[85.9854,26.8234],[85.9853,26.8232]],[[85.9855,26.8239],[85.9853,26.8239]],[[85.988,26.8649],[85.9875,26.8613],[85.9808,26.8586],[85.9829,26.8561],[85.9889,26.8528],[85.9848,26.847],[85.9851,26.8394],[85.9866,26.8354],[85.9851,26.8309],[85.9881,26.8299],[85.9859,26.8237]],[[85.9855,26.8239],[85.9854,26.8234]],[[85.9853,26.8239],[85.9853,26.8232]],[[85.9859,26.8237],[85.9855,26.8239]]]}},{"type":"Feature","properties":{"name":"Banganga","length_km":45,"rank":2},"geometry":{"type":"MultiLineString","coordinates":[[[82.9757,27.5859],[82.9682,27.5854],[82.9719,27.5788],[82.9746,27.5779],[82.9779,27.5801],[82.9828,27.5795],[82.9862,27.5777],[82.9895,27.5731],[82.9903,27.5683],[82.9878,27.564],[82.9878,27.5617],[82.9892,27.5604],[82.9927,27.5616],[82.9937,27.5609],[82.991,27.5552],[82.9899,27.5473]],[[82.9899,27.5473],[82.9853,27.5411],[82.9846,27.5351],[82.9872,27.5309],[82.9957,27.5259],[82.9974,27.5234],[82.9836,27.5095],[82.98,27.5083],[82.9728,27.5095],[82.9705,27.5071],[82.9705,27.5046],[82.976,27.5022],[82.9756,27.4979],[82.9735,27.4933],[82.97,27.4897],[82.9632,27.4865],[82.9613,27.4841],[82.9608,27.4711],[82.9588,27.4631],[82.9528,27.4627],[82.9493,27.4611],[82.9506,27.4569],[82.9538,27.4546],[82.9516,27.4515],[82.9513,27.4459],[82.9477,27.4407],[82.9392,27.4392],[82.938,27.4373],[82.9346,27.4362],[82.926,27.4381],[82.9254,27.4364],[82.9294,27.4315],[82.9293,27.4297],[82.9258,27.4255],[82.9237,27.4239],[82.9077,27.4202],[82.9044,27.4183],[82.901,27.4117],[82.9014,27.4103],[82.906,27.4082],[82.9126,27.4098],[82.9148,27.4083],[82.9123,27.4009],[82.9128,27.3935],[82.9112,27.3898],[82.9075,27.3871],[82.8982,27.3857],[82.8928,27.3765],[82.894,27.3656],[82.8966,27.3649],[82.8986,27.3664],[82.9001,27.366],[82.9,27.3625],[82.9016,27.3613],[82.9017,27.3585],[82.899,27.3566],[82.8929,27.3582],[82.8899,27.3577],[82.8782,27.3521],[82.8755,27.3482],[82.8697,27.346],[82.8726,27.3421],[82.8746,27.3414]]]}},{"type":"Feature","properties":{"name":"Balan River","length_km":45,"rank":2},"geometry":{"type":"MultiLineString","coordinates":[[[86.521,26.7402],[86.5096,26.7344],[86.5046,26.7276],[86.5041,26.7227],[86.5058,26.7172],[86.5114,26.7114],[86.5099,26.7079],[86.5113,26.7027],[86.5101,26.6966],[86.5057,26.6873],[86.5072,26.6784],[86.505,26.6756],[86.5044,26.6712],[86.4994,26.665],[86.4986,26.662],[86.5012,26.6493],[86.5086,26.6308],[86.5099,26.6132],[86.5038,26.5987],[86.5008,26.5865],[86.4938,26.5767],[86.4965,26.5601],[86.491,26.5525],[86.4859,26.55],[86.483,26.5437],[86.4782,26.5407],[86.4795,26.5238],[86.4708,26.5148],[86.4708,26.5123],[86.4776,26.5048],[86.4848,26.502],[86.4876,26.498],[86.4858,26.494],[86.4761,26.4893],[86.4744,26.4865],[86.4746,26.4799],[86.477,26.4774],[86.479,26.471],[86.4835,26.4667],[86.4834,26.4637],[86.4793,26.4588],[86.4797,26.4563],[86.4833,26.4525],[86.4893,26.4513],[86.4992,26.4467],[86.5019,26.443],[86.5028,26.4381],[86.499,26.4223],[86.5029,26.4176],[86.5128,26.4126],[86.513,26.3995]]]}},{"type":"Feature","properties":{"name":"Jangaha Nadi","length_km":45,"rank":2},"geometry":{"type":"MultiLineString","coordinates":[[[85.8768,27.0336],[85.8726,27.0274],[85.8675,27.0235],[85.8618,27.0141],[85.8606,27.0066],[85.8579,26.9997],[85.8526,26.9933],[85.8505,26.9829],[85.8437,26.9775],[85.8409,26.9669],[85.8413,26.9615],[85.8383,26.9561],[85.8397,26.9532],[85.8381,26.9506],[85.8402,26.9471],[85.835,26.9393],[85.8351,26.9366],[85.8336,26.9359],[85.8327,26.9286],[85.834,26.9254],[85.8311,26.9226],[85.8331,26.9204],[85.832,26.9153],[85.8345,26.9124],[85.8344,26.9051],[85.8301,26.9034],[85.8275,26.9044],[85.8275,26.9018],[85.8255,26.9004]],[[85.815,26.8968],[85.8105,26.898],[85.8061,26.8954],[85.8025,26.8967],[85.7994,26.8963],[85.7985,26.892],[85.7946,26.8895],[85.7967,26.8878],[85.7954,26.8861],[85.7973,26.8842],[85.7968,26.8812],[85.7944,26.8792],[85.7912,26.881],[85.7864,26.8784],[85.7832,26.8786],[85.7801,26.8692],[85.7776,26.8683]],[[85.7776,26.8683],[85.775,26.8646],[85.7766,26.8614],[85.7748,26.8547],[85.7715,26.8538],[85.7714,26.8485],[85.7703,26.8478],[85.7709,26.8439],[85.7754,26.8419],[85.7763,26.8386],[85.7754,26.8364],[85.7791,26.8353],[85.7788,26.8292],[85.7837,26.8278],[85.7844,26.8216],[85.7809,26.8186],[85.7798,26.814]],[[85.7723,26.7951],[85.7688,26.79],[85.7719,26.7886],[85.7734,26.7857],[85.7731,26.7824],[85.7782,26.7776],[85.7776,26.7722],[85.7794,26.7682],[85.7775,26.7664],[85.7774,26.7631],[85.7802,26.7582],[85.7791,26.7556],[85.7806,26.7546],[85.779,26.7466],[85.7802,26.7448],[85.7819,26.7462],[85.7832,26.7457]],[[85.7798,26.814],[85.7794,26.812],[85.7782,26.8127]],[[85.7782,26.8127],[85.776,26.8126],[85.7778,26.8095],[85.775,26.8072],[85.7735,26.8031],[85.7697,26.8026],[85.7726,26.8013],[85.7715,26.7972],[85.7723,26.7951]],[[85.8255,26.9004],[85.815,26.8968]]]}},{"type":"Feature","properties":{"name":"Khadak River","length_km":45,"rank":2,"name_ne":"खडक खोला"},"geometry":{"type":"MultiLineString","coordinates":[[[86.632,26.6645],[86.6327,26.6618],[86.6285,26.6594],[86.6298,26.6576],[86.6268,26.6549],[86.626,26.6492],[86.6236,26.6521],[86.6209,26.6522],[86.6201,26.6512],[86.6192,26.6437],[86.6171,26.6431],[86.615,26.6398],[86.6155,26.6338],[86.6055,26.6218],[86.6064,26.6163],[86.6032,26.6122],[86.6033,26.6101],[86.6058,26.6071],[86.6059,26.6047],[86.6018,26.5961],[86.6018,26.5932],[86.6028,26.5872],[86.6063,26.5829],[86.6059,26.5805],[86.5964,26.567],[86.5938,26.5548],[86.5971,26.5483],[86.5964,26.5414],[86.5995,26.5394],[86.5999,26.5353],[86.5938,26.5279],[86.594,26.5257],[86.5993,26.5265],[86.6024,26.5241],[86.603,26.5222],[86.6012,26.518],[86.6052,26.5155],[86.6038,26.5118],[86.6061,26.5071],[86.611,26.5027],[86.6087,26.4924],[86.6117,26.4914],[86.6117,26.4888],[86.6134,26.4861],[86.6171,26.4867],[86.6163,26.484],[86.6219,26.4838],[86.6224,26.48],[86.6271,26.4796],[86.6263,26.4776],[86.6279,26.4753],[86.6261,26.4726],[86.6258,26.4681],[86.6317,26.4686],[86.6318,26.4665],[86.6354,26.4618],[86.6325,26.4567],[86.6368,26.4507],[86.6378,26.4477],[86.637,26.4464],[86.6387,26.4462],[86.6398,26.4437],[86.634,26.4433],[86.6353,26.4414],[86.6345,26.4375],[86.6362,26.4319],[86.6335,26.4317],[86.6331,26.4303],[86.6345,26.4286],[86.6331,26.4258],[86.6352,26.4237],[86.6339,26.4214],[86.6362,26.4218],[86.6341,26.4163],[86.6381,26.414],[86.6364,26.4117],[86.6384,26.402],[86.6373,26.3999],[86.6387,26.3983],[86.6377,26.3968],[86.6382,26.3949],[86.6355,26.3937],[86.6356,26.391],[86.6306,26.3885],[86.6346,26.3838],[86.6335,26.3809],[86.6291,26.3785],[86.6299,26.3775],[86.6282,26.3761],[86.629,26.3752],[86.6275,26.3733],[86.6283,26.3715],[86.6261,26.3697],[86.6244,26.3658]]]}},{"type":"Feature","properties":{"name":"Chamlia River","length_km":46,"rank":2},"geometry":{"type":"MultiLineString","coordinates":[[[80.8419,29.7983],[80.8386,29.7968],[80.8325,29.7977],[80.8241,29.7879],[80.8212,29.7886],[80.8167,29.7864],[80.8075,29.7719],[80.8088,29.7702],[80.8075,29.7672],[80.8086,29.7627],[80.8065,29.7576],[80.8027,29.7528],[80.794,29.7477],[80.7894,29.7475],[80.7876,29.7455],[80.7851,29.7454],[80.7842,29.7435],[80.7748,29.7399],[80.7696,29.7361],[80.7668,29.738],[80.7544,29.7375],[80.7521,29.7364],[80.75,29.7377],[80.7429,29.7375],[80.7393,29.7359],[80.7385,29.7329],[80.7344,29.7288],[80.728,29.727],[80.7262,29.7249],[80.7235,29.7258],[80.7198,29.7246],[80.7156,29.7201],[80.7128,29.7197],[80.7103,29.7211],[80.7016,29.7188],[80.699,29.7169],[80.6921,29.7162],[80.6872,29.7135],[80.6849,29.7094],[80.6818,29.7072],[80.6802,29.7034],[80.6823,29.6985],[80.6757,29.6911],[80.6744,29.687],[80.6701,29.6871],[80.6674,29.6853],[80.6653,29.686],[80.6612,29.6825],[80.6511,29.6809],[80.6472,29.6816],[80.6456,29.6851],[80.6436,29.6853],[80.6392,29.6894],[80.6338,29.6905],[80.6253,29.6869],[80.613,29.6884],[80.6075,29.6864],[80.6048,29.6879],[80.6039,29.6906],[80.6014,29.6916],[80.5899,29.6904],[80.5866,29.6884],[80.5731,29.6873],[80.5724,29.685],[80.57,29.6833],[80.5687,29.6783],[80.5598,29.6731],[80.5592,29.6706],[80.5543,29.6714],[80.552,29.6681],[80.5487,29.668],[80.5461,29.666],[80.5427,29.6665],[80.5402,29.6636],[80.5334,29.6613],[80.5282,29.6568],[80.5124,29.6501],[80.5045,29.6434],[80.5054,29.6381]]]}},{"type":"Feature","properties":{"name":"Balephi Khola","length_km":46,"rank":2},"geometry":{"type":"MultiLineString","coordinates":[[[85.7799,28.0192],[85.7819,28.0118],[85.7886,28.0023],[85.7899,27.9923],[85.7967,27.9834],[85.795,27.9687]],[[85.7604,27.8985],[85.7591,27.8974],[85.7579,27.8854],[85.7596,27.8829],[85.7587,27.8816],[85.7592,27.8787],[85.7572,27.8743],[85.754,27.8715],[85.7537,27.8673],[85.7669,27.8473],[85.7699,27.847],[85.7697,27.8449],[85.7723,27.8425],[85.7742,27.8377]],[[85.7514,28.0684],[85.7554,28.0571],[85.7586,28.0549],[85.7601,28.0515],[85.7663,28.0458],[85.7729,28.044],[85.7743,28.0416],[85.781,28.0384],[85.7839,28.0338],[85.7837,28.0284],[85.78,28.0222],[85.7799,28.0192]],[[85.7742,27.8377],[85.772,27.8367],[85.7713,27.8284],[85.7697,27.8275],[85.7695,27.821],[85.7674,27.8164],[85.7687,27.8136],[85.7671,27.8112],[85.7677,27.8096],[85.7648,27.8076],[85.7671,27.8049],[85.7639,27.8006]],[[85.795,27.9687],[85.7926,27.9652],[85.7907,27.9522],[85.7839,27.9443],[85.7838,27.9399],[85.7786,27.9325],[85.7778,27.9271],[85.7732,27.9222],[85.7747,27.9199],[85.7707,27.9163],[85.7679,27.9115],[85.767,27.9069],[85.7678,27.9049],[85.7651,27.9036],[85.7625,27.8995],[85.7604,27.8985]],[[85.7639,27.8006],[85.7658,27.7975],[85.7622,27.7956],[85.7636,27.7931],[85.7617,27.7891],[85.764,27.7839],[85.7635,27.7771],[85.7647,27.7702],[85.7727,27.7624],[85.7751,27.7541],[85.7779,27.7523],[85.776,27.7495],[85.7775,27.7478]],[[85.7775,27.7478],[85.7784,27.743],[85.7768,27.7413],[85.78,27.7354],[85.7793,27.7295]]]}},{"type":"Feature","properties":{"name":"Lohaghat Nadi","length_km":46,"rank":2},"geometry":{"type":"MultiLineString","coordinates":[[[80.0899,29.3918],[80.0945,29.3872],[80.0968,29.3889],[80.0948,29.3908],[80.0967,29.3923],[80.0981,29.3899],[80.1023,29.3903],[80.1024,29.3877],[80.104,29.3865],[80.1028,29.3853],[80.105,29.3837],[80.105,29.3804],[80.1069,29.3816],[80.1069,29.383],[80.1087,29.3801],[80.1086,29.3816],[80.1122,29.3824],[80.111,29.379],[80.1143,29.3745],[80.1182,29.3775],[80.1184,29.3756],[80.1221,29.3754],[80.121,29.3721],[80.1221,29.3688],[80.1247,29.3675],[80.125,29.3659],[80.1222,29.3642],[80.1222,29.3623],[80.1244,29.3606],[80.1249,29.3617],[80.1264,29.3613],[80.1271,29.3583],[80.1334,29.3561],[80.1377,29.358],[80.1401,29.3574],[80.14,29.3538],[80.1449,29.3518],[80.145,29.3491],[80.1472,29.348],[80.1487,29.3438],[80.1538,29.3439],[80.1617,29.3467],[80.171,29.3413],[80.1749,29.3445],[80.1796,29.3415],[80.1802,29.3376],[80.1857,29.3387],[80.1849,29.3352],[80.1858,29.333],[80.1898,29.3352],[80.1918,29.3349],[80.1952,29.3267],[80.1965,29.3304],[80.1992,29.33],[80.2,29.3253],[80.2018,29.3283],[80.2112,29.3321],[80.2104,29.3263],[80.2149,29.3257],[80.2101,29.3238],[80.21,29.3212],[80.2147,29.3187],[80.2167,29.3215],[80.2196,29.3184],[80.2222,29.3183],[80.2226,29.3132],[80.2241,29.313],[80.2238,29.3143],[80.2257,29.3157],[80.2266,29.3107],[80.2286,29.3078],[80.2319,29.3104],[80.2331,29.3099],[80.233,29.3048],[80.23,29.3036],[80.2287,29.3009],[80.2262,29.2995],[80.2271,29.2963],[80.2293,29.2978],[80.2318,29.2976],[80.2344,29.3001],[80.2366,29.2972],[80.2401,29.2976],[80.2421,29.3002],[80.2475,29.3031],[80.2504,29.3018],[80.2499,29.2999],[80.2526,29.2975],[80.2531,29.2944],[80.2544,29.2945],[80.2538,29.2885],[80.2555,29.2883],[80.2565,29.2905],[80.2599,29.2904],[80.2634,29.2931],[80.2631,29.2953],[80.2674,29.294],[80.2664,29.2966],[80.269,29.2983],[80.2676,29.3008],[80.2723,29.3071],[80.2743,29.3078],[80.2772,29.3152],[80.2783,29.3155],[80.2803,29.3131],[80.2833,29.3139],[80.285,29.3126],[80.2865,29.3151],[80.2887,29.3149],[80.2968,29.3195],[80.2958,29.3223],[80.2991,29.3209],[80.2994,29.3241]]]}},{"type":"Feature","properties":{"name":"Jaulaha Khola","length_km":47,"rank":2},"geometry":{"type":"MultiLineString","coordinates":[[[87.2306,26.6487],[87.226,26.6434],[87.2198,26.6418],[87.2177,26.6385],[87.2124,26.637],[87.2105,26.6309],[87.2087,26.6306],[87.2072,26.628],[87.2095,26.6264],[87.2078,26.6241],[87.2097,26.6211],[87.2081,26.6175],[87.2045,26.6162],[87.2033,26.6118],[87.2021,26.6122],[87.1961,26.6085],[87.1925,26.6087],[87.1919,26.6065],[87.189,26.6051],[87.1887,26.6001],[87.1876,26.5996],[87.1885,26.5963],[87.184,26.5877],[87.1849,26.5858],[87.1817,26.585],[87.1815,26.5832],[87.1798,26.5825],[87.1794,26.576],[87.1759,26.57],[87.174,26.5636],[87.1721,26.5618],[87.1727,26.5577],[87.1708,26.5572],[87.1685,26.5509],[87.1675,26.5507],[87.1677,26.549],[87.172,26.5472],[87.1733,26.5434],[87.1729,26.5396],[87.1681,26.5378],[87.1717,26.5347],[87.171,26.5284],[87.1679,26.5244],[87.1643,26.5231],[87.1625,26.5197],[87.1634,26.5154],[87.1604,26.5116],[87.1619,26.5113],[87.1624,26.5092],[87.161,26.507],[87.1628,26.5064],[87.1632,26.5046],[87.1597,26.4956],[87.1626,26.4948],[87.1665,26.4907],[87.164,26.4876],[87.1636,26.4848]],[[87.2306,26.6489],[87.2306,26.6487]],[[87.2307,26.6497],[87.2306,26.6489]],[[87.1636,26.4848],[87.1647,26.4807],[87.1638,26.4766],[87.1679,26.4752],[87.1676,26.4736],[87.1709,26.4697],[87.1742,26.4693],[87.1752,26.4676],[87.1732,26.4601],[87.1694,26.4579],[87.1705,26.4527],[87.1771,26.4448],[87.1781,26.4397],[87.1814,26.4372],[87.1844,26.432],[87.1836,26.4298],[87.1861,26.4254],[87.1842,26.4213],[87.1867,26.4135],[87.1864,26.4097],[87.1881,26.4092],[87.1923,26.4121],[87.1959,26.4078],[87.2019,26.405],[87.2,26.396],[87.2005,26.3949],[87.204,26.3942],[87.2072,26.3951],[87.2093,26.394],[87.2105,26.395],[87.2123,26.3908],[87.2104,26.3892],[87.2129,26.3848],[87.2121,26.3829],[87.214,26.3807],[87.2138,26.3785],[87.2211,26.3771],[87.2224,26.3793],[87.226,26.3811],[87.229,26.3777],[87.2341,26.3767],[87.236,26.3787],[87.2369,26.3783]]]}},{"type":"Feature","properties":{"name":"Lamaha Khola","length_km":47,"rank":2},"geometry":{"type":"MultiLineString","coordinates":[[[85.2997,27.2272],[85.2962,27.2038],[85.2936,27.2008],[85.2887,27.1998],[85.2854,27.1947],[85.2888,27.1898],[85.2946,27.186],[85.2964,27.1832],[85.2954,27.1818],[85.298,27.1797],[85.2969,27.1776],[85.3011,27.1752],[85.3007,27.1742],[85.2985,27.1758],[85.2972,27.175],[85.2975,27.17],[85.2994,27.1685],[85.2983,27.1666],[85.3008,27.1647],[85.2991,27.1605],[85.2962,27.1601],[85.2994,27.158],[85.2977,27.157],[85.2942,27.158],[85.2947,27.1566],[85.2984,27.155],[85.2959,27.1538],[85.2955,27.1523],[85.2984,27.1515],[85.2953,27.1501],[85.2938,27.1468],[85.291,27.1484],[85.2896,27.1477],[85.2881,27.1452],[85.289,27.1445],[85.2864,27.1417],[85.2875,27.14],[85.2857,27.1385],[85.2878,27.1367],[85.2861,27.1341],[85.2877,27.1332],[85.2893,27.1341],[85.29,27.1327],[85.2865,27.1312],[85.2895,27.1296],[85.2896,27.1269],[85.2882,27.1258],[85.2914,27.1257],[85.2924,27.1235],[85.2941,27.124],[85.2957,27.1226],[85.2919,27.1192],[85.2912,27.1159],[85.2887,27.1169],[85.2861,27.116],[85.2859,27.1136],[85.2877,27.1129],[85.2862,27.1098],[85.2897,27.1082],[85.2891,27.1057],[85.2859,27.1035],[85.2892,27.1012],[85.2925,27.1017],[85.2927,27.0967],[85.2962,27.0933],[85.2963,27.0906],[85.2947,27.0903],[85.2946,27.0887],[85.2973,27.0867],[85.2946,27.0852],[85.2918,27.0857],[85.2925,27.0836],[85.2939,27.0838],[85.2916,27.0828],[85.2921,27.0806],[85.2881,27.0795],[85.2881,27.0785]],[[85.2969,27.058],[85.3009,27.0554],[85.2988,27.0548],[85.3001,27.0531],[85.2979,27.052],[85.2985,27.05],[85.2974,27.0473],[85.2936,27.0454],[85.298,27.0415],[85.2965,27.0401],[85.2979,27.0373],[85.2966,27.0362],[85.2976,27.0318],[85.3009,27.0309],[85.3001,27.0296],[85.2976,27.0304],[85.2963,27.029],[85.2989,27.0252],[85.2964,27.0237],[85.3001,27.0204],[85.2993,27.018],[85.3023,27.0177],[85.3014,27.0126],[85.2979,27.0121],[85.2986,27.0042],[85.3015,26.9989],[85.3014,26.9966],[85.2986,26.9922],[85.3082,26.9865],[85.3084,26.9851],[85.3058,26.9854],[85.3058,26.9819],[85.3106,26.9826],[85.3092,26.9791]],[[85.2881,27.0785],[85.2905,27.0755],[85.2929,27.0748],[85.2911,27.0727],[85.2916,27.0716],[85.2955,27.0718],[85.2957,27.0693],[85.2978,27.069],[85.2974,27.0643],[85.2993,27.0626],[85.2969,27.058]]]}},{"type":"Feature","properties":{"name":"Hunku Drangka","length_km":47,"rank":2},"geometry":{"type":"MultiLineString","coordinates":[[[86.8289,27.5009],[86.8276,27.5],[86.8226,27.5012],[86.8212,27.4988],[86.8195,27.4988],[86.817,27.4962],[86.8167,27.494],[86.8139,27.4937],[86.8139,27.4918],[86.8108,27.4922],[86.8049,27.4905],[86.8025,27.4873],[86.8003,27.4874],[86.7995,27.4853],[86.7905,27.4845],[86.7835,27.48],[86.7773,27.479],[86.7755,27.4801],[86.7716,27.4782],[86.7678,27.4787],[86.7658,27.4773],[86.7643,27.4784],[86.7597,27.4702],[86.7612,27.4635],[86.7601,27.4621],[86.7524,27.4588],[86.7468,27.4613],[86.7389,27.4574],[86.7312,27.4565],[86.7257,27.4511]],[[86.8443,27.5121],[86.8413,27.5112],[86.8351,27.5021],[86.8289,27.5009]],[[86.8725,27.5186],[86.8443,27.5121]],[[86.9394,27.7199],[86.9448,27.7102],[86.9473,27.6891],[86.9494,27.6879],[86.9523,27.6808],[86.9528,27.6751],[86.9512,27.672],[86.9515,27.667],[86.9478,27.6639],[86.946,27.6581],[86.943,27.6546],[86.9393,27.6403],[86.9319,27.633],[86.9312,27.6283],[86.927,27.6241],[86.9262,27.621],[86.9165,27.613],[86.916,27.6098],[86.9126,27.6072],[86.9103,27.6033],[86.9088,27.5991],[86.9094,27.5958],[86.9027,27.5875],[86.9019,27.5802],[86.899,27.5762],[86.899,27.5732],[86.8961,27.5704],[86.8976,27.5655],[86.8958,27.5603],[86.8963,27.5581],[86.8943,27.5545],[86.8952,27.5518],[86.8922,27.5455],[86.8925,27.5407],[86.8941,27.5399],[86.8924,27.5374],[86.8938,27.5368],[86.8829,27.5262],[86.8784,27.5243],[86.8725,27.5186]]]}},{"type":"Feature","properties":{"name":"Tarap Khola","length_km":47,"rank":2},"geometry":{"type":"MultiLineString","coordinates":[[[83.1259,29.0357],[83.1261,29.0328],[83.1204,29.0274],[83.1113,29.024],[83.1081,29.0242],[83.1032,29.0201],[83.1001,29.0197],[83.0972,29.0176],[83.0953,29.013],[83.0914,29.0098],[83.0914,29.0078],[83.0876,29.0033],[83.0866,28.9983],[83.0851,28.9975],[83.0861,28.9963],[83.0848,28.9943],[83.087,28.9917],[83.0869,28.9861],[83.0886,28.9814],[83.0875,28.9771],[83.0811,28.9691],[83.075,28.9643],[83.069,28.9498],[83.0647,28.9437],[83.0591,28.9408],[83.0548,28.9364],[83.0426,28.9295],[83.038,28.926],[83.0374,28.9241],[83.0347,28.923],[83.032,28.9191],[83.0308,28.914],[83.0319,28.9114],[83.0313,28.907],[83.033,28.9054],[83.0301,28.9004],[83.0313,28.8982],[83.0347,28.8978],[83.0363,28.896]],[[83.1353,29.2076],[83.1359,29.2062],[83.1387,29.2053],[83.1392,29.2027],[83.1425,29.2003],[83.1436,29.1975],[83.1624,29.1845],[83.1625,29.1746],[83.1601,29.1688],[83.1603,29.163],[83.1706,29.1477],[83.1783,29.1439],[83.1831,29.1383],[83.1856,29.1314],[83.1839,29.1242],[83.1727,29.1134],[83.1718,29.1089],[83.1655,29.101],[83.1618,29.0912],[83.1616,29.0819],[83.1566,29.0763],[83.1568,29.0704],[83.1521,29.0666],[83.1504,29.0619],[83.1451,29.0572],[83.1381,29.0545],[83.1373,29.0526],[83.1324,29.05],[83.1306,29.0431],[83.1263,29.0386],[83.1247,29.0385],[83.1259,29.0357]]]}},{"type":"Feature","properties":{"name":"Sunsari Nadi","length_km":47,"rank":2},"geometry":{"type":"MultiLineString","coordinates":[[[87.2034,26.7335],[87.2028,26.7314],[87.2005,26.7299],[87.1967,26.7303],[87.1965,26.7292],[87.1935,26.7285],[87.1941,26.7269],[87.1904,26.7243],[87.1892,26.7202],[87.1864,26.7191],[87.1863,26.7173],[87.1848,26.7163],[87.1827,26.6953],[87.1783,26.6892],[87.1727,26.6872],[87.1733,26.6856],[87.1694,26.6842],[87.1691,26.6829],[87.1641,26.6826],[87.1624,26.6808],[87.1606,26.6827],[87.1579,26.6817],[87.1556,26.6799],[87.1561,26.6782],[87.1544,26.6785],[87.1536,26.6768],[87.1509,26.6785],[87.147,26.6787],[87.1446,26.6775],[87.1432,26.6783],[87.1407,26.675],[87.134,26.6714],[87.1344,26.6685],[87.131,26.669],[87.1302,26.6672],[87.1234,26.6633],[87.119,26.6637],[87.1191,26.6618],[87.1168,26.661],[87.1169,26.6594],[87.1149,26.6597],[87.1144,26.6577],[87.1123,26.6585],[87.114,26.6546],[87.1112,26.6532],[87.1126,26.6496],[87.1098,26.6486],[87.1098,26.6406],[87.1119,26.6387],[87.1143,26.6384],[87.1153,26.6257],[87.1184,26.6219],[87.1182,26.6189],[87.1235,26.6163]],[[87.1337,26.5839],[87.1309,26.5768],[87.133,26.5743],[87.1294,26.5687],[87.1237,26.5681],[87.1218,26.5624],[87.1154,26.5616],[87.1144,26.559],[87.1151,26.5551],[87.1124,26.5521],[87.1113,26.5484],[87.1048,26.5462],[87.1039,26.5448],[87.1047,26.5429],[87.0967,26.5356],[87.0997,26.5302],[87.0959,26.5303],[87.0931,26.5278],[87.0933,26.5266],[87.0969,26.5261],[87.0994,26.5243],[87.0961,26.5214],[87.0934,26.521],[87.0936,26.5196],[87.0964,26.5183],[87.0963,26.5166],[87.0982,26.5161],[87.0958,26.5152],[87.0987,26.5141],[87.097,26.512],[87.0998,26.5118],[87.0938,26.5081],[87.0944,26.5071],[87.0967,26.5073],[87.0971,26.506],[87.0931,26.5049],[87.0942,26.5039],[87.0978,26.5046],[87.095,26.5018],[87.0995,26.503],[87.1008,26.5012],[87.0992,26.5001]],[[87.1323,26.5872],[87.1284,26.5854],[87.1288,26.5832],[87.1305,26.582],[87.1328,26.5844],[87.1337,26.5839]],[[87.1263,26.6114],[87.1293,26.6025],[87.1274,26.5968],[87.1293,26.5939],[87.1274,26.5904],[87.1317,26.5893],[87.1323,26.5872]],[[87.1235,26.6163],[87.1263,26.6114]]]}},{"type":"Feature","properties":{"name":"Triyuga Nadi","length_km":48,"rank":2},"geometry":{"type":"MultiLineString","coordinates":[[[86.7395,26.7747],[86.752,26.773],[86.7574,26.775],[86.7591,26.777],[86.7669,26.7773],[86.7719,26.7809],[86.7803,26.7775],[86.7857,26.7816],[86.7965,26.7826],[86.8003,26.7855],[86.8064,26.7872],[86.809,26.79],[86.8131,26.7902],[86.8146,26.7919],[86.8177,26.7925],[86.8241,26.7925],[86.8325,26.7961],[86.8407,26.7941],[86.8416,26.7924],[86.8499,26.7884],[86.8529,26.7853],[86.8532,26.7829],[86.8572,26.7769],[86.8633,26.7741],[86.8654,26.77],[86.8729,26.7682],[86.8772,26.7685],[86.8791,26.7704]],[[86.6465,26.9092],[86.6428,26.9014],[86.6394,26.8999],[86.6347,26.901],[86.6187,26.8861],[86.612,26.8831],[86.6114,26.8811],[86.6137,26.8786],[86.6056,26.8708],[86.6063,26.8672],[86.6034,26.8629],[86.6029,26.8579],[86.5987,26.8562],[86.5991,26.8531],[86.6026,26.8512],[86.601,26.8493],[86.6014,26.8476],[86.6064,26.8443],[86.609,26.8386],[86.6093,26.837],[86.6063,26.8313],[86.6125,26.8142],[86.625,26.805],[86.6323,26.8072],[86.6416,26.8057],[86.6478,26.8025],[86.6518,26.8032],[86.6609,26.8012],[86.6654,26.8039],[86.6688,26.804],[86.6708,26.8018],[86.6753,26.8019],[86.6791,26.7951],[86.6822,26.7938],[86.6868,26.7866],[86.6924,26.7853],[86.7023,26.778],[86.7061,26.7737],[86.7083,26.7734],[86.712,26.7676],[86.7184,26.7702],[86.724,26.7695]],[[86.724,26.7695],[86.7288,26.7673],[86.7395,26.7747]]]}},{"type":"Feature","properties":{"name":"Mūgū Kholā","length_km":48,"rank":2},"geometry":{"type":"MultiLineString","coordinates":[[[82.518,29.7723],[82.516,29.7707],[82.5167,29.7696],[82.5156,29.7656],[82.5163,29.7617],[82.5152,29.7571],[82.5167,29.7491],[82.5131,29.7446],[82.515,29.7405],[82.5131,29.7355],[82.5143,29.7271],[82.512,29.72],[82.5132,29.7175],[82.5121,29.7134],[82.5159,29.7093],[82.5142,29.7038],[82.5163,29.7005],[82.5148,29.6974],[82.5188,29.6796],[82.518,29.6708],[82.5215,29.6565],[82.5206,29.6523],[82.5156,29.6461],[82.5084,29.64],[82.4953,29.6363],[82.492,29.6265],[82.488,29.6191],[82.4878,29.6158],[82.4772,29.6057],[82.4569,29.5932],[82.4517,29.5915],[82.4433,29.5925],[82.4345,29.5907]],[[82.5387,29.9307],[82.5422,29.9264],[82.5477,29.9152],[82.5513,29.9119],[82.5506,29.91],[82.5531,29.9073],[82.5551,29.8963],[82.5527,29.8932],[82.5538,29.8921],[82.5532,29.889],[82.5498,29.8813],[82.5468,29.8774],[82.5446,29.8767],[82.5402,29.8695],[82.537,29.8666],[82.5368,29.8647],[82.532,29.8584],[82.5323,29.8564],[82.5273,29.8454],[82.5294,29.8318],[82.5372,29.8233],[82.5363,29.8186],[82.5402,29.8141],[82.5384,29.809],[82.5402,29.8053],[82.5402,29.7967],[82.5382,29.7959],[82.5324,29.7882],[82.5328,29.786],[82.5308,29.7811],[82.5287,29.781],[82.5236,29.7751],[82.518,29.7723]]]}},{"type":"Feature","properties":{"name":"Modi Khola","length_km":49,"rank":2},"geometry":{"type":"MultiLineString","coordinates":[[[83.8621,28.4614],[83.8576,28.4554],[83.8538,28.4528],[83.8517,28.4477],[83.8497,28.4468],[83.8495,28.4434],[83.8451,28.4334],[83.8384,28.4269],[83.8326,28.424],[83.8308,28.4209]],[[83.7747,28.3092],[83.7711,28.3061],[83.7705,28.3036],[83.7687,28.3031],[83.768,28.3006],[83.7648,28.299],[83.7649,28.2972],[83.7622,28.2954],[83.7596,28.2885],[83.7559,28.2879],[83.7527,28.2851],[83.7492,28.2794],[83.7447,28.2793],[83.7447,28.2771],[83.7426,28.2757],[83.7416,28.2713],[83.7387,28.2707],[83.7364,28.2686],[83.7331,28.2686],[83.7307,28.2647],[83.7277,28.2638],[83.7271,28.2621],[83.7228,28.2625],[83.7211,28.2614],[83.7198,28.255],[83.717,28.2539],[83.7148,28.2488],[83.715,28.243],[83.711,28.2386],[83.7135,28.2316],[83.7068,28.2214],[83.7029,28.221],[83.6998,28.2191],[83.697,28.2207],[83.6921,28.2172],[83.6893,28.2174],[83.6855,28.2152],[83.6828,28.2156],[83.6765,28.2061],[83.6775,28.2029],[83.6725,28.2018],[83.6696,28.2027]],[[83.8308,28.4209],[83.8308,28.4188],[83.8286,28.4168],[83.8289,28.4142],[83.8273,28.4133],[83.8265,28.4089],[83.8277,28.4078],[83.8245,28.4014],[83.8266,28.399],[83.826,28.3957]],[[83.826,28.3957],[83.827,28.3893],[83.8244,28.3862],[83.8248,28.3834],[83.8232,28.3784],[83.8203,28.3765],[83.8205,28.3733],[83.8184,28.3667],[83.8192,28.3641],[83.8178,28.3606],[83.8138,28.3576],[83.8148,28.3563],[83.8138,28.3527],[83.8111,28.3503],[83.8097,28.346],[83.8031,28.3402],[83.7986,28.33],[83.7959,28.3267],[83.7926,28.3231],[83.7904,28.3224],[83.789,28.3193],[83.7856,28.3183],[83.7805,28.3142],[83.7781,28.3105],[83.7747,28.3092]],[[83.9074,28.5137],[83.9006,28.4987],[83.8956,28.4944],[83.8863,28.4799],[83.8657,28.4663],[83.8621,28.4614]]]}},{"type":"Feature","properties":{"name":"Khimti Khola","length_km":49,"rank":2},"geometry":{"type":"MultiLineString","coordinates":[[[86.3763,27.7413],[86.377,27.7343],[86.3757,27.7319],[86.3688,27.7264],[86.3676,27.7185],[86.3631,27.7141],[86.3558,27.7106],[86.3527,27.7056],[86.3527,27.7006],[86.3504,27.6926],[86.3447,27.6863],[86.3382,27.6828],[86.3358,27.6756],[86.3329,27.6731],[86.3329,27.667],[86.3306,27.6617],[86.3261,27.6567],[86.3218,27.6548],[86.3217,27.6532],[86.3188,27.6515],[86.3169,27.6483],[86.3113,27.6457],[86.3058,27.6339],[86.306,27.6275],[86.3025,27.6211],[86.3037,27.6179],[86.2999,27.614]],[[86.2449,27.5909],[86.2385,27.5893],[86.2357,27.5863],[86.2233,27.5848],[86.2204,27.5829],[86.2176,27.5835],[86.2162,27.5818],[86.2104,27.5823],[86.2086,27.5811],[86.2033,27.581],[86.1967,27.5745],[86.1924,27.5727],[86.1833,27.5582],[86.1767,27.5555],[86.1725,27.5502],[86.1703,27.5512],[86.1673,27.5479],[86.1643,27.5467],[86.161,27.5416],[86.1581,27.5413],[86.1585,27.5385],[86.1543,27.5357],[86.1546,27.5333],[86.1522,27.5312],[86.1534,27.5284],[86.1519,27.5273],[86.153,27.525],[86.1497,27.5176],[86.1503,27.5153],[86.147,27.5154],[86.1475,27.5135],[86.1417,27.509],[86.1431,27.5021],[86.1418,27.4956],[86.1372,27.4953],[86.1337,27.493],[86.1318,27.4897],[86.1292,27.49],[86.1291,27.4881],[86.1259,27.4853],[86.1213,27.4774],[86.1171,27.4759],[86.1161,27.4741],[86.1127,27.4749]],[[86.2999,27.614],[86.299,27.6102],[86.2942,27.6087],[86.2902,27.6041],[86.2859,27.6027],[86.281,27.6039],[86.2785,27.6],[86.2691,27.5949],[86.2603,27.5977],[86.259,27.5951],[86.2496,27.5934],[86.2473,27.5925],[86.2472,27.5907],[86.2449,27.5909]]]}},{"type":"Feature","properties":{"name":"Lohare Nadi","length_km":49,"rank":2},"geometry":{"type":"MultiLineString","coordinates":[[[81.8869,28.9291],[81.883,28.9278],[81.8844,28.9249],[81.8809,28.9247],[81.8797,28.9234],[81.8766,28.9242],[81.8747,28.9235],[81.874,28.9215],[81.8724,28.9219],[81.8706,28.9195],[81.8706,28.9173],[81.8686,28.917],[81.8665,28.9138],[81.8636,28.912],[81.8582,28.9105],[81.8549,28.9124],[81.8447,28.9139],[81.8423,28.9111],[81.8389,28.9136],[81.8257,28.915],[81.8184,28.9123],[81.8171,28.9104],[81.813,28.9098],[81.8081,28.9055],[81.7954,28.9026],[81.7929,28.8961],[81.7891,28.8974],[81.7867,28.8966],[81.7853,28.8922],[81.7876,28.8896],[81.7859,28.8888],[81.7864,28.8872],[81.7843,28.8846],[81.78,28.8818],[81.7774,28.8759],[81.7773,28.8723],[81.7724,28.8711],[81.7715,28.8672],[81.7627,28.8609],[81.7605,28.8583],[81.7591,28.8536],[81.7537,28.8476],[81.7541,28.8465],[81.7459,28.8423],[81.7482,28.839],[81.7443,28.8358],[81.7465,28.8345],[81.7445,28.8308],[81.7447,28.8282],[81.7404,28.8238],[81.741,28.8221],[81.7386,28.8215],[81.7383,28.8154],[81.7337,28.8125],[81.7328,28.8102],[81.7257,28.8094],[81.716,28.806],[81.7194,28.8011],[81.7097,28.8029],[81.7078,28.8055],[81.7029,28.8073],[81.6981,28.8072],[81.6934,28.8031],[81.6857,28.8043],[81.6845,28.8011],[81.6864,28.8008],[81.6873,28.7988],[81.6835,28.7957],[81.6844,28.7938],[81.683,28.7909],[81.6823,28.7778],[81.6782,28.7716],[81.6722,28.7687],[81.6701,28.7656],[81.6662,28.7667],[81.6617,28.7626],[81.6566,28.76],[81.6506,28.7628],[81.6394,28.7619],[81.635,28.7697],[81.6276,28.7706],[81.616,28.7749],[81.6128,28.7749],[81.611,28.7761],[81.6107,28.7783],[81.5989,28.7822],[81.5949,28.7868],[81.585,28.7843],[81.5801,28.7791]]]}},{"type":"Feature","properties":{"name":"Dans Khola","length_km":50,"rank":2},"geometry":{"type":"MultiLineString","coordinates":[[[87.5398,26.7568],[87.5385,26.7559],[87.5389,26.7531],[87.5272,26.7452],[87.5263,26.7399],[87.5295,26.7312]],[[87.5357,26.6928],[87.5385,26.6886],[87.5361,26.6842],[87.5381,26.6767],[87.5411,26.6726],[87.5432,26.6597],[87.541,26.6562],[87.5416,26.6537],[87.5378,26.6485],[87.5369,26.6447],[87.5385,26.6379],[87.5403,26.6359],[87.5401,26.6313],[87.5372,26.6286],[87.5367,26.6297],[87.5346,26.6294],[87.536,26.6236],[87.5328,26.6217],[87.532,26.6188],[87.5293,26.6192],[87.5279,26.6178],[87.5291,26.6135],[87.5256,26.6122],[87.5228,26.6088],[87.5225,26.6069],[87.5248,26.6038],[87.5213,26.6019],[87.5208,26.5999],[87.5217,26.5947],[87.5239,26.5925],[87.528,26.5916],[87.5255,26.5898],[87.527,26.5848],[87.5242,26.5831],[87.5238,26.5814],[87.5257,26.5799],[87.5252,26.5759],[87.5292,26.5745],[87.5241,26.5736],[87.5226,26.5706],[87.5261,26.5672],[87.529,26.5666],[87.5291,26.5632],[87.5274,26.5605],[87.5286,26.556],[87.5255,26.5551],[87.5305,26.5521],[87.53,26.5503],[87.5245,26.5475],[87.5243,26.5462],[87.527,26.5438],[87.5232,26.5419],[87.5257,26.5393],[87.525,26.5377],[87.5287,26.5347],[87.5276,26.5315],[87.5179,26.5287],[87.5205,26.5252],[87.5251,26.5278],[87.5264,26.5274],[87.5276,26.5202],[87.5199,26.5091],[87.5157,26.5104],[87.5191,26.5039],[87.5248,26.4998],[87.5202,26.498],[87.514,26.4994],[87.513,26.4984],[87.5129,26.4944],[87.5109,26.4947],[87.5099,26.4982],[87.5079,26.4983],[87.5042,26.4878],[87.5023,26.4861],[87.5008,26.4873],[87.4995,26.4866],[87.4974,26.4805],[87.4939,26.4797],[87.4931,26.4751],[87.4855,26.4734],[87.4876,26.4676],[87.4845,26.4673],[87.4772,26.4618],[87.4756,26.459],[87.4751,26.4535],[87.4739,26.4526]],[[87.5295,26.7312],[87.5295,26.7283],[87.5332,26.7232],[87.5336,26.7168],[87.5316,26.7096],[87.5328,26.7015],[87.5314,26.6974],[87.5357,26.6928]]]}},{"type":"Feature","properties":{"name":"Chawandi Gad","length_km":50,"rank":2},"geometry":{"type":"MultiLineString","coordinates":[[[80.5743,29.3711],[80.571,29.3685],[80.573,29.3664],[80.5721,29.3652],[80.5733,29.3643],[80.5714,29.3627],[80.5733,29.3626],[80.5734,29.3545],[80.5722,29.3521],[80.5704,29.3519],[80.5716,29.3507],[80.5677,29.3488],[80.569,29.3475],[80.5661,29.3477],[80.5654,29.3439],[80.5622,29.339],[80.5646,29.3389],[80.5664,29.3339],[80.5691,29.3323],[80.5684,29.3292],[80.5703,29.3284],[80.5708,29.326],[80.5722,29.3267],[80.5728,29.3257],[80.57,29.3244],[80.568,29.3184],[80.5625,29.3187],[80.5619,29.3174],[80.5573,29.3172],[80.5552,29.3142],[80.5522,29.315],[80.5534,29.3128],[80.5515,29.3104],[80.5496,29.3112],[80.5501,29.3125],[80.5484,29.3142],[80.5472,29.3112],[80.5438,29.3113],[80.5437,29.3128],[80.5455,29.3134],[80.5412,29.3166],[80.5415,29.3197],[80.5392,29.3178],[80.5365,29.3191],[80.5346,29.3175],[80.5329,29.3185],[80.5315,29.3171],[80.5309,29.3185],[80.5277,29.3169],[80.5275,29.3149],[80.5247,29.3146],[80.5271,29.3099],[80.524,29.3105],[80.5227,29.3134],[80.5238,29.3159],[80.5219,29.316],[80.5197,29.3185],[80.5149,29.3125],[80.5133,29.3141],[80.514,29.3162],[80.5105,29.3156],[80.51,29.3105],[80.5083,29.3108],[80.508,29.3137],[80.5052,29.3137],[80.5067,29.3114],[80.4985,29.3093],[80.4979,29.3122],[80.4993,29.3139],[80.4982,29.3156],[80.4955,29.3117],[80.493,29.3132],[80.4911,29.3112],[80.4892,29.316],[80.4875,29.3169],[80.4872,29.3207],[80.4886,29.3248],[80.4868,29.3267],[80.4869,29.3291],[80.4842,29.3315]],[[80.4166,29.3459],[80.4152,29.3453]],[[80.4171,29.3456],[80.4147,29.3441]],[[80.4842,29.3315],[80.4806,29.3289],[80.4763,29.33],[80.4746,29.3287],[80.4733,29.3296],[80.4712,29.3285],[80.4715,29.3269],[80.4655,29.327],[80.4649,29.325],[80.4618,29.3243],[80.4587,29.3262],[80.4541,29.3262],[80.4525,29.3276],[80.4497,29.3271],[80.4493,29.329],[80.4473,29.3293],[80.4468,29.3309]],[[80.4468,29.3309],[80.4425,29.3336],[80.4375,29.3335],[80.4368,29.3355],[80.4342,29.337],[80.4298,29.335],[80.4286,29.3381],[80.4303,29.3403],[80.4289,29.3413],[80.4257,29.3389],[80.4239,29.3397],[80.4223,29.343],[80.4162,29.3461],[80.4149,29.3457],[80.4141,29.3428],[80.4113,29.3441],[80.4074,29.3488],[80.4049,29.3477],[80.4035,29.3484],[80.4034,29.3512],[80.4083,29.3549],[80.4058,29.3568]],[[80.566,29.4107],[80.5648,29.4062],[80.5706,29.4035],[80.5713,29.4005],[80.574,29.3973],[80.565,29.3971],[80.5699,29.3954],[80.5688,29.3938],[80.5714,29.3932],[80.5716,29.3885],[80.5758,29.3875],[80.5717,29.3792],[80.5746,29.3781],[80.5772,29.3787],[80.5787,29.3771],[80.5767,29.373],[80.5743,29.3711]]]}},{"type":"Feature","properties":{"name":"Chaundhar Nadi","length_km":51,"rank":2},"geometry":{"type":"MultiLineString","coordinates":[[[80.2388,28.9144],[80.2369,28.9118],[80.2384,28.8996],[80.2303,28.8991],[80.2293,28.8977],[80.2315,28.8933],[80.2392,28.8879],[80.2341,28.8845],[80.2297,28.8787],[80.2318,28.8725],[80.2284,28.8674],[80.2347,28.8651],[80.2307,28.8638],[80.229,28.8589],[80.231,28.8578],[80.2328,28.8586],[80.2336,28.8613],[80.2371,28.8623],[80.2402,28.8586],[80.2397,28.8552],[80.2377,28.853],[80.239,28.8471],[80.2413,28.8474],[80.2412,28.8509],[80.2536,28.8441],[80.2547,28.8336],[80.2528,28.8318],[80.2513,28.8353],[80.2502,28.8349],[80.2476,28.8265],[80.2489,28.8259],[80.254,28.8274],[80.2545,28.8255],[80.2524,28.822],[80.2545,28.8224],[80.2547,28.8205],[80.2538,28.8185],[80.2488,28.8181],[80.2454,28.8152],[80.2472,28.8103],[80.2456,28.8074],[80.2458,28.8024],[80.2431,28.7996],[80.2412,28.7945],[80.2207,28.7891],[80.2179,28.7871],[80.2171,28.7851],[80.2187,28.7824],[80.214,28.7747],[80.2127,28.7685],[80.2048,28.763],[80.205,28.7594],[80.2005,28.7563],[80.2013,28.7535],[80.2002,28.7514],[80.2031,28.7524],[80.2043,28.7511],[80.2014,28.7499],[80.2012,28.748],[80.2038,28.7481],[80.2036,28.7465],[80.2072,28.7463],[80.205,28.7456],[80.2063,28.7438],[80.2046,28.7404],[80.2,28.7408],[80.1946,28.7378],[80.195,28.7349],[80.1976,28.734],[80.1994,28.7265],[80.1977,28.7209],[80.2026,28.7171],[80.2059,28.7186],[80.211,28.7126]],[[80.2293,28.9855],[80.2302,28.9805],[80.2268,28.9783],[80.2288,28.975],[80.2278,28.9729],[80.2314,28.9729],[80.232,28.9707],[80.2384,28.9713],[80.2405,28.9702]],[[80.2405,28.9702],[80.2443,28.9677],[80.2461,28.9612],[80.2497,28.9605],[80.2511,28.9549],[80.2546,28.9539],[80.2526,28.9466],[80.2567,28.9431],[80.2577,28.9353],[80.2609,28.9308],[80.2569,28.924],[80.2525,28.9195],[80.2479,28.9171],[80.2485,28.9144],[80.2446,28.9094],[80.2388,28.9144]]]}},{"type":"Feature","properties":{"name":"Tora Khola","length_km":51,"rank":2},"geometry":{"type":"MultiLineString","coordinates":[[[83.0126,29.524],[83.0077,29.5279],[82.9996,29.5314],[82.9772,29.533],[82.9727,29.5348],[82.9679,29.5351],[82.9578,29.5394],[82.9411,29.5343],[82.9345,29.535],[82.9256,29.5331],[82.9231,29.5357],[82.9148,29.5378],[82.913,29.5371],[82.9089,29.5391],[82.9042,29.5375]],[[83.0699,29.4914],[83.059,29.4936],[83.0553,29.4995],[83.0475,29.5045],[83.0407,29.5067],[83.0392,29.5085],[83.0364,29.5092],[83.0327,29.5082],[83.0305,29.5117],[83.0282,29.5121],[83.026,29.5159],[83.0217,29.518],[83.0204,29.52],[83.0133,29.5213],[83.0126,29.524]],[[82.8338,29.4506],[82.8215,29.4561],[82.8096,29.4557],[82.8064,29.4588],[82.8026,29.459],[82.7979,29.4628],[82.7948,29.4636],[82.7919,29.4698],[82.7933,29.4752],[82.7898,29.4826],[82.7898,29.492],[82.792,29.4929],[82.7906,29.4943],[82.7911,29.4957],[82.7857,29.496],[82.782,29.4999],[82.7713,29.5046],[82.7704,29.51],[82.7607,29.5184],[82.7542,29.5205],[82.7514,29.5276],[82.7471,29.533],[82.7342,29.5386],[82.7304,29.5432],[82.7235,29.5466],[82.7171,29.5478]],[[82.895,29.5327],[82.8807,29.5149],[82.8782,29.5074],[82.8787,29.5049],[82.8753,29.4991],[82.8769,29.4935],[82.875,29.4906],[82.8758,29.4883],[82.8747,29.4846],[82.8719,29.4812],[82.8695,29.475],[82.8648,29.4717],[82.8665,29.4657],[82.8522,29.4657],[82.8462,29.4622],[82.8427,29.4577],[82.8379,29.4541],[82.8363,29.451],[82.8338,29.4506]]]}},{"type":"Feature","properties":{"name":"Man Khola","length_km":53,"rank":2},"geometry":{"type":"MultiLineString","coordinates":[[[81.6301,28.2599],[81.6229,28.2549],[81.6207,28.2495],[81.6126,28.2487],[81.6095,28.2422],[81.6088,28.2362],[81.5925,28.2353],[81.5872,28.2383],[81.5853,28.2374],[81.5818,28.2285],[81.5756,28.2274],[81.5781,28.2229],[81.5748,28.222],[81.5735,28.2188],[81.5682,28.2141],[81.5611,28.2134],[81.5595,28.2107],[81.5591,28.2056],[81.5522,28.2017],[81.5478,28.2042],[81.5445,28.2028],[81.5404,28.2034],[81.5338,28.1976],[81.5274,28.1957],[81.5267,28.193],[81.5309,28.1855],[81.5266,28.1804],[81.5182,28.1772],[81.5185,28.1755],[81.523,28.1739],[81.5183,28.1713],[81.5225,28.1675],[81.5198,28.1641],[81.5153,28.1615],[81.5168,28.1591],[81.5231,28.1596],[81.5234,28.1574],[81.5222,28.1562],[81.5137,28.155],[81.5129,28.1488],[81.5073,28.1478],[81.5038,28.1497],[81.5016,28.1463],[81.4994,28.1465],[81.4987,28.145],[81.5055,28.1285],[81.5044,28.127],[81.4998,28.1277],[81.4987,28.1266],[81.507,28.1225],[81.5038,28.12],[81.5,28.1203],[81.4996,28.1169],[81.5036,28.1141],[81.5095,28.1123],[81.5102,28.1107],[81.5094,28.1051],[81.5033,28.1043],[81.5034,28.1017],[81.5126,28.0934],[81.5132,28.0906],[81.5233,28.0865],[81.5254,28.0829],[81.5199,28.0814],[81.5179,28.0762],[81.5076,28.0726],[81.5012,28.0739],[81.502,28.0715],[81.5071,28.0694],[81.5076,28.0678],[81.5065,28.0664],[81.4997,28.0652],[81.4975,28.0683],[81.4958,28.0686],[81.4943,28.0663],[81.4983,28.0637],[81.4983,28.0624],[81.4936,28.0596],[81.488,28.0613],[81.4897,28.0564],[81.487,28.051],[81.4892,28.0473],[81.494,28.0436],[81.4928,28.0388],[81.4903,28.0377],[81.4811,28.0415],[81.4798,28.0403],[81.4791,28.035],[81.4754,28.0336],[81.4719,28.0342],[81.4679,28.0373],[81.4609,28.0288],[81.4576,28.0275]]]}},{"type":"Feature","properties":{"name":"Marin Khola","length_km":53,"rank":2},"geometry":{"type":"MultiLineString","coordinates":[[[85.6659,27.2719],[85.6633,27.2743],[85.6516,27.2746],[85.6454,27.2766],[85.639,27.2749],[85.6329,27.276],[85.6252,27.2747],[85.6205,27.2703],[85.6126,27.2694],[85.6088,27.2662],[85.5991,27.2685],[85.5936,27.2721],[85.5879,27.2703],[85.583,27.2659],[85.5746,27.2644],[85.5703,27.2651],[85.5661,27.2629],[85.5631,27.2633],[85.5604,27.266],[85.5559,27.2662],[85.5486,27.2625],[85.5431,27.2617],[85.5406,27.2571],[85.5418,27.2476],[85.5356,27.244],[85.5334,27.2385],[85.5216,27.2427],[85.512,27.2353],[85.5107,27.2279],[85.5074,27.2241],[85.5065,27.2197],[85.5041,27.2167]],[[85.7933,27.2511],[85.7918,27.2524],[85.7879,27.2526]],[[85.8013,27.2518],[85.7952,27.2507]],[[85.7952,27.2507],[85.7933,27.2511]],[[85.8645,27.2829],[85.8669,27.2854],[85.8727,27.2831],[85.8758,27.2805],[85.8744,27.2783],[85.8713,27.2791],[85.8698,27.2782],[85.8766,27.2732],[85.8737,27.2719],[85.8764,27.2695],[85.8754,27.2665],[85.8717,27.2698],[85.869,27.2671],[85.869,27.2654],[85.8739,27.2614],[85.8754,27.2584],[85.8703,27.2526],[85.8643,27.2522],[85.859,27.2558],[85.8506,27.2529],[85.8458,27.2527],[85.8423,27.2553],[85.8351,27.2523],[85.8286,27.2516],[85.8224,27.2521],[85.8201,27.2547],[85.8155,27.2553],[85.805,27.2541],[85.8013,27.2518]],[[85.7879,27.2526],[85.7847,27.2532],[85.7817,27.2509],[85.7773,27.2504],[85.7687,27.256],[85.7575,27.2523],[85.7512,27.2536],[85.7453,27.2512],[85.7437,27.2492],[85.7353,27.2503],[85.7335,27.2492],[85.727,27.2511],[85.7251,27.2503],[85.7211,27.2562],[85.7167,27.2575],[85.7156,27.2605],[85.7125,27.2611],[85.7073,27.2666],[85.7046,27.2677],[85.698,27.2685],[85.6946,27.2707],[85.6834,27.2684],[85.6785,27.2699],[85.6726,27.2688],[85.6659,27.2719]]]}},{"type":"Feature","properties":{"name":"Jhim Nadi","length_km":54,"rank":2},"geometry":{"type":"MultiLineString","coordinates":[[[85.7527,27.1433],[85.7507,27.1411],[85.7503,27.1375],[85.7426,27.1373],[85.7443,27.1312],[85.7432,27.1288],[85.7453,27.1287],[85.7475,27.1311],[85.7469,27.1277],[85.7507,27.1251],[85.747,27.1238],[85.7465,27.1185],[85.7437,27.1194],[85.7451,27.1163],[85.7402,27.1151],[85.7415,27.1132],[85.741,27.1115],[85.7431,27.1093],[85.7404,27.1095],[85.7402,27.1082],[85.7359,27.1063],[85.7373,27.1047],[85.7357,27.1042],[85.7371,27.1008],[85.7361,27.0998]],[[85.5772,26.8663],[85.579,26.8639],[85.5811,26.8654],[85.5843,26.863],[85.5816,26.8585],[85.5849,26.8565],[85.5871,26.8528],[85.5869,26.8506],[85.5901,26.8479]],[[85.7609,27.1492],[85.7527,27.1433]],[[85.7361,27.0998],[85.733,27.0993],[85.7304,27.0971],[85.7294,27.0998],[85.7266,27.0988],[85.724,27.1005],[85.72,27.0974],[85.7238,27.0951],[85.7237,27.0938],[85.7148,27.0892],[85.7099,27.0822],[85.6949,27.0684],[85.6864,27.063],[85.6791,27.0624],[85.6717,27.058],[85.6679,27.0581]],[[85.6254,27.0189],[85.6235,27.0157],[85.616,27.0162],[85.6114,27.0149],[85.6051,27.0074],[85.5994,27.004],[85.5987,27.0],[85.5923,26.9938],[85.5933,26.9901],[85.5898,26.985],[85.5896,26.9804],[85.5846,26.9751],[85.585,26.9723],[85.5812,26.97],[85.576,26.9714],[85.575,26.9706]],[[85.575,26.9706],[85.5741,26.9651],[85.5692,26.9645],[85.5638,26.9612],[85.5624,26.9576],[85.5634,26.9546],[85.559,26.9463],[85.5619,26.9441],[85.5619,26.9397],[85.5658,26.9361],[85.5633,26.9295],[85.5711,26.9241],[85.5661,26.92],[85.562,26.9127],[85.5642,26.9074],[85.5643,26.9035],[85.57,26.9049],[85.5704,26.9007],[85.5762,26.896],[85.5746,26.884],[85.5762,26.8812],[85.5762,26.8755],[85.578,26.8739],[85.5768,26.872],[85.5772,26.8663]],[[85.6679,27.0581],[85.6642,27.0567],[85.6614,27.0522],[85.654,27.0484],[85.6523,27.0452],[85.6502,27.0456],[85.6444,27.0423],[85.6396,27.0414],[85.6374,27.0345],[85.634,27.0317],[85.6332,27.0286],[85.6287,27.0269],[85.63,27.0241],[85.6285,27.0234]]]}},{"type":"Feature","properties":{"name":"Sarda Khola","length_km":55,"rank":2,"name_ne":"सारदा खोला"},"geometry":{"type":"MultiLineString","coordinates":[[[81.9141,28.2902],[81.9117,28.2856],[81.9117,28.2819],[81.9188,28.2841],[81.9227,28.2821],[81.9235,28.2795],[81.9132,28.266],[81.9086,28.2658],[81.9045,28.263]],[[82.1499,28.2791],[82.1465,28.2714],[82.1425,28.2747],[82.1387,28.275],[82.1369,28.2783],[82.1323,28.2794],[82.1306,28.2815],[82.1242,28.2793],[82.1219,28.275],[82.1179,28.2728],[82.111,28.2768],[82.1072,28.2811],[82.0994,28.2769],[82.0959,28.2777],[82.0914,28.2821],[82.0876,28.2783],[82.0873,28.2749],[82.0761,28.2694],[82.0723,28.2698],[82.0671,28.268],[82.062,28.272],[82.0608,28.2752],[82.054,28.2824],[82.0448,28.2835],[82.0431,28.2895],[82.0403,28.2933],[82.029,28.2935],[82.0274,28.2949],[82.0258,28.3013],[82.0209,28.3042],[82.0157,28.3037],[82.0123,28.3067],[82.0043,28.3048],[82.0013,28.3089],[81.9949,28.3101],[81.9913,28.3128],[81.9908,28.3143],[81.9941,28.3169],[81.9915,28.3209],[81.9855,28.3228],[81.9718,28.3239],[81.9687,28.3232],[81.9665,28.3199],[81.9592,28.3182],[81.9571,28.315],[81.9505,28.3109],[81.9509,28.3086],[81.9417,28.3081],[81.9362,28.3052],[81.9289,28.3057],[81.9268,28.3042],[81.9234,28.3044],[81.9201,28.3017],[81.9221,28.2991],[81.9167,28.2956],[81.9141,28.2902]],[[82.2422,28.308],[82.2483,28.3039],[82.2527,28.303],[82.2569,28.2945],[82.252,28.2931],[82.2487,28.2895],[82.2445,28.2893],[82.2409,28.2859],[82.237,28.2853],[82.2343,28.2874],[82.2315,28.2854],[82.2289,28.2875],[82.2254,28.2872],[82.2228,28.2887],[82.2147,28.2899],[82.2115,28.2884],[82.2082,28.2888],[82.206,28.2865],[82.2009,28.289],[82.1979,28.2884],[82.1934,28.2895]],[[82.1862,28.2821],[82.1786,28.2795],[82.177,28.2837],[82.1752,28.2846],[82.1736,28.2797],[82.1711,28.2787],[82.165,28.2839],[82.1597,28.282],[82.1564,28.2768],[82.1528,28.2791],[82.1499,28.2791]],[[82.1934,28.2895],[82.1864,28.2878],[82.1875,28.2847],[82.1862,28.2821]]]}},{"type":"Feature","properties":{"name":"Roshi Khola","length_km":56,"rank":2},"geometry":{"type":"MultiLineString","coordinates":[[[85.5193,27.5852],[85.5219,27.5848]],[[85.5151,27.5832],[85.5193,27.5852]],[[85.5098,27.5808],[85.5121,27.5815]],[[85.5067,27.5788],[85.5098,27.5808]],[[85.5053,27.5773],[85.5067,27.5788]],[[85.4952,27.5719],[85.5053,27.5773]],[[85.5219,27.5848],[85.5246,27.5844],[85.5275,27.5817],[85.5277,27.5796],[85.5307,27.5786],[85.5317,27.573],[85.5364,27.5732],[85.5356,27.5708],[85.5392,27.5715],[85.5403,27.5706],[85.5388,27.5697],[85.5399,27.5655],[85.5382,27.5615]],[[85.5579,27.5606],[85.5589,27.5589],[85.5572,27.5591],[85.5564,27.5559],[85.5592,27.5537],[85.5591,27.5508],[85.5557,27.5471],[85.5581,27.5464],[85.5597,27.5443],[85.5606,27.5456],[85.5658,27.5429],[85.5689,27.5376],[85.5758,27.5395],[85.5772,27.5352],[85.5805,27.5391],[85.582,27.5353],[85.584,27.5344],[85.5844,27.5312],[85.59,27.5305],[85.5913,27.5275],[85.5953,27.5249],[85.5959,27.5223],[85.6001,27.5191],[85.6023,27.5137],[85.6072,27.5139],[85.6085,27.5111],[85.6117,27.5095],[85.6137,27.5094],[85.6176,27.512],[85.6186,27.5149],[85.6259,27.5159],[85.6279,27.5147],[85.6276,27.513],[85.6294,27.5115],[85.6321,27.5116],[85.6344,27.5144],[85.642,27.5145],[85.6416,27.5122],[85.646,27.513],[85.6482,27.5118],[85.6545,27.5145],[85.6593,27.5109],[85.6625,27.5119],[85.669,27.5108],[85.6712,27.5156],[85.6733,27.5135],[85.6763,27.513],[85.681,27.5164],[85.6823,27.5231],[85.695,27.5228],[85.6976,27.5208],[85.7002,27.5147],[85.7022,27.5159],[85.7101,27.5156],[85.7126,27.5144],[85.7132,27.5126],[85.7115,27.509],[85.7166,27.5024],[85.7151,27.5008],[85.7151,27.4987],[85.7193,27.4951],[85.7234,27.4985],[85.7274,27.4952],[85.7305,27.4951],[85.7308,27.4929],[85.7357,27.4897],[85.7351,27.4872],[85.737,27.4796],[85.7401,27.4803],[85.7429,27.479],[85.7471,27.4739],[85.7549,27.47],[85.7584,27.4661],[85.7582,27.4603],[85.7643,27.4596],[85.764,27.4557],[85.7661,27.4539],[85.7735,27.4519],[85.7757,27.4492],[85.7784,27.4513],[85.7823,27.4513],[85.7843,27.4433],[85.7918,27.4431],[85.7932,27.4411],[85.7999,27.4382],[85.8028,27.4391],[85.8047,27.4414],[85.8085,27.442],[85.8093,27.4459],[85.8148,27.4458],[85.8153,27.4484],[85.8169,27.4496]],[[85.5382,27.5615],[85.5379,27.5591],[85.5453,27.5582],[85.5493,27.5632],[85.5516,27.5627],[85.5565,27.5642],[85.5588,27.5626],[85.5579,27.5606]],[[85.5121,27.5815],[85.5151,27.5832]],[[85.8169,27.4496],[85.8199,27.4517]],[[85.4922,27.5734],[85.4939,27.5714],[85.4952,27.5719]]]}},{"type":"Feature","properties":{"name":"Bighi Nadi","length_km":56,"rank":2},"geometry":{"type":"MultiLineString","coordinates":[[[85.8814,26.7786],[85.8835,26.776],[85.8801,26.771],[85.8794,26.7639],[85.8757,26.7651],[85.8747,26.7679],[85.8719,26.769],[85.8711,26.7671],[85.8677,26.7654],[85.8674,26.7608],[85.8647,26.7609],[85.8638,26.7624],[85.8625,26.7617],[85.8582,26.7536],[85.8555,26.7531]],[[85.8526,26.7435],[85.8527,26.7412],[85.8503,26.7411],[85.8504,26.737],[85.8472,26.7316],[85.8473,26.7276],[85.8442,26.7255],[85.844,26.7232],[85.8455,26.723],[85.844,26.7215],[85.8451,26.712],[85.8481,26.7136],[85.8515,26.7089],[85.8547,26.7081],[85.8553,26.7063],[85.8519,26.7037],[85.8484,26.7036],[85.8466,26.702],[85.8512,26.7011],[85.8523,26.6994],[85.8475,26.6981],[85.8478,26.6956],[85.8494,26.695],[85.8475,26.6918],[85.8484,26.688],[85.8464,26.6865],[85.8479,26.6841],[85.8454,26.6813],[85.8433,26.6729],[85.8422,26.6726],[85.8397,26.6667],[85.8395,26.6642],[85.8414,26.664]],[[85.8944,26.7908],[85.8914,26.7894],[85.8892,26.7914],[85.8852,26.7901],[85.8844,26.7865],[85.8815,26.7852],[85.881,26.7828],[85.8785,26.782],[85.8814,26.7786]],[[85.9148,26.8303],[85.916,26.8246],[85.9144,26.821],[85.9171,26.8187],[85.917,26.8168],[85.9161,26.8154],[85.9117,26.8138],[85.9109,26.8102],[85.9132,26.8089],[85.9127,26.8066],[85.9112,26.8057],[85.9076,26.8066]],[[85.9421,26.8543],[85.9398,26.8533],[85.9387,26.851],[85.9388,26.8435],[85.9304,26.8415],[85.9291,26.8393],[85.93,26.8371],[85.9271,26.8356],[85.9253,26.8327],[85.924,26.8324],[85.9215,26.8346],[85.916,26.8328],[85.9153,26.831]],[[85.8555,26.7531],[85.8519,26.7523],[85.8536,26.7488],[85.8511,26.7457],[85.8526,26.7435]],[[85.9149,26.8304],[85.9148,26.8303]],[[85.9153,26.831],[85.9149,26.8304]],[[85.8517,26.6134],[85.8511,26.6099],[85.8544,26.6092],[85.8532,26.6058],[85.854,26.6046],[85.8507,26.6018],[85.8518,26.6008],[85.8565,26.6028],[85.854,26.5994],[85.8544,26.5971],[85.8567,26.5945],[85.854,26.593],[85.8558,26.5915],[85.8552,26.5901],[85.8573,26.5864],[85.8536,26.5856],[85.8548,26.5819],[85.8486,26.5752],[85.8504,26.5713],[85.8472,26.5696]],[[85.8414,26.664],[85.8418,26.6625],[85.8396,26.6627],[85.8391,26.6606],[85.8405,26.6603],[85.8394,26.6583],[85.8415,26.6578],[85.8418,26.6564],[85.8407,26.6542],[85.8394,26.6558],[85.838,26.6541]],[[85.838,26.6541],[85.837,26.651],[85.8399,26.6489],[85.8391,26.6464],[85.8372,26.6466],[85.8364,26.6452],[85.8378,26.6445],[85.8386,26.6397],[85.8405,26.6415],[85.8421,26.6379],[85.8441,26.6378],[85.8446,26.64],[85.8464,26.6372]],[[85.9437,26.8636],[85.9421,26.8647],[85.9412,26.8625],[85.9425,26.8606],[85.9415,26.8585],[85.9437,26.8558]],[[85.9425,26.8571],[85.9421,26.8543]],[[85.9437,26.8558],[85.9421,26.8543]],[[85.8463,26.6228],[85.8457,26.6216],[85.8491,26.6211],[85.8478,26.6199],[85.848,26.6173],[85.8522,26.6173],[85.8517,26.6134]],[[85.8429,26.6291],[85.8459,26.628]],[[85.8459,26.628],[85.8463,26.6228]],[[85.9076,26.8066],[85.9035,26.8039],[85.9005,26.7968],[85.8946,26.7931],[85.8944,26.7908]],[[85.8464,26.6372],[85.8446,26.6337],[85.8429,26.6351],[85.8419,26.6345],[85.8434,26.6322],[85.8416,26.6312],[85.8429,26.6291]]]}},{"type":"Feature","properties":{"name":"Reu","length_km":56,"rank":2},"geometry":{"type":"MultiLineString","coordinates":[[[84.5034,27.4048],[84.5005,27.4049],[84.4947,27.408],[84.4876,27.4138],[84.4801,27.4133],[84.4695,27.4147],[84.4646,27.4106],[84.4586,27.4111],[84.4579,27.4135],[84.4544,27.4153],[84.4524,27.4225],[84.4498,27.4268],[84.4439,27.4279],[84.4424,27.4322],[84.4393,27.4353],[84.4369,27.4352],[84.4326,27.4376],[84.432,27.4392],[84.4262,27.441],[84.4217,27.4393],[84.4185,27.441],[84.4153,27.4401],[84.4126,27.442],[84.4037,27.443],[84.3917,27.4472],[84.388,27.4499],[84.3811,27.4505],[84.3723,27.4607],[84.3672,27.4629],[84.3613,27.4626],[84.3569,27.4642],[84.3558,27.4672],[84.3517,27.4677],[84.3442,27.4725],[84.3366,27.4693],[84.3353,27.4677],[84.3328,27.4681],[84.3294,27.4728],[84.3303,27.4781],[84.328,27.4832],[84.3254,27.4796],[84.322,27.4781],[84.3199,27.4812],[84.3225,27.4834],[84.3212,27.4856],[84.3039,27.4871],[84.2992,27.4862],[84.2942,27.4886],[84.2906,27.4871],[84.2894,27.4884],[84.2907,27.4914],[84.2878,27.4944]],[[84.3569,27.4642],[84.35,27.4661],[84.3479,27.4652],[84.3444,27.466],[84.34,27.4705]],[[84.328,27.4832],[84.3225,27.4834]],[[84.4428,27.4292],[84.4418,27.4315],[84.4381,27.432]],[[84.2878,27.4944],[84.2834,27.4953],[84.285,27.5039],[84.2841,27.5052],[84.2804,27.5055],[84.2691,27.5028],[84.265,27.5041],[84.263,27.5071],[84.2646,27.5122]],[[84.2007,27.5189],[84.2027,27.5217],[84.2042,27.5216],[84.2045,27.5239],[84.207,27.5232],[84.2146,27.5281],[84.2147,27.5298],[84.2099,27.5326],[84.2082,27.5362],[84.2094,27.5384],[84.214,27.5385],[84.2147,27.5401],[84.2014,27.5435],[84.1961,27.5403],[84.1932,27.5419],[84.1905,27.5468],[84.1843,27.551],[84.1771,27.5487],[84.1736,27.5491],[84.1728,27.5543]],[[84.2736,27.5042],[84.2717,27.5043],[84.2717,27.5074],[84.2681,27.5103],[84.2674,27.5127],[84.2541,27.5173],[84.2493,27.5228],[84.2445,27.5239],[84.2428,27.5232],[84.2379,27.53],[84.234,27.5314],[84.2307,27.535],[84.2218,27.5397],[84.2166,27.538],[84.2142,27.5318],[84.2128,27.531]]]}},{"type":"Feature","properties":{"name":"Kuwari Khola","length_km":56,"rank":2},"geometry":{"type":"MultiLineString","coordinates":[[[81.5815,29.8973],[81.5912,29.8959],[81.5993,29.8979],[81.6068,29.8959],[81.6226,29.8954],[81.6293,29.8925],[81.636,29.8918],[81.6413,29.8894],[81.6428,29.8874],[81.6509,29.8843],[81.6524,29.8816],[81.6553,29.8814],[81.6599,29.8766],[81.6622,29.8774],[81.6678,29.8727],[81.6765,29.873],[81.68,29.8698],[81.6838,29.8686],[81.6858,29.8658],[81.6993,29.8604],[81.701,29.8608],[81.7082,29.8558],[81.7324,29.8505],[81.7351,29.8516],[81.7429,29.8487],[81.7456,29.8492],[81.7518,29.8451],[81.7543,29.8399],[81.7524,29.8369],[81.7536,29.8337],[81.7527,29.8243],[81.7506,29.8186],[81.7441,29.8128],[81.7378,29.8013],[81.7384,29.7973],[81.7403,29.7948],[81.7392,29.7925],[81.7404,29.7897],[81.7372,29.7848],[81.7374,29.7802],[81.7357,29.7756],[81.7312,29.7712],[81.7299,29.768]],[[81.7126,29.7176],[81.7128,29.7139],[81.71,29.71],[81.7107,29.7076],[81.709,29.7048],[81.7083,29.6985],[81.7043,29.694],[81.7032,29.6883],[81.6972,29.6797],[81.699,29.6709],[81.6991,29.6618],[81.7027,29.6544],[81.7016,29.6496],[81.7001,29.6482],[81.7035,29.6454],[81.6994,29.6425],[81.7026,29.6421],[81.7038,29.6399],[81.7027,29.6376],[81.7093,29.6329],[81.71,29.6268],[81.7135,29.6251],[81.7156,29.621],[81.7202,29.6213],[81.7208,29.6163],[81.7291,29.6138],[81.7358,29.6067],[81.7504,29.6049],[81.769,29.607],[81.7743,29.6057]],[[81.7299,29.768],[81.7327,29.7592],[81.7267,29.7477],[81.7266,29.7431],[81.7283,29.742],[81.7259,29.7372],[81.7272,29.7354],[81.7268,29.7336],[81.7232,29.7297],[81.7199,29.7293],[81.7144,29.7239],[81.7126,29.7176]]]}},{"type":"Feature","properties":{"name":"Kalanga Gad","length_km":57,"rank":2},"geometry":{"type":"MultiLineString","coordinates":[[[81.0739,29.7658],[81.0759,29.7601],[81.0728,29.7515],[81.0526,29.7362],[81.0501,29.7312],[81.047,29.7295],[81.0452,29.725],[81.0332,29.7198],[81.0311,29.7208],[81.0235,29.7201],[81.0242,29.7185],[81.0225,29.7137],[81.0185,29.7118],[81.0199,29.707],[81.0171,29.7051],[81.0179,29.7028],[81.0156,29.7016],[81.0148,29.6971],[81.0124,29.695],[81.0087,29.6878],[81.0069,29.6879],[81.0062,29.6843],[81.0029,29.6804],[81.0005,29.6797],[80.9999,29.6731],[81.0019,29.6707],[80.9992,29.6716],[80.9981,29.6695],[80.9951,29.6719],[80.9917,29.6692],[80.9906,29.6644],[80.9775,29.6503],[80.9757,29.6497],[80.9726,29.6444],[80.9684,29.643],[80.9622,29.6372],[80.9574,29.6369],[80.9538,29.6343],[80.9496,29.6377],[80.9468,29.6341],[80.9369,29.6316],[80.9373,29.6281],[80.9347,29.6222],[80.9369,29.6164],[80.9301,29.6109],[80.9238,29.6151],[80.9138,29.6124],[80.911,29.6105],[80.9091,29.6112],[80.9044,29.606],[80.9048,29.5981],[80.8952,29.594],[80.8834,29.5967],[80.8776,29.5967],[80.871,29.5936],[80.8671,29.5947],[80.8608,29.5905],[80.8578,29.5854],[80.8581,29.5819],[80.863,29.5692],[80.861,29.557],[80.8618,29.5543],[80.8589,29.5493],[80.8596,29.5423],[80.8698,29.5413],[80.8711,29.54],[80.8708,29.5367],[80.873,29.5358],[80.8756,29.5322],[80.8784,29.531],[80.8796,29.5278],[80.8782,29.5186],[80.8791,29.516],[80.8766,29.5105],[80.8779,29.5088],[80.8855,29.5067],[80.8862,29.5037],[80.8909,29.5005],[80.8933,29.4959],[80.8959,29.4942],[80.8965,29.4861],[80.8982,29.4838],[80.895,29.4736],[80.8957,29.4665],[80.9046,29.4519],[80.9084,29.4504],[80.9109,29.4448]]]}},{"type":"Feature","properties":{"name":"Kada Khola","length_km":58,"rank":2},"geometry":{"type":"MultiLineString","coordinates":[[[81.0784,28.7803],[81.0769,28.7746],[81.0774,28.769],[81.0747,28.7658],[81.0754,28.7639],[81.0729,28.757],[81.0766,28.749],[81.0756,28.7276],[81.0712,28.7203],[81.0684,28.7195],[81.0637,28.7149],[81.0603,28.7146],[81.0528,28.7046],[81.0536,28.703],[81.0518,28.6988],[81.0531,28.6949]],[[81.034,28.6777],[81.032,28.6752],[81.0336,28.6707],[81.0264,28.6725],[81.0219,28.6658],[81.0251,28.6593],[81.0217,28.6572],[81.0239,28.6516],[81.0194,28.6542],[81.0176,28.6525],[81.0196,28.6496],[81.0207,28.6409],[81.019,28.6401],[81.0172,28.6435],[81.0157,28.6438],[81.0125,28.6419],[81.0116,28.6398],[81.0057,28.6377],[81.0043,28.6343],[81.0021,28.6334],[81.0018,28.6308],[80.9949,28.6259],[80.9936,28.6215],[80.9916,28.6218],[80.9922,28.624],[80.9904,28.6235],[80.991,28.6204],[80.99,28.619],[80.9916,28.6136],[80.9902,28.6126],[80.9891,28.6139],[80.9877,28.611],[80.9891,28.6088],[80.9891,28.6026]],[[80.9884,28.5479],[80.9876,28.544],[80.9908,28.5409],[80.9868,28.5384],[80.9878,28.5266],[80.9845,28.5224],[80.987,28.5215],[80.9882,28.518],[80.9867,28.517],[80.9839,28.5192],[80.9833,28.5163],[80.9859,28.5134],[80.9891,28.514],[80.9906,28.5129],[80.9913,28.509],[80.9954,28.5077],[80.9944,28.506],[80.9964,28.5028],[80.9997,28.5046],[80.9997,28.5022],[81.0019,28.5017],[81.0005,28.4997],[81.0017,28.4981],[81.0014,28.4954],[81.003,28.4946],[81.0032,28.4928],[81.0056,28.493],[81.0057,28.4919],[81.0034,28.4908],[81.0058,28.4893],[81.0049,28.4853],[81.0063,28.4814],[81.0086,28.4794],[81.0031,28.4754],[81.0027,28.4709],[81.005,28.4701],[81.0063,28.4668],[81.0089,28.467],[81.009,28.4654],[81.0126,28.4638],[81.0177,28.457]],[[80.9891,28.6026],[80.989,28.5977],[80.992,28.5941],[80.99,28.5923],[80.9943,28.5878],[80.996,28.5884],[80.995,28.5909]],[[81.0531,28.6949],[81.053,28.6927],[81.0543,28.6903],[81.0566,28.6896],[81.0576,28.6853],[81.0544,28.685],[81.0547,28.6828],[81.0535,28.6826],[81.0501,28.6856],[81.0472,28.6823],[81.049,28.6798],[81.0457,28.6782],[81.0451,28.6767],[81.038,28.6783],[81.034,28.6777]],[[80.995,28.5909],[80.996,28.5915],[80.9975,28.5903],[80.9986,28.5823],[81.0017,28.5792],[80.9979,28.5781],[80.9998,28.5757],[80.9982,28.574],[81.0005,28.5714],[80.9988,28.5698],[80.9967,28.5602],[81.0022,28.5557],[81.0009,28.5547],[80.996,28.5552],[80.9952,28.5486],[80.9933,28.5465],[80.9884,28.5479]]]}},{"type":"Feature","properties":{"name":"Indrawati River","length_km":59,"rank":2},"geometry":{"type":"MultiLineString","coordinates":[[[85.6428,27.9808],[85.6375,27.9773],[85.6367,27.9732],[85.6338,27.9705],[85.6349,27.9673],[85.6336,27.9661],[85.6342,27.9636],[85.6352,27.9618],[85.6373,27.9615],[85.6371,27.957],[85.6388,27.952],[85.6403,27.9514],[85.6364,27.9341],[85.6374,27.9297],[85.6326,27.9207],[85.6308,27.9196],[85.6302,27.9166],[85.6243,27.9115],[85.6247,27.9099],[85.6217,27.9042],[85.6212,27.8994],[85.6189,27.898],[85.6181,27.8956],[85.6179,27.8902],[85.6145,27.8873],[85.6135,27.8827],[85.6118,27.8824],[85.6054,27.8746]],[[85.5758,27.8227],[85.5765,27.8203],[85.5748,27.8182],[85.5742,27.814],[85.5763,27.8092],[85.5754,27.8057]],[[85.5772,27.8333],[85.5782,27.8297],[85.5749,27.8264],[85.5758,27.8227]],[[85.5754,27.8057],[85.5749,27.7946],[85.5759,27.7912],[85.5722,27.7836],[85.5788,27.7762],[85.5826,27.7756],[85.5888,27.7646],[85.596,27.7605],[85.5998,27.7531],[85.6072,27.7467],[85.6087,27.7412],[85.612,27.7372],[85.6121,27.7347],[85.6143,27.7316],[85.6278,27.7236],[85.6318,27.7231],[85.642,27.7181],[85.6521,27.7216],[85.6577,27.718],[85.6573,27.7155],[85.6613,27.7107],[85.6682,27.7096],[85.6725,27.7041],[85.6796,27.6998],[85.68,27.6946],[85.682,27.6914],[85.6803,27.6891],[85.6807,27.6855],[85.6835,27.6846],[85.6861,27.6857],[85.6875,27.6844],[85.6883,27.6825],[85.6864,27.6793],[85.6942,27.6709],[85.6932,27.6654],[85.6947,27.6624],[85.699,27.6597],[85.7013,27.6551],[85.7062,27.6536],[85.7053,27.6502],[85.706,27.639],[85.7093,27.6357]],[[85.679,28.0081],[85.6783,28.0045],[85.6755,28.004],[85.6762,28.0011],[85.6684,27.9995],[85.6686,27.9975],[85.6672,27.9972],[85.6685,27.9947],[85.6677,27.9935],[85.6638,27.9936],[85.6633,27.9956],[85.6609,27.9949],[85.6583,27.9971],[85.6568,27.9937],[85.658,27.9912],[85.6565,27.9909],[85.6551,27.9865],[85.6502,27.9846],[85.6489,27.9819],[85.6428,27.9808]],[[85.6054,27.8746],[85.6008,27.8718],[85.5988,27.8663],[85.5962,27.8661],[85.5899,27.8599],[85.5899,27.8558],[85.5823,27.8472],[85.5829,27.8452],[85.581,27.8406],[85.5772,27.8371],[85.5772,27.8333]],[[85.6495,27.7211],[85.6529,27.721]]]}},{"type":"Feature","properties":{"name":"Bharbun Khola","length_km":59,"rank":2},"geometry":{"type":"MultiLineString","coordinates":[[[83.3468,29.0208],[83.3426,29.0071],[83.3457,28.9976],[83.3496,28.9937],[83.3486,28.9859],[83.3446,28.9833],[83.3467,28.9787],[83.3473,28.969],[83.3522,28.9598],[83.3589,28.9538],[83.3606,28.9492],[83.3627,28.9486],[83.3641,28.9466],[83.3673,28.9463],[83.3747,28.9366],[83.3754,28.9348],[83.3745,28.9332],[83.3757,28.9318],[83.3749,28.9306],[83.3803,28.9247],[83.3785,28.9142],[83.3795,28.9078],[83.3752,28.9036],[83.3694,28.8937],[83.3666,28.8804],[83.3628,28.8741],[83.3604,28.8739],[83.3547,28.8694],[83.3499,28.8688],[83.3468,28.8655],[83.3325,28.8606],[83.3252,28.8596],[83.3232,28.8606],[83.3136,28.8604],[83.3064,28.8591],[83.2847,28.8633],[83.2784,28.8637],[83.2758,28.8623],[83.2698,28.8654],[83.2654,28.8656],[83.261,28.8682],[83.2593,28.8679],[83.2578,28.8705],[83.255,28.87],[83.2481,28.8741],[83.2423,28.8736],[83.2366,28.8752],[83.2349,28.8744],[83.2284,28.8765],[83.2186,28.8754],[83.2175,28.8766],[83.2145,28.8767],[83.2083,28.8825],[83.1947,28.8847],[83.1888,28.8898],[83.1858,28.8972],[83.1785,28.8981],[83.1756,28.9012],[83.1737,28.9006],[83.1712,28.8957],[83.1725,28.8938]],[[83.1725,28.8938],[83.1705,28.89],[83.1711,28.8879],[83.1648,28.8847],[83.1627,28.882],[83.1579,28.8804],[83.1547,28.8749],[83.1523,28.8737],[83.1461,28.8761],[83.1365,28.8749],[83.1326,28.8782],[83.129,28.8791],[83.118,28.878],[83.112,28.8816],[83.1054,28.8836],[83.1008,28.8873],[83.0961,28.8876],[83.0914,28.8909],[83.0765,28.891],[83.0695,28.8954],[83.0595,28.8994],[83.052,28.8982],[83.0449,28.8989],[83.0431,28.8973],[83.0363,28.896]]]}},{"type":"Feature","properties":{"name":"kankai mai","length_km":59,"rank":2},"geometry":{"type":"MultiLineString","coordinates":[[[87.8751,26.6907],[87.8835,26.6772],[87.8832,26.6717],[87.8786,26.6637],[87.8771,26.6559],[87.8726,26.654],[87.8703,26.6506],[87.8659,26.649],[87.8621,26.638]],[[87.7677,26.9144],[87.7694,26.9094],[87.7688,26.907],[87.7713,26.9049],[87.771,26.9],[87.7766,26.8989],[87.7823,26.8916],[87.7819,26.8861],[87.7795,26.8833],[87.7825,26.88],[87.7786,26.8776],[87.7792,26.8751],[87.778,26.8746],[87.7815,26.8714],[87.7781,26.8704],[87.7797,26.8675],[87.7774,26.8664],[87.7771,26.8643],[87.7751,26.8646],[87.7743,26.8607],[87.7717,26.8612],[87.773,26.8589],[87.7719,26.8576],[87.7746,26.8562],[87.7751,26.8542],[87.772,26.8522],[87.7715,26.8502],[87.769,26.8505],[87.7703,26.8488],[87.7694,26.8461],[87.7718,26.8438],[87.7713,26.8416],[87.7749,26.8423],[87.7725,26.8392],[87.7739,26.8337],[87.7764,26.8332],[87.7799,26.8289]],[[87.8124,26.7956],[87.8198,26.7806],[87.8259,26.7812],[87.8311,26.7785],[87.8366,26.7792],[87.8404,26.778],[87.8435,26.7801],[87.846,26.7776],[87.8505,26.7775],[87.8515,26.7714],[87.8548,26.7676],[87.8596,26.7652],[87.8615,26.7612],[87.8662,26.7617],[87.8663,26.7578],[87.8726,26.7568],[87.8738,26.7529],[87.8767,26.7508],[87.876,26.7462],[87.8798,26.7419],[87.8793,26.7363],[87.8817,26.7322],[87.8791,26.7302],[87.8712,26.7288],[87.8705,26.7264],[87.8732,26.7237],[87.8764,26.7232],[87.8821,26.7171],[87.8835,26.7144],[87.8802,26.7109],[87.8818,26.7093],[87.881,26.707],[87.8831,26.7057],[87.8796,26.7026],[87.8804,26.7008],[87.8842,26.7007],[87.8849,26.6996],[87.8813,26.697],[87.884,26.694],[87.8787,26.6919],[87.8778,26.6932],[87.8792,26.6954],[87.8779,26.6961],[87.8753,26.6935],[87.8751,26.6907]],[[87.7799,26.8289],[87.7796,26.8259],[87.7696,26.8236],[87.7697,26.8188],[87.7717,26.8177],[87.7746,26.8193],[87.7786,26.8193],[87.7854,26.8141],[87.79,26.8124],[87.7912,26.8103],[87.8023,26.8095],[87.8045,26.8074],[87.8065,26.8006],[87.8124,26.7956]],[[87.8655,26.6483],[87.866,26.6455],[87.8639,26.643]],[[87.8137,26.7926],[87.8133,26.7875],[87.8148,26.7856]],[[87.8663,26.7578],[87.8673,26.7561],[87.8738,26.7529]],[[87.7609,26.9481],[87.7604,26.9449]],[[87.7604,26.9449],[87.7646,26.9451],[87.7652,26.942],[87.763,26.9423],[87.7652,26.9392],[87.7583,26.9324],[87.7621,26.932],[87.7645,26.9301],[87.7642,26.919],[87.7677,26.9144]]]}},{"type":"Feature","properties":{"name":"Sharda","length_km":60,"rank":2,"name_ne":"महाकाली नदी"},"geometry":{"type":"MultiLineString","coordinates":[[[80.2616,29.2059],[80.2579,29.2096],[80.2563,29.2141],[80.2561,29.2208],[80.2495,29.2219],[80.247,29.2193],[80.2482,29.2166],[80.2474,29.2146],[80.2434,29.2127],[80.2432,29.2079],[80.2408,29.2032],[80.2434,29.1992],[80.2522,29.1951],[80.2588,29.1855],[80.2597,29.172],[80.258,29.1699],[80.2578,29.1653],[80.2644,29.1546],[80.2696,29.1498],[80.2721,29.1453],[80.273,29.1398],[80.2712,29.1382],[80.2583,29.1402],[80.2533,29.1386],[80.2509,29.1349],[80.2504,29.1266],[80.2478,29.1253],[80.2452,29.1285],[80.2429,29.1281],[80.2367,29.1181],[80.2328,29.1154],[80.2251,29.1205],[80.208,29.1227],[80.2021,29.1301],[80.1981,29.1303],[80.1859,29.137],[80.1829,29.1372],[80.1786,29.1323],[80.1791,29.1303],[80.1772,29.128],[80.1743,29.1264],[80.168,29.1267],[80.166,29.1248],[80.1668,29.1225],[80.1654,29.1168],[80.1459,29.106],[80.1419,29.1008],[80.1382,29.0987],[80.1277,29.0968],[80.1258,29.0879],[80.1208,29.0788],[80.1217,29.066],[80.1192,29.0522],[80.1142,29.0514],[80.1065,29.0468],[80.1031,29.0408],[80.104,29.0353],[80.0991,29.0307],[80.0999,29.0247],[80.1015,29.022],[80.1048,29.02],[80.1052,29.007],[80.1089,29.0021],[80.1094,28.9989],[80.1065,28.9976],[80.102,28.9845],[80.1033,28.9785],[80.0969,28.9676],[80.1001,28.9618],[80.0991,28.9604]],[[80.1122,28.9573],[80.1095,28.9553],[80.1064,28.9465],[80.1074,28.946],[80.1062,28.9425],[80.1038,28.9423],[80.1035,28.9348],[80.1063,28.9308],[80.1067,28.9246],[80.1043,28.921],[80.1071,28.9158],[80.1096,28.9141]],[[80.1026,28.9856],[80.1112,28.975],[80.114,28.9633],[80.1122,28.9573]],[[80.1102,28.9156],[80.1106,28.9095]]]}},{"type":"Feature","properties":{"name":"Surai Khola","length_km":60,"rank":2},"geometry":{"type":"MultiLineString","coordinates":[[[82.8313,27.608],[82.8348,27.6049],[82.8271,27.6009],[82.8271,27.5999],[82.8304,27.5998],[82.8309,27.5986],[82.8292,27.5901],[82.8269,27.5895],[82.8243,27.5911],[82.8223,27.5884],[82.8215,27.5717],[82.8251,27.5662],[82.8254,27.5627],[82.8177,27.5385],[82.8186,27.5346],[82.8213,27.5317],[82.8216,27.527],[82.8242,27.5265],[82.8249,27.5288],[82.8269,27.5289],[82.8272,27.5261],[82.8302,27.5227],[82.8249,27.5119],[82.8268,27.5081],[82.8227,27.5042],[82.8207,27.4936],[82.8157,27.4918],[82.8143,27.487],[82.8149,27.4857],[82.8176,27.4864],[82.8245,27.4836],[82.8272,27.4795],[82.8267,27.4778],[82.8221,27.4757],[82.8229,27.474],[82.8254,27.4729],[82.8223,27.4696],[82.824,27.4666],[82.8226,27.465],[82.8225,27.4541],[82.8207,27.45],[82.8241,27.4477],[82.8225,27.4416],[82.8248,27.4401],[82.8256,27.437],[82.8235,27.4344],[82.8179,27.4343],[82.8165,27.432],[82.8183,27.4238],[82.82,27.4241],[82.8236,27.421],[82.822,27.4201],[82.8219,27.4185],[82.8248,27.4157],[82.8258,27.4118],[82.823,27.4071],[82.8236,27.4055]],[[82.8247,27.69],[82.8262,27.6858],[82.8197,27.6784],[82.8207,27.6729],[82.816,27.6703],[82.8132,27.6651],[82.8141,27.6609],[82.813,27.657],[82.8163,27.6547],[82.8129,27.6513],[82.8169,27.6496],[82.8227,27.6427]],[[82.8594,27.7872],[82.8531,27.7868],[82.8501,27.7842],[82.8498,27.7824],[82.8478,27.7841],[82.845,27.7816],[82.8431,27.7826],[82.8429,27.781],[82.8374,27.7784],[82.8382,27.7757],[82.8352,27.7717],[82.8372,27.7697],[82.8374,27.7664],[82.8393,27.7656],[82.8378,27.7651],[82.8377,27.7622],[82.8401,27.7573],[82.843,27.7589],[82.8454,27.7578],[82.8441,27.7552],[82.8456,27.7544],[82.8431,27.7507],[82.8396,27.75],[82.8376,27.748],[82.8371,27.7418],[82.8396,27.7293],[82.8391,27.7274],[82.8374,27.7267],[82.8385,27.72],[82.8311,27.7119],[82.8272,27.7111],[82.8267,27.7084],[82.824,27.7074],[82.8183,27.7021],[82.8191,27.6984],[82.8247,27.69]],[[82.8227,27.6427],[82.8211,27.6381],[82.8217,27.6361],[82.8242,27.6359],[82.8293,27.6381],[82.8312,27.6364],[82.8314,27.6342],[82.8289,27.6317],[82.825,27.631],[82.8285,27.6187],[82.828,27.6174],[82.8253,27.617],[82.8252,27.6154],[82.8313,27.608]]]}},{"type":"Feature","properties":{"name":"Singhyahi River","length_km":61,"rank":2},"geometry":{"type":"MultiLineString","coordinates":[[[87.3118,26.5451],[87.3097,26.5436],[87.3106,26.5417],[87.3096,26.54],[87.308,26.5405],[87.306,26.539],[87.3057,26.5373],[87.3083,26.5372],[87.3064,26.5338]],[[87.3023,26.4459],[87.303,26.4425],[87.3014,26.4408],[87.3005,26.4347],[87.2986,26.4322],[87.3016,26.4272],[87.3046,26.4274],[87.3053,26.4244],[87.3041,26.4233],[87.3037,26.4254],[87.3023,26.4247],[87.3034,26.4224],[87.3013,26.4218],[87.301,26.4205],[87.3026,26.4188],[87.3008,26.4172],[87.299,26.4179],[87.2993,26.4165],[87.2962,26.4135],[87.2953,26.4101],[87.2993,26.4078],[87.3013,26.4048],[87.3055,26.4033],[87.3078,26.4],[87.3092,26.4003],[87.3151,26.3969],[87.314,26.3946],[87.3121,26.3939],[87.3178,26.3874],[87.3167,26.3857],[87.3181,26.3833],[87.3153,26.3794],[87.3122,26.3802],[87.3136,26.3767],[87.3101,26.3764],[87.3092,26.3725],[87.3111,26.3699],[87.311,26.3643],[87.3126,26.362],[87.3117,26.3586],[87.3156,26.3552],[87.3179,26.3549],[87.3181,26.3534],[87.3206,26.3535],[87.3239,26.3502],[87.3242,26.3472],[87.3274,26.3456],[87.3277,26.3422],[87.3253,26.3377],[87.3257,26.3288],[87.3283,26.328],[87.3282,26.3258],[87.3307,26.3223],[87.3388,26.3146],[87.3449,26.313],[87.3461,26.3078],[87.3482,26.3076],[87.3492,26.3062],[87.3479,26.3039],[87.351,26.3049],[87.3525,26.3028],[87.3516,26.3001],[87.3501,26.2996],[87.3511,26.2985],[87.3495,26.2975],[87.3582,26.295],[87.3582,26.2901],[87.3626,26.2896],[87.3636,26.285],[87.3649,26.2846],[87.3646,26.2867],[87.3674,26.2867],[87.3677,26.2824],[87.3753,26.2822],[87.375,26.2804],[87.3782,26.2793],[87.3786,26.2803],[87.3769,26.2819],[87.3783,26.2821],[87.3797,26.2802],[87.3815,26.2809],[87.3828,26.2792],[87.3855,26.283],[87.3865,26.2823],[87.3855,26.28],[87.3876,26.2796],[87.3871,26.2822],[87.3903,26.2778],[87.3943,26.278],[87.3946,26.2747],[87.3986,26.2742],[87.3981,26.2716],[87.3898,26.2674],[87.392,26.2665],[87.3937,26.263],[87.3961,26.2612],[87.3944,26.26],[87.3936,26.256]],[[87.2988,26.4532],[87.2994,26.4533]],[[87.3043,26.5325],[87.3042,26.5318]],[[87.3147,26.5562],[87.3158,26.5574],[87.3157,26.5553],[87.3132,26.5542],[87.3129,26.5519],[87.31,26.5494],[87.3118,26.5451]],[[87.3203,26.5727],[87.3213,26.571],[87.3189,26.5678],[87.3204,26.5674],[87.3193,26.5665],[87.3203,26.5652],[87.3183,26.5634],[87.3183,26.5608],[87.3144,26.5587],[87.3134,26.5568],[87.3147,26.5562]],[[87.3064,26.5338],[87.3047,26.5335],[87.3039,26.5313],[87.302,26.5314],[87.3043,26.529],[87.3011,26.5262],[87.3029,26.5243],[87.3017,26.5209],[87.3004,26.5204],[87.3015,26.5183],[87.2986,26.5179],[87.3007,26.5167],[87.2979,26.5156],[87.2993,26.5135],[87.2971,26.5133],[87.2978,26.5114],[87.2932,26.51],[87.2918,26.5078],[87.2939,26.4986],[87.2929,26.4956],[87.2951,26.4936],[87.294,26.4905],[87.2955,26.4896],[87.2942,26.4878],[87.2951,26.4834],[87.2911,26.483],[87.2896,26.4791],[87.2916,26.4738],[87.2908,26.4665],[87.295,26.4649],[87.2952,26.4633],[87.2973,26.462],[87.2968,26.4575],[87.2996,26.456],[87.2977,26.4539],[87.3005,26.453],[87.2996,26.4513],[87.3029,26.4505],[87.3023,26.4459]]]}},{"type":"Feature","properties":{"name":"Mai Khola","length_km":61,"rank":2},"geometry":{"type":"MultiLineString","coordinates":[[[87.9521,27.035],[87.9525,27.0332],[87.9506,27.0309],[87.9524,27.0269],[87.9556,27.0262],[87.9601,27.0201],[87.9653,27.018],[87.967,27.015],[87.9671,27.0114],[87.9634,27.0067],[87.9677,27.0007],[87.9672,26.9967],[87.9691,26.9944],[87.9679,26.9915],[87.9688,26.9891],[87.9626,26.9825],[87.9616,26.9799],[87.9632,26.9778],[87.9662,26.9765],[87.9667,26.974],[87.9621,26.9704],[87.9606,26.9663],[87.9474,26.9548],[87.9475,26.9515],[87.9498,26.9506],[87.9458,26.9469],[87.9457,26.9329],[87.9479,26.9292],[87.9489,26.9202],[87.9516,26.9172],[87.9485,26.9152],[87.9489,26.9117],[87.9472,26.9098],[87.9497,26.9058],[87.9486,26.9036],[87.9509,26.9021],[87.9492,26.9007],[87.95,26.8974],[87.9548,26.8917],[87.9542,26.8893],[87.9519,26.8887]],[[87.9288,26.8794],[87.9249,26.8802],[87.9234,26.8774],[87.9166,26.8737],[87.916,26.872],[87.9179,26.8707],[87.9176,26.8696],[87.9141,26.8691],[87.9117,26.8661],[87.9155,26.8657],[87.9115,26.8627],[87.9134,26.8613],[87.9126,26.8594]],[[87.9126,26.8594],[87.9123,26.857],[87.9093,26.8534],[87.9116,26.8486],[87.9061,26.8466],[87.9078,26.8453],[87.9074,26.8422],[87.9032,26.8406],[87.9072,26.8376],[87.9074,26.836],[87.8989,26.8333],[87.8996,26.8309],[87.8956,26.8288],[87.8988,26.8264],[87.8985,26.8245],[87.8922,26.824],[87.8914,26.8214],[87.8842,26.8169],[87.8826,26.8184],[87.8781,26.8184],[87.878,26.8202],[87.8737,26.821],[87.8735,26.8228],[87.8689,26.8216],[87.8652,26.8248],[87.8561,26.8248],[87.8524,26.8235],[87.8526,26.8205],[87.8512,26.8193],[87.846,26.8216],[87.8436,26.8192],[87.8424,26.8212],[87.8385,26.8208],[87.8362,26.8234],[87.8311,26.8254],[87.8277,26.8256],[87.8231,26.8231],[87.8202,26.8262],[87.815,26.8281],[87.8129,26.8275],[87.8138,26.8248],[87.8124,26.8226],[87.8088,26.8245],[87.8061,26.8238],[87.8069,26.8185],[87.8032,26.8191],[87.802,26.8227],[87.7986,26.8179],[87.7955,26.8166],[87.7945,26.8174],[87.7968,26.8197],[87.7968,26.8242],[87.7945,26.8299],[87.7927,26.83],[87.7917,26.8268],[87.7873,26.8237],[87.7852,26.829],[87.7819,26.8298],[87.7799,26.8289]],[[87.9519,26.8887],[87.9447,26.8867],[87.9397,26.8885],[87.935,26.8868],[87.9313,26.8906],[87.928,26.8858],[87.9283,26.8818],[87.9299,26.881],[87.9288,26.8794]],[[87.9542,26.8893],[87.9536,26.8885]],[[87.9545,26.8909],[87.9506,26.8887]],[[87.9468,27.0541],[87.9477,27.0495],[87.9465,27.0389],[87.9521,27.035]],[[87.951,26.8963],[87.954,26.8935]],[[87.8311,26.8254],[87.8277,26.8256]],[[87.9672,26.9967],[87.9681,26.9958]],[[87.962,26.9808],[87.9624,26.9786]],[[87.9116,26.8491],[87.909,26.8484]],[[87.9558,26.8894],[87.9513,26.8878]],[[87.9513,26.8878],[87.9478,26.8879]],[[87.9455,26.935],[87.9457,26.9329]]]}},{"type":"Feature","properties":{"name":"Ratua Khola River","length_km":62,"rank":2},"geometry":{"type":"MultiLineString","coordinates":[[[87.6369,26.5775],[87.6359,26.5751],[87.6415,26.5606],[87.6407,26.5569],[87.6504,26.5395],[87.6483,26.5276],[87.6508,26.5232],[87.6507,26.5208],[87.648,26.5184],[87.6419,26.5167],[87.6401,26.5143],[87.6407,26.5094],[87.6452,26.5039],[87.6482,26.4978],[87.6444,26.4939],[87.6444,26.4903],[87.6521,26.4811],[87.6525,26.4711],[87.6541,26.4649],[87.6666,26.4588],[87.668,26.4526],[87.6775,26.4475],[87.6761,26.4401],[87.6691,26.4329],[87.6715,26.4266],[87.6689,26.4242],[87.6678,26.4204],[87.6645,26.4167],[87.6645,26.4085],[87.6626,26.404],[87.6639,26.4004]],[[87.6994,26.8258],[87.7014,26.8247],[87.7025,26.8216],[87.7053,26.8203],[87.7091,26.8143],[87.716,26.8129],[87.7196,26.8104],[87.7224,26.807],[87.7226,26.8043],[87.7256,26.8024],[87.726,26.8007],[87.7249,26.7997],[87.7261,26.7997],[87.7271,26.7976],[87.7258,26.7938],[87.7275,26.7932],[87.7263,26.7918],[87.7272,26.7893],[87.7204,26.7818],[87.7209,26.7782],[87.7237,26.7761],[87.7238,26.7743],[87.7199,26.7722],[87.7203,26.77],[87.7229,26.7694],[87.7261,26.7661],[87.7217,26.7658],[87.7215,26.7608],[87.7201,26.7593],[87.721,26.7586],[87.7188,26.7572],[87.7196,26.7528],[87.7177,26.7513],[87.7183,26.7498],[87.7153,26.7497],[87.7169,26.7476],[87.716,26.7472],[87.7165,26.7458],[87.7185,26.7455],[87.7183,26.7444],[87.715,26.7436],[87.7128,26.7377],[87.7075,26.7368],[87.7068,26.7336],[87.702,26.7263],[87.7032,26.7168],[87.7081,26.7017],[87.7087,26.6908],[87.7111,26.6883],[87.7175,26.6751]],[[87.6805,26.6295],[87.677,26.6202],[87.6779,26.6117],[87.6749,26.6072],[87.6686,26.6037],[87.6609,26.5928],[87.6508,26.5891],[87.6454,26.5853],[87.6433,26.5808],[87.6378,26.5782]],[[87.6378,26.5782],[87.6369,26.5775]],[[87.7175,26.6751],[87.7173,26.6703],[87.7108,26.664],[87.7021,26.6487],[87.6958,26.646],[87.6927,26.6414],[87.6872,26.6385],[87.6805,26.6295]]]}},{"type":"Feature","properties":{"name":"Lal Bakaiya River","length_km":62,"rank":2,"name_ne":"लाल बकैया नदी"},"geometry":{"type":"MultiLineString","coordinates":[[[85.2378,26.9423],[85.2361,26.9382],[85.2294,26.9318],[85.2297,26.9286],[85.2279,26.9239],[85.2346,26.9143],[85.24,26.9104],[85.2418,26.903],[85.2472,26.8997],[85.2496,26.8953]],[[85.2069,27.3003],[85.2069,27.2962],[85.2003,27.2922],[85.1957,27.2916],[85.1928,27.2945],[85.1902,27.2939],[85.1902,27.2913],[85.1834,27.2906],[85.1808,27.2872],[85.1839,27.283],[85.1901,27.2808],[85.1851,27.279],[85.1828,27.2795],[85.1848,27.2773],[85.1849,27.2748],[85.1918,27.2727],[85.1892,27.2697],[85.1903,27.2667],[85.182,27.2641],[85.1819,27.2595],[85.1832,27.2594],[85.1846,27.2553],[85.1814,27.2555],[85.1799,27.2519],[85.1716,27.2449],[85.1692,27.2411],[85.1708,27.2314],[85.1673,27.2228],[85.1691,27.2173],[85.1686,27.2117],[85.167,27.2054],[85.1622,27.1989],[85.1628,27.1911],[85.1686,27.185],[85.1744,27.166],[85.1845,27.1596],[85.1889,27.1489],[85.1996,27.1381],[85.2024,27.1304],[85.2011,27.1294],[85.2007,27.1251],[85.2039,27.1232],[85.2146,27.1093],[85.2198,27.0994],[85.2193,27.0968],[85.2212,27.088],[85.2263,27.0828],[85.2269,27.0767],[85.2326,27.0662],[85.2296,27.0557],[85.2296,27.0511],[85.2254,27.0459],[85.2238,27.0384],[85.2263,27.034],[85.2358,27.0291],[85.239,27.0231],[85.2372,27.0212],[85.2171,27.0173],[85.214,27.0147],[85.2133,27.0112],[85.2145,27.0052],[85.2187,26.9964],[85.2212,26.9955],[85.2264,26.997],[85.2337,26.9916],[85.2311,26.9846],[85.221,26.9769],[85.2201,26.974],[85.2208,26.9695],[85.2185,26.9697],[85.2165,26.9719],[85.2153,26.967],[85.2217,26.9578],[85.2352,26.9514],[85.2377,26.9461],[85.2378,26.9423]]]}},{"type":"Feature","properties":{"name":"Surna Gad","length_km":62,"rank":2},"geometry":{"type":"MultiLineString","coordinates":[[[80.5398,29.4497],[80.5321,29.4528],[80.5322,29.4553],[80.5303,29.4574],[80.5256,29.4531],[80.5253,29.451],[80.5215,29.4528],[80.518,29.4517],[80.5168,29.45],[80.5148,29.4502],[80.5151,29.4479],[80.5093,29.4449],[80.5115,29.4429],[80.511,29.442],[80.5073,29.4414],[80.505,29.4424],[80.5022,29.4402],[80.5024,29.4387],[80.4977,29.4379],[80.4945,29.4402],[80.4938,29.4425],[80.4887,29.4439],[80.4853,29.4467],[80.4806,29.4465],[80.4772,29.4424],[80.4756,29.4423],[80.4789,29.4388],[80.4783,29.4374],[80.4735,29.4352],[80.474,29.4287],[80.4682,29.4257],[80.4701,29.4225],[80.4702,29.4243],[80.4741,29.4225],[80.4759,29.4236],[80.4785,29.4199],[80.4779,29.4163],[80.4744,29.4138],[80.4723,29.4132],[80.4697,29.4151],[80.4656,29.4121],[80.4699,29.4112],[80.4716,29.4063],[80.4677,29.4054],[80.4555,29.3934],[80.4517,29.3925],[80.4485,29.3946],[80.4452,29.3932],[80.4456,29.3888],[80.4427,29.3894],[80.441,29.386],[80.4398,29.3865],[80.4403,29.3879],[80.4378,29.3935],[80.4359,29.394],[80.4309,29.3924],[80.4313,29.3898],[80.4286,29.3885],[80.4295,29.3875],[80.425,29.3849],[80.4257,29.383],[80.4246,29.3792],[80.4213,29.3782],[80.4198,29.3793],[80.4175,29.3753],[80.4183,29.3737],[80.4155,29.3735],[80.4163,29.3707],[80.4195,29.3688],[80.417,29.3673],[80.4177,29.3607],[80.4143,29.3559],[80.4109,29.3599],[80.4025,29.3557],[80.4014,29.3575],[80.4032,29.358],[80.4035,29.3593],[80.4006,29.3606],[80.3997,29.3581],[80.3928,29.3585],[80.3895,29.3563],[80.3861,29.356],[80.3843,29.3539],[80.3868,29.3521],[80.3855,29.3487],[80.384,29.349],[80.3825,29.353],[80.38,29.3544],[80.3776,29.3493],[80.3738,29.3506],[80.3723,29.3474],[80.3676,29.35],[80.368,29.344],[80.3656,29.3422],[80.3657,29.3408],[80.3671,29.3393],[80.3721,29.3382],[80.3693,29.335],[80.3669,29.3351],[80.3669,29.3328],[80.3647,29.3338],[80.3627,29.3325],[80.3617,29.3308],[80.3628,29.3271],[80.3598,29.3273],[80.3544,29.3313],[80.355,29.3341],[80.353,29.3339],[80.3506,29.3319],[80.351,29.328],[80.3477,29.3267],[80.3438,29.3273],[80.3421,29.3237],[80.3334,29.3195],[80.3357,29.3149],[80.3347,29.3123],[80.3277,29.3088],[80.3241,29.3087],[80.3192,29.3113],[80.3168,29.3142]],[[80.5771,29.5126],[80.5758,29.5086],[80.5767,29.5038],[80.575,29.5025],[80.5745,29.4994],[80.5705,29.4987],[80.5697,29.4939],[80.5673,29.4905],[80.568,29.4886],[80.5654,29.487],[80.564,29.4878],[80.5623,29.4862],[80.5625,29.4844],[80.5598,29.4855],[80.5576,29.4837],[80.5548,29.4833],[80.5542,29.481],[80.5558,29.4805],[80.5562,29.4768],[80.5555,29.4672],[80.5584,29.4646],[80.5545,29.4589],[80.5553,29.457],[80.5527,29.4568],[80.5519,29.4539],[80.5508,29.4555],[80.5493,29.4539],[80.5483,29.4561],[80.5449,29.452],[80.5405,29.4523],[80.5398,29.4497]]]}},{"type":"Feature","properties":{"name":"Tinau Khola","length_km":62,"rank":2,"name_ne":"तिनाउ नदी"},"geometry":{"type":"MultiLineString","coordinates":[[[83.3338,27.6132],[83.3312,27.6069],[83.3263,27.6047],[83.3259,27.6024],[83.3277,27.599],[83.3255,27.5961],[83.3223,27.595],[83.3224,27.5925]],[[83.4604,27.703],[83.4519,27.6929],[83.4486,27.6868],[83.4344,27.6811],[83.4148,27.6769],[83.405,27.6822],[83.4002,27.6809],[83.3957,27.676],[83.3929,27.6763],[83.3855,27.6805],[83.3785,27.6775],[83.3767,27.6745],[83.3738,27.6741],[83.3722,27.6695],[83.3681,27.6683],[83.3677,27.6626],[83.3628,27.6618],[83.3621,27.6603],[83.3645,27.6573],[83.3609,27.6554],[83.3631,27.6499],[83.3599,27.65],[83.3566,27.6475],[83.3483,27.6382],[83.3512,27.6343],[83.3513,27.6309],[83.3493,27.6301],[83.3495,27.6281],[83.344,27.6273],[83.3413,27.6253],[83.3422,27.6199],[83.3436,27.62],[83.3426,27.6181],[83.3338,27.6132]],[[83.6667,27.8124],[83.6633,27.8114],[83.6598,27.8134],[83.6587,27.8109],[83.6568,27.8122],[83.651,27.8111],[83.6429,27.8139],[83.6327,27.815],[83.6262,27.8196],[83.6192,27.8199]],[[83.6192,27.8199],[83.6175,27.8219],[83.6137,27.8214],[83.6058,27.8231],[83.6002,27.8218],[83.5932,27.8249],[83.5905,27.8236],[83.5816,27.8259],[83.5788,27.8236],[83.577,27.8204],[83.5772,27.8182],[83.5836,27.8144],[83.5801,27.8139],[83.5808,27.8121],[83.5779,27.8071],[83.5782,27.8047],[83.5753,27.8066],[83.5726,27.8042],[83.5715,27.8057],[83.5676,27.8063],[83.5605,27.8017],[83.5613,27.7986],[83.5576,27.7992],[83.5564,27.797],[83.554,27.8],[83.55,27.7986],[83.5473,27.799],[83.546,27.7976],[83.5486,27.7941]],[[83.5486,27.7941],[83.5504,27.7928],[83.5467,27.7917],[83.5467,27.7894],[83.5442,27.789],[83.5421,27.7868],[83.542,27.7826],[83.5438,27.7815],[83.5421,27.7763],[83.5435,27.7732],[83.5371,27.766],[83.5348,27.7668],[83.5303,27.7645],[83.5226,27.7641],[83.5125,27.7555],[83.5083,27.7542],[83.5059,27.7497],[83.5015,27.7509],[83.4987,27.7491],[83.4859,27.747],[83.4818,27.7489],[83.4761,27.7474],[83.4713,27.7487],[83.4691,27.7464],[83.4655,27.747],[83.4611,27.7451]],[[83.4611,27.7451],[83.4637,27.7427],[83.4631,27.7409],[83.4653,27.7351],[83.4689,27.7318],[83.4677,27.7274],[83.4689,27.7233],[83.464,27.7171],[83.4604,27.703]]]}},{"type":"Feature","properties":{"name":"Aadhikhola","length_km":64,"rank":2},"geometry":{"type":"MultiLineString","coordinates":[[[83.8666,28.1846],[83.8674,28.183],[83.8747,28.1795],[83.8768,28.1766],[83.8792,28.1761],[83.8846,28.178],[83.8866,28.1764],[83.8922,28.1752],[83.893,28.1727],[83.8905,28.1672],[83.8886,28.1666],[83.8879,28.1608],[83.8861,28.1577],[83.8821,28.1557],[83.8761,28.1604],[83.8765,28.1554],[83.8722,28.1526],[83.867,28.1537],[83.865,28.1515],[83.8669,28.1473],[83.861,28.1472],[83.8602,28.1432],[83.8612,28.1415],[83.8598,28.141]],[[83.7702,27.9903],[83.7694,27.9878],[83.7663,27.9859],[83.7602,27.9864],[83.7587,27.9848],[83.7527,27.9846],[83.7475,27.9824],[83.7471,27.9804],[83.7497,27.978],[83.7486,27.9777],[83.7491,27.9764],[83.7466,27.9773],[83.7433,27.9748],[83.7314,27.9738],[83.7303,27.9711],[83.7242,27.9731],[83.7226,27.9766],[83.7172,27.9785],[83.7161,27.9774],[83.7171,27.9751],[83.7146,27.9718],[83.7077,27.9714],[83.7046,27.9725],[83.7047,27.9692],[83.7017,27.9664],[83.7056,27.9593],[83.7061,27.9558],[83.7028,27.9521],[83.7002,27.953],[83.6961,27.9514],[83.6839,27.9517]],[[83.7752,27.9953],[83.7705,27.9927],[83.7702,27.9903]],[[83.8505,28.1308],[83.8535,28.1265],[83.862,28.12],[83.8609,28.1148],[83.8706,28.1093],[83.8704,28.1014],[83.8661,28.0983],[83.8589,28.0959],[83.8576,28.0902],[83.8548,28.0879],[83.8504,28.0873],[83.846,28.09],[83.841,28.0871],[83.8348,28.0869],[83.8268,28.0812],[83.8215,28.0817],[83.8224,28.0773],[83.8175,28.0782],[83.8168,28.0735],[83.8146,28.0716],[83.8122,28.073],[83.811,28.0723],[83.8094,28.0685],[83.812,28.067],[83.8105,28.0638],[83.8035,28.0616],[83.8004,28.0572],[83.8002,28.053],[83.791,28.0464],[83.7904,28.0431],[83.7823,28.0394],[83.7804,28.0374],[83.7798,28.0333],[83.7774,28.0305],[83.7774,28.0261],[83.7729,28.0207],[83.7744,28.0165],[83.7729,28.0107],[83.7788,28.0047],[83.7786,27.9997],[83.7752,27.9953]],[[83.6744,27.946],[83.6735,27.9441],[83.6722,27.9441],[83.6655,27.9475],[83.6623,27.9471],[83.6578,27.9508],[83.6537,27.9489],[83.646,27.9503],[83.6466,27.9474],[83.6454,27.9457],[83.643,27.9477],[83.6396,27.946],[83.6319,27.9458],[83.6284,27.9483],[83.6279,27.9516],[83.6184,27.9534],[83.6166,27.9533],[83.6146,27.95],[83.6113,27.9531],[83.6115,27.9593],[83.6081,27.9584],[83.6063,27.9602],[83.6086,27.9636],[83.6076,27.9652],[83.6082,27.9668],[83.6018,27.9687],[83.5975,27.9752],[83.5945,27.9755],[83.591,27.9794],[83.5847,27.9788]]]}},{"type":"Feature","properties":{"name":"Limi","length_km":64,"rank":2},"geometry":{"type":"MultiLineString","coordinates":[[[81.6834,30.2847],[81.6747,30.2858],[81.6714,30.2834],[81.6687,30.278],[81.6654,30.2774],[81.6642,30.2712],[81.6615,30.2695],[81.663,30.2684],[81.6633,30.2651]],[[81.6688,30.3564],[81.6762,30.354],[81.6847,30.3446],[81.6887,30.3278],[81.7007,30.3224],[81.7052,30.3232],[81.7161,30.3203],[81.7256,30.3207],[81.7309,30.3183],[81.7392,30.3199],[81.7411,30.3155],[81.7457,30.3135],[81.7473,30.309],[81.7452,30.3014],[81.74,30.2971],[81.7345,30.2965],[81.7221,30.2919],[81.7199,30.2902],[81.7192,30.2874],[81.7097,30.2866],[81.7058,30.2848],[81.7014,30.2795],[81.6834,30.2847]],[[81.6633,30.2651],[81.6586,30.2615],[81.6577,30.2575],[81.6551,30.2548],[81.6518,30.2544],[81.6516,30.2519],[81.6475,30.2514],[81.6471,30.2478],[81.6452,30.247],[81.6448,30.2446],[81.6409,30.2418],[81.6362,30.2426],[81.6334,30.2454],[81.6253,30.2439],[81.6202,30.2408],[81.6094,30.2419],[81.6074,30.2436],[81.6034,30.2444],[81.5912,30.2371],[81.5825,30.2382]],[[81.5825,30.2382],[81.58,30.2368],[81.5722,30.2364],[81.5649,30.2326],[81.5533,30.234],[81.5491,30.2298],[81.5396,30.2332],[81.5277,30.2289],[81.5219,30.224],[81.5172,30.2165],[81.5123,30.2175],[81.5083,30.2142],[81.505,30.2152],[81.4931,30.212],[81.4865,30.2131],[81.4788,30.2056],[81.4684,30.2026],[81.4626,30.1989],[81.4557,30.1973],[81.4495,30.1892],[81.4491,30.1865],[81.4452,30.1809]],[[81.5433,30.3534],[81.5534,30.3566],[81.5639,30.3541],[81.5853,30.3541],[81.5966,30.3523],[81.6109,30.3562],[81.6185,30.3551],[81.6261,30.3566],[81.6457,30.349],[81.6481,30.351],[81.6522,30.3518],[81.657,30.3558],[81.6652,30.3554],[81.6688,30.3564]]]}},{"type":"Feature","properties":{"name":"Thuli Gad","length_km":64,"rank":2},"geometry":{"type":"MultiLineString","coordinates":[[[80.825,28.9318],[80.8289,28.9335],[80.829,28.9361],[80.8321,28.9366],[80.832,28.941],[80.8392,28.9498],[80.8391,28.9526],[80.8367,28.9557],[80.842,28.9596],[80.8435,28.965],[80.8509,28.9752],[80.8549,28.978],[80.8631,28.9736],[80.8663,28.9687],[80.8747,28.9695],[80.882,28.9674],[80.8842,28.9637],[80.8853,28.9583],[80.8833,28.9543],[80.8837,28.9512],[80.8804,28.9446],[80.8828,28.9404],[80.89,28.9398],[80.8932,28.9349],[80.8967,28.935],[80.8984,28.9363],[80.8965,28.9415],[80.8976,28.9427],[80.8993,28.937],[80.9014,28.9364],[80.9026,28.9368],[80.9034,28.94],[80.9052,28.9413],[80.9067,28.9406],[80.9098,28.9323],[80.9125,28.931],[80.9228,28.9401],[80.9308,28.944],[80.9365,28.9442],[80.9549,28.9347],[80.9663,28.9402],[80.9738,28.9407],[80.9815,28.9395]],[[80.5801,29.0779],[80.5903,29.0736],[80.5961,29.0736],[80.6008,29.0686],[80.6006,29.0661],[80.6046,29.064],[80.6047,29.0629],[80.6078,29.0621],[80.6094,29.0636],[80.6162,29.059]],[[80.6162,29.059],[80.6204,29.0535],[80.6228,29.0526],[80.6237,29.0491],[80.6271,29.0468],[80.6273,29.0451],[80.6317,29.0426]],[[80.6317,29.0426],[80.6342,29.0359],[80.6471,29.0259],[80.6566,29.022],[80.6591,29.023],[80.6634,29.02],[80.667,29.02],[80.6706,29.0182],[80.6742,29.0209],[80.6764,29.0191],[80.6763,29.0164],[80.6776,29.0151],[80.6816,29.0156],[80.6838,29.0137],[80.692,29.0154],[80.6955,29.0118],[80.6983,29.012],[80.7041,29.0093],[80.7176,29.0103],[80.7201,29.007],[80.725,29.011],[80.7396,29.0104],[80.7475,29.0069],[80.7536,29.0021],[80.7597,29.0033]],[[80.7597,29.0033],[80.7608,29.0034]],[[80.7608,29.0034],[80.7633,29.0022],[80.7636,29.0007],[80.7607,28.9973],[80.7596,28.9919],[80.7636,28.9873],[80.7765,28.9845],[80.7807,28.986],[80.7826,28.9854],[80.786,28.9807],[80.7971,28.9766],[80.8021,28.9738],[80.8067,28.9694],[80.8038,28.9598],[80.81,28.9559],[80.8054,28.9443],[80.8102,28.9431],[80.8109,28.9382],[80.8151,28.9396],[80.8166,28.9372],[80.8165,28.9314],[80.825,28.9318]]]}},{"type":"Feature","properties":{"name":"Danau River","length_km":65,"rank":2},"geometry":{"type":"MultiLineString","coordinates":[[[83.3268,27.4383],[83.3265,27.4344],[83.3254,27.4332],[83.3163,27.428],[83.2982,27.4295],[83.2875,27.4272],[83.2862,27.4258],[83.2897,27.4086],[83.2855,27.3972],[83.2797,27.3957],[83.2738,27.397],[83.268,27.4042],[83.2657,27.4043],[83.2589,27.3951],[83.2524,27.3918],[83.2534,27.3842],[83.2496,27.3796],[83.2466,27.3684],[83.2446,27.3675],[83.2395,27.3694],[83.2367,27.3625],[83.2355,27.3624],[83.2306,27.3673],[83.2217,27.3661],[83.2204,27.3651],[83.2186,27.3584],[83.216,27.3568],[83.215,27.3575],[83.2166,27.361],[83.2158,27.3626],[83.1962,27.3611],[83.1949,27.3617],[83.1944,27.365],[83.188,27.3675],[83.1825,27.3687],[83.1793,27.3672],[83.1784,27.3647],[83.1807,27.3586],[83.173,27.357],[83.1758,27.347],[83.1792,27.3467],[83.1829,27.3485],[83.1854,27.3468],[83.1854,27.3453],[83.1809,27.3431],[83.1791,27.3399],[83.1794,27.3383],[83.1855,27.3327],[83.1811,27.3238],[83.1911,27.3219],[83.1835,27.3163],[83.1804,27.3074],[83.1728,27.3086],[83.1637,27.2993],[83.1663,27.2955],[83.1746,27.293],[83.1767,27.2911],[83.1752,27.2803],[83.1725,27.2803],[83.1709,27.2819],[83.1729,27.2889],[83.1723,27.2905],[83.1666,27.2882],[83.162,27.2833],[83.1652,27.2788],[83.1658,27.2736],[83.174,27.2682],[83.1742,27.266],[83.1696,27.2574],[83.1658,27.2572],[83.1606,27.2617],[83.1585,27.2617],[83.1575,27.2461],[83.1542,27.2417],[83.1505,27.242],[83.147,27.2463],[83.1427,27.2488],[83.136,27.2471],[83.141,27.2347],[83.1447,27.2325],[83.1495,27.2327],[83.1508,27.2308],[83.1515,27.2229],[83.1495,27.2199],[83.1429,27.2207],[83.1329,27.2196],[83.1259,27.2142],[83.1261,27.2054],[83.1237,27.195],[83.1259,27.19],[83.1258,27.1826],[83.1232,27.1743],[83.1183,27.1697]]]}},{"type":"Feature","properties":{"name":"Jamni River","length_km":67,"rank":2,"name_ne":"जमनी नदी"},"geometry":{"type":"MultiLineString","coordinates":[[[85.1348,26.9902],[85.1346,26.9866],[85.1321,26.9856],[85.1334,26.9843],[85.1332,26.9822],[85.1307,26.9812],[85.132,26.9809],[85.1309,26.9789],[85.1292,26.9785],[85.1295,26.9801],[85.128,26.9807],[85.1254,26.9792],[85.1277,26.9756],[85.1295,26.9771],[85.1299,26.9746],[85.1283,26.974],[85.1319,26.9721],[85.1282,26.9665],[85.1344,26.9677],[85.1346,26.9639],[85.1376,26.9649],[85.1386,26.9623],[85.1413,26.9617],[85.1384,26.9594],[85.1396,26.956],[85.1334,26.9582],[85.1319,26.9539],[85.1285,26.955],[85.126,26.9544],[85.1244,26.9521],[85.119,26.9528],[85.1197,26.9502],[85.1187,26.9472],[85.1138,26.9487],[85.1118,26.9466],[85.1096,26.9465],[85.1103,26.9439],[85.1133,26.9413],[85.1101,26.9387],[85.1096,26.9352],[85.1106,26.9332],[85.1068,26.9348],[85.1059,26.9337],[85.1067,26.9318],[85.1093,26.9314],[85.1089,26.93],[85.1041,26.9301],[85.102,26.932],[85.1009,26.9289],[85.0977,26.9268],[85.101,26.9211],[85.1028,26.9205],[85.102,26.9191],[85.0985,26.9179],[85.0933,26.9224],[85.089,26.9193],[85.0907,26.9155],[85.0889,26.9155],[85.0869,26.9177],[85.0868,26.9133],[85.0856,26.9124],[85.0841,26.9137],[85.0807,26.9138],[85.0812,26.9169],[85.0782,26.9179],[85.0766,26.917],[85.0764,26.9124],[85.0714,26.91],[85.0569,26.9108],[85.0553,26.9076],[85.0599,26.9065],[85.0617,26.9046],[85.0591,26.901],[85.0591,26.8975],[85.054,26.8951],[85.0538,26.8914],[85.0507,26.8892],[85.0526,26.8866],[85.056,26.8863],[85.0548,26.8818],[85.044,26.8781],[85.0371,26.878],[85.0375,26.873],[85.0364,26.8718],[85.0349,26.872],[85.0332,26.8748],[85.0295,26.8753],[85.0308,26.864],[85.0269,26.8643],[85.0263,26.8629],[85.0268,26.8614],[85.0317,26.8598],[85.0326,26.8582],[85.0284,26.8562],[85.0254,26.8578],[85.0235,26.8573],[85.0229,26.8553],[85.0265,26.8501],[85.0238,26.8459],[85.0209,26.8474],[85.019,26.8471],[85.0181,26.8432],[85.0192,26.8401],[85.0172,26.8379],[85.0207,26.8347],[85.0267,26.8362],[85.0283,26.8354],[85.0273,26.8315],[85.0211,26.8317],[85.0198,26.8298],[85.0228,26.827],[85.0228,26.8253],[85.02,26.8236],[85.0231,26.816],[85.0208,26.8122],[85.0218,26.808],[85.02,26.8051],[85.0197,26.7993],[85.0245,26.7951],[85.0196,26.793],[85.0178,26.7899],[85.0139,26.7879],[85.0127,26.7842],[85.0095,26.787],[85.001,26.7757],[85.0035,26.7687],[85.0016,26.7654],[85.0035,26.763],[85.004,26.7588],[84.9976,26.7567],[84.9992,26.7547],[85.0022,26.7545],[85.0046,26.7498],[85.004,26.7476],[85.0014,26.7469],[85.0016,26.7408],[85.0007,26.74],[84.9968,26.7412],[84.9966,26.7394],[84.9985,26.7387],[84.9967,26.7376],[84.9937,26.7314],[84.9905,26.7351],[84.9878,26.7351],[84.9883,26.7323],[84.9866,26.7318],[84.9828,26.7263],[84.98,26.7261],[84.9772,26.7236],[84.9755,26.7258],[84.9711,26.7265],[84.9726,26.7172],[84.972,26.716],[84.9697,26.7159]],[[85.0941,26.9218],[85.0966,26.9233],[85.0968,26.9252],[85.0922,26.927],[85.0936,26.9224]]]}},{"type":"Feature","properties":{"name":"Ganga River","length_km":68,"rank":2,"name_ne":"गङ्‍गा नदी"},"geometry":{"type":"MultiLineString","coordinates":[[[83.2425,28.5111],[83.2278,28.5115],[83.2182,28.5136],[83.216,28.5125],[83.2142,28.5087],[83.1987,28.5003],[83.1929,28.4991],[83.1915,28.4976],[83.1761,28.4969],[83.1672,28.4932],[83.1613,28.4954],[83.1383,28.4975],[83.1223,28.4922],[83.1008,28.4919],[83.0941,28.4892],[83.0785,28.4922],[83.0711,28.4871],[83.0611,28.4858],[83.0534,28.4877],[83.0488,28.4872],[83.0427,28.4895],[83.038,28.488],[83.034,28.4942],[83.0343,28.4967],[83.0311,28.4993],[83.0309,28.5015],[83.0184,28.505],[83.0156,28.5027],[83.0095,28.5068],[83.0055,28.5074],[82.9994,28.504],[82.9885,28.5045],[82.982,28.5033],[82.9791,28.5042],[82.9717,28.5028],[82.9661,28.5035],[82.9647,28.5049],[82.9578,28.505],[82.9472,28.5037],[82.9426,28.5057],[82.9417,28.5078],[82.9374,28.5105],[82.9285,28.5096],[82.9226,28.5141],[82.9188,28.5149],[82.9181,28.5161],[82.9192,28.5175],[82.9165,28.5242],[82.9112,28.5297],[82.9123,28.5323],[82.9118,28.5354],[82.9134,28.5376],[82.9116,28.5425],[82.9146,28.5523],[82.9135,28.555],[82.9158,28.5591],[82.9155,28.5629],[82.9169,28.5654],[82.916,28.568],[82.903,28.5759],[82.8972,28.5772],[82.8865,28.577],[82.8811,28.5759],[82.8708,28.566],[82.8651,28.5636],[82.8625,28.5638],[82.8609,28.5621],[82.8544,28.5617],[82.846,28.5576],[82.8372,28.5598],[82.8266,28.5686],[82.82,28.5715],[82.8163,28.5792],[82.8169,28.5844],[82.8146,28.5881],[82.8123,28.5886],[82.8099,28.5913],[82.8071,28.5911],[82.8065,28.5935],[82.8044,28.5951],[82.7964,28.5975],[82.7906,28.5914],[82.7853,28.592],[82.7835,28.5901],[82.7795,28.591],[82.778,28.5959],[82.7731,28.601],[82.774,28.6059],[82.773,28.608],[82.7746,28.6131],[82.7695,28.6186],[82.7679,28.6233],[82.7635,28.6242],[82.7608,28.6228],[82.7566,28.6282],[82.7507,28.6304],[82.7491,28.6333]]]}},{"type":"Feature","properties":{"name":"Myagdi Khola","length_km":69,"rank":2},"geometry":{"type":"MultiLineString","coordinates":[[[83.3432,28.5503],[83.3466,28.5446],[83.3474,28.5401],[83.3494,28.5392],[83.3485,28.5364],[83.3507,28.5356],[83.3526,28.531],[83.3518,28.5298],[83.353,28.5291],[83.3525,28.5275],[83.3547,28.5265],[83.3572,28.5153]],[[83.4393,28.6954],[83.4363,28.6952],[83.4274,28.6885],[83.4249,28.6838],[83.424,28.6789],[83.4224,28.6782],[83.4227,28.6763],[83.4205,28.6745],[83.4176,28.6666],[83.41,28.6568],[83.4094,28.6525],[83.4035,28.6472],[83.4017,28.6399],[83.3977,28.6371],[83.3951,28.633],[83.3926,28.6219],[83.3935,28.6186],[83.392,28.6083],[83.3869,28.5989],[83.3854,28.5906],[83.3853,28.5872],[83.3879,28.5849],[83.3871,28.5828],[83.3883,28.5812],[83.3855,28.5697],[83.3868,28.5655],[83.3837,28.5602],[83.3854,28.5546],[83.3811,28.5523],[83.3782,28.548],[83.3719,28.5458],[83.3695,28.5433],[83.3699,28.5416],[83.368,28.5406],[83.3681,28.5376],[83.3653,28.5324],[83.3657,28.5274],[83.3637,28.5206],[83.3615,28.5193],[83.3602,28.5162],[83.3572,28.5153]],[[83.3572,28.5153],[83.3554,28.513],[83.3567,28.5119],[83.3564,28.5099],[83.3545,28.5077],[83.3511,28.5069],[83.3477,28.5013],[83.3542,28.4961],[83.3554,28.4931],[83.3624,28.4891],[83.363,28.4868],[83.3655,28.4849],[83.3651,28.482],[83.3715,28.4748],[83.3739,28.4741],[83.3778,28.4693],[83.379,28.4654],[83.3818,28.4642],[83.3823,28.459],[83.3841,28.4556],[83.3814,28.4506],[83.3858,28.4419],[83.3849,28.4378],[83.3874,28.4354],[83.385,28.435],[83.3836,28.4318],[83.3829,28.4247],[83.3851,28.4223],[83.3826,28.4205],[83.3822,28.4182],[83.3845,28.4162],[83.3817,28.4136],[83.3836,28.4116],[83.3869,28.4119],[83.3891,28.4093],[83.392,28.4112],[83.3941,28.4111],[83.3971,28.4083],[83.4034,28.406]],[[83.4034,28.406],[83.4092,28.401],[83.4143,28.3996],[83.4181,28.3965],[83.424,28.3975],[83.4287,28.3947],[83.4337,28.3954],[83.4393,28.3936],[83.4458,28.3877],[83.4472,28.3874],[83.4488,28.3894],[83.4517,28.3867],[83.4553,28.3869],[83.4579,28.385],[83.4607,28.3848],[83.4634,28.3818],[83.4679,28.3818],[83.4696,28.3837],[83.472,28.3815],[83.479,28.3825],[83.4823,28.3793],[83.4959,28.3752],[83.4955,28.3727],[83.4979,28.3702],[83.5023,28.3687],[83.5026,28.3658],[83.5162,28.3609],[83.5128,28.3596],[83.5125,28.3583],[83.5148,28.3544],[83.5144,28.3519],[83.5183,28.3496],[83.5202,28.3456],[83.5389,28.336],[83.5428,28.3389],[83.5471,28.3388],[83.5494,28.341],[83.5581,28.3402],[83.5633,28.3419],[83.5691,28.3402]]]}},{"type":"Feature","properties":{"name":"Daraudi Khola","length_km":72,"rank":2},"geometry":{"type":"MultiLineString","coordinates":[[[84.7026,28.3414],[84.7102,28.3327],[84.7156,28.3291],[84.7215,28.3215],[84.7306,28.32],[84.7316,28.3143],[84.7294,28.3095],[84.732,28.301],[84.7292,28.2952]],[[84.5513,27.9639],[84.5492,27.961]],[[84.5638,27.9793],[84.5596,27.977],[84.5552,27.9693]],[[84.7292,28.2952],[84.7221,28.2823],[84.7225,28.2793],[84.7206,28.2728],[84.7227,28.2674],[84.7248,28.2667],[84.7251,28.2646],[84.7275,28.2626],[84.7277,28.2594],[84.7301,28.2586],[84.7321,28.2596],[84.7344,28.257],[84.7335,28.2552],[84.7354,28.2512],[84.7333,28.2489],[84.7348,28.247],[84.7316,28.2445],[84.7345,28.2406],[84.7365,28.2349],[84.7347,28.2329],[84.7348,28.2301],[84.733,28.2286],[84.7326,28.224],[84.7256,28.2187],[84.7226,28.2085]],[[84.7226,28.2085],[84.7202,28.2057],[84.7204,28.1964],[84.719,28.1948],[84.7201,28.1935],[84.7174,28.1895],[84.7147,28.1889],[84.7151,28.1858],[84.7095,28.1781],[84.7094,28.1741],[84.7058,28.1706],[84.707,28.1663],[84.7012,28.1584],[84.7013,28.1515],[84.697,28.1466],[84.6956,28.1409],[84.6918,28.1382],[84.6868,28.1372],[84.6869,28.1344],[84.684,28.1294],[84.6803,28.1253],[84.6762,28.1253],[84.675,28.1234],[84.6752,28.1198],[84.6738,28.1169],[84.668,28.1151],[84.6678,28.11],[84.6643,28.107],[84.6592,28.0939],[84.6602,28.0902],[84.6592,28.0848],[84.6613,28.0827],[84.6592,28.082],[84.6603,28.0798],[84.658,28.0781],[84.6591,28.0759],[84.6566,28.0742],[84.6592,28.0727],[84.6558,28.0689],[84.6571,28.0674],[84.6512,28.0627],[84.6519,28.0606],[84.6555,28.0602],[84.6513,28.0582],[84.6478,28.0491],[84.6445,28.0497],[84.634,28.0458],[84.6272,28.041],[84.6076,28.0358],[84.6028,28.0362],[84.599,28.0344],[84.5974,28.0293],[84.5904,28.0251],[84.591,28.0211],[84.5879,28.0172],[84.5752,28.0099],[84.5689,27.9977],[84.567,27.9976],[84.5645,27.9902],[84.5657,27.9856],[84.5636,27.9812],[84.5638,27.9779],[84.5618,27.9765],[84.5623,27.9744],[84.5579,27.9726],[84.5534,27.9644],[84.5493,27.963],[84.5477,27.9582],[84.5509,27.9512],[84.5485,27.9499],[84.5493,27.9472],[84.5516,27.9465],[84.5533,27.9484],[84.5549,27.9474],[84.554,27.9426],[84.5517,27.9404],[84.5561,27.9405],[84.5559,27.9384],[84.559,27.9384],[84.5572,27.932],[84.5533,27.93],[84.5579,27.927],[84.5576,27.9234],[84.5564,27.9226],[84.5533,27.9235],[84.5513,27.9177],[84.5445,27.9144],[84.5451,27.9119],[84.5497,27.9128],[84.5514,27.9116],[84.55,27.9092],[84.5454,27.908],[84.5455,27.9053]],[[84.5455,27.9053],[84.5453,27.9051]],[[84.6603,28.0959],[84.6594,28.0944]]]}},{"type":"Feature","properties":{"name":"Mechi River","length_km":73,"rank":2},"geometry":{"type":"MultiLineString","coordinates":[[[88.1674,26.6767],[88.1667,26.6739],[88.1631,26.6702],[88.1625,26.6665],[88.1646,26.663],[88.1648,26.6602],[88.1628,26.6572],[88.1645,26.6541],[88.1622,26.6503],[88.1645,26.6401],[88.159,26.6364],[88.1584,26.6328]],[[88.1838,26.7733],[88.1891,26.7614],[88.1892,26.7447],[88.1823,26.7197],[88.1768,26.7063],[88.1777,26.7009],[88.1759,26.6973],[88.1758,26.6935],[88.1728,26.6922],[88.1725,26.6882],[88.1694,26.6847]],[[88.16,26.6373],[88.1598,26.6347],[88.1558,26.6277]],[[88.1558,26.6277],[88.1518,26.6239],[88.1468,26.6228],[88.142,26.6189],[88.1368,26.6102],[88.134,26.6106],[88.1322,26.6059],[88.1331,26.6026],[88.1277,26.6012],[88.1239,26.5954],[88.1266,26.5913],[88.1241,26.5892],[88.1263,26.5836],[88.1178,26.5782],[88.1175,26.5683],[88.1159,26.5667],[88.1118,26.569],[88.1088,26.5685],[88.1071,26.5623],[88.1004,26.5507],[88.1,26.5487],[88.1033,26.5398],[88.1007,26.5329],[88.1003,26.5275],[88.1044,26.5219],[88.1041,26.5194],[88.0973,26.5124],[88.0909,26.5082],[88.0884,26.5009],[88.0909,26.4936],[88.0963,26.4879],[88.0971,26.4781],[88.1036,26.4731],[88.1049,26.4692],[88.1007,26.4598],[88.1004,26.4555],[88.0945,26.4513],[88.0932,26.4489],[88.0922,26.4391],[88.0934,26.4368],[88.0913,26.4325],[88.0922,26.4291],[88.0841,26.4225],[88.0712,26.4194],[88.0687,26.4177],[88.065,26.4131],[88.0607,26.3995],[88.0507,26.3903],[88.0512,26.386],[88.0495,26.3808],[88.0455,26.3785],[88.043,26.3694],[88.0306,26.3635],[88.0273,26.3588],[88.0266,26.3558],[88.0319,26.3499],[88.0383,26.3461],[88.0391,26.3412],[88.0341,26.337],[88.0245,26.3333],[88.0244,26.3296],[88.0262,26.3292],[88.0248,26.3246],[88.0252,26.3177],[88.0235,26.3149],[88.0132,26.3145],[88.0029,26.3054],[88.0025,26.302],[88.0057,26.2987],[88.0068,26.2924],[87.9998,26.2856],[87.9985,26.277],[87.9896,26.2718],[87.9837,26.276],[87.98,26.2765],[87.9783,26.2724]]]}},{"type":"Feature","properties":{"name":"Kandra","length_km":74,"rank":2},"geometry":{"type":"MultiLineString","coordinates":[[[80.901,28.8426],[80.9003,28.8364],[80.8934,28.837],[80.8883,28.8338],[80.8917,28.8292],[80.8896,28.8281],[80.8892,28.824],[80.8866,28.823],[80.8863,28.8049],[80.8815,28.7966],[80.8822,28.7936],[80.8804,28.7747],[80.8842,28.768],[80.8827,28.7537],[80.8907,28.7411],[80.8993,28.7351],[80.9082,28.7189],[80.9164,28.7118],[80.9172,28.7071],[80.9139,28.7035],[80.9112,28.7026],[80.9056,28.7031],[80.9039,28.702],[80.9061,28.6977],[80.9028,28.6872],[80.8994,28.6862],[80.8879,28.6876],[80.8903,28.6807],[80.8955,28.676],[80.905,28.6719],[80.9064,28.67],[80.8965,28.6686],[80.8935,28.667],[80.8926,28.6652],[80.8975,28.6592],[80.9066,28.6563],[80.9115,28.6531],[80.9114,28.6516],[80.9028,28.6491],[80.9018,28.6473],[80.9027,28.6435],[80.9056,28.6403],[80.9189,28.6351],[80.9236,28.6301],[80.9252,28.6195],[80.9294,28.6157],[80.9341,28.614],[80.9277,28.6082],[80.9228,28.6056],[80.9326,28.5991],[80.9344,28.596],[80.934,28.5883],[80.9306,28.5856],[80.9219,28.5844],[80.92,28.5819],[80.9233,28.5786],[80.9333,28.5765],[80.9344,28.5751],[80.9308,28.5692],[80.9278,28.5671],[80.9236,28.5691],[80.921,28.5684],[80.9189,28.5586],[80.9265,28.5487],[80.9313,28.5453],[80.9342,28.5445],[80.9396,28.5475],[80.9417,28.5467],[80.9366,28.5355],[80.9293,28.5315],[80.9375,28.5115],[80.9385,28.5013],[80.9369,28.4978],[80.9434,28.4945],[80.9414,28.4909],[80.9416,28.4845],[80.9365,28.4847],[80.9367,28.4824],[80.9381,28.4812],[80.9441,28.4826],[80.948,28.4857],[80.9491,28.4799],[80.9541,28.4784],[80.9569,28.48],[80.9585,28.4837],[80.9545,28.4849],[80.9578,28.4855],[80.9609,28.4831],[80.9595,28.4749],[80.9625,28.4735],[80.9657,28.4755],[80.9638,28.4811],[80.9639,28.4851],[80.9724,28.4833],[80.9739,28.4802],[80.9761,28.4658],[80.9847,28.4643],[80.9879,28.4626],[80.9843,28.4558],[80.9848,28.4544],[80.9862,28.4534],[80.9903,28.4558],[80.9953,28.455],[80.9908,28.4479]]]}},{"type":"Feature","properties":{"name":"Trisuli","length_km":77,"rank":2,"name_ne":"त्रिशुली नदी"},"geometry":{"type":"MultiLineString","coordinates":[[[85.0945,27.8602],[85.0895,27.8604],[85.0879,27.857],[85.0792,27.8561],[85.0724,27.8531],[85.0604,27.8601],[85.0578,27.8587],[85.0564,27.8553],[85.0515,27.8531],[85.0483,27.853],[85.0425,27.8568],[85.0362,27.8538],[85.0315,27.8543],[85.0286,27.8482],[85.0191,27.8428],[85.0234,27.8354],[85.0229,27.833],[85.0176,27.827],[85.0169,27.8192],[85.0122,27.8126],[85.0121,27.8103],[85.0144,27.8079]],[[85.0144,27.8079],[85.0015,27.8021],[84.9907,27.8032],[84.9883,27.8055]],[[84.9883,27.8055],[84.9812,27.8023],[84.9732,27.802],[84.9718,27.8026],[84.9721,27.805],[84.9693,27.8068],[84.9687,27.8118],[84.9653,27.8106],[84.9634,27.8156],[84.9586,27.818],[84.9522,27.8156],[84.9503,27.8168],[84.9472,27.816],[84.9395,27.8047],[84.9357,27.8048],[84.9238,27.7975],[84.9152,27.8014],[84.9136,27.805],[84.9072,27.8041],[84.9064,27.8078],[84.8998,27.8059],[84.8878,27.8095],[84.8839,27.8082],[84.8811,27.8098],[84.8736,27.8078],[84.8715,27.8069],[84.8722,27.8033],[84.8653,27.8015],[84.8599,27.8072],[84.8499,27.8087],[84.8483,27.8044],[84.8414,27.8018],[84.8381,27.8039],[84.8383,27.8066],[84.8353,27.81],[84.8352,27.8141],[84.8283,27.8191],[84.8234,27.8176],[84.8219,27.8124],[84.8229,27.8089],[84.8199,27.8076],[84.8173,27.8086],[84.8163,27.8131],[84.811,27.8149],[84.8083,27.8177],[84.7922,27.8127],[84.7883,27.8148],[84.7829,27.8139],[84.7738,27.8086],[84.7688,27.8117],[84.7695,27.8154],[84.7637,27.8186],[84.7574,27.8147],[84.7564,27.809],[84.7528,27.8059],[84.7388,27.8042],[84.7371,27.802],[84.7372,27.7991],[84.7303,27.7957],[84.7277,27.7999],[84.7213,27.8015],[84.7189,27.8038],[84.7144,27.8009],[84.7106,27.8008],[84.7081,27.8025],[84.7076,27.8071],[84.6848,27.8106],[84.6768,27.8157],[84.6678,27.8186],[84.6665,27.8245],[84.6611,27.8293],[84.6641,27.8405],[84.6599,27.8501],[84.6555,27.8523],[84.6475,27.8533],[84.6469,27.8549],[84.6497,27.8592],[84.6465,27.8606],[84.6422,27.8603]],[[84.6422,27.8603],[84.6398,27.8597],[84.6346,27.861],[84.6331,27.8693],[84.6273,27.8724],[84.6273,27.8779],[84.6232,27.8804],[84.6187,27.8806],[84.6142,27.8762],[84.6137,27.8729],[84.6073,27.8715],[84.605,27.8723],[84.6028,27.8759],[84.5956,27.8765],[84.5908,27.8799],[84.5836,27.8758]],[[85.0708,27.8537],[85.0673,27.8544],[85.0637,27.8574]]]}},{"type":"Feature","properties":{"name":"Bakra Khola","length_km":77,"rank":2},"geometry":{"type":"MultiLineString","coordinates":[[[87.6507,26.7423],[87.6441,26.7348],[87.6361,26.7321],[87.6345,26.7239],[87.629,26.7212],[87.6265,26.718],[87.6229,26.7077],[87.6241,26.7026],[87.6209,26.7015],[87.6202,26.6971],[87.6226,26.6834],[87.6214,26.6776],[87.6225,26.6748],[87.6163,26.6707],[87.6151,26.6673],[87.6163,26.6645],[87.6082,26.6575],[87.6049,26.6519],[87.6071,26.6455],[87.6042,26.6348],[87.6062,26.6296],[87.6059,26.6266],[87.6015,26.6218],[87.6013,26.6175],[87.5987,26.6152],[87.5968,26.6102],[87.5953,26.5976],[87.5952,26.589],[87.5993,26.5814],[87.5997,26.5734],[87.5963,26.5683],[87.5897,26.5667],[87.5879,26.5642],[87.5908,26.5538],[87.5877,26.5295],[87.591,26.5159],[87.587,26.5093],[87.5853,26.5036],[87.5818,26.5004],[87.5757,26.4977],[87.5735,26.4941],[87.5732,26.4921],[87.5762,26.4877],[87.5747,26.4783],[87.5784,26.4677],[87.5781,26.454],[87.5795,26.4516],[87.5836,26.4494],[87.5894,26.4477],[87.596,26.4478],[87.6005,26.4446],[87.6011,26.437],[87.5962,26.4303],[87.5962,26.4278],[87.5988,26.4189],[87.6058,26.4095],[87.6042,26.4058],[87.6016,26.4041],[87.5891,26.4018],[87.5895,26.3951],[87.586,26.3809],[87.579,26.377],[87.5806,26.3723],[87.5787,26.368],[87.5791,26.3651],[87.5832,26.3648],[87.5851,26.3589],[87.5792,26.357],[87.5822,26.3516],[87.5802,26.3485],[87.5758,26.3483],[87.5778,26.3434],[87.5715,26.3417],[87.571,26.3378],[87.5682,26.3383],[87.5718,26.3316],[87.5738,26.3329],[87.5786,26.3322],[87.5782,26.3277],[87.5819,26.3272],[87.5833,26.3254],[87.5819,26.3236],[87.5778,26.323],[87.577,26.321],[87.5787,26.3203],[87.579,26.3223],[87.5826,26.3219],[87.584,26.3178],[87.5833,26.3164],[87.579,26.3152],[87.5815,26.3121],[87.5765,26.3084],[87.5757,26.3063],[87.5775,26.3059],[87.5774,26.3049],[87.576,26.3044],[87.5735,26.3065],[87.5721,26.306],[87.5711,26.3033],[87.5733,26.3005],[87.5683,26.2997],[87.5668,26.2952],[87.5643,26.2932],[87.5694,26.287],[87.5693,26.285],[87.5606,26.282],[87.5572,26.2822],[87.5579,26.2785],[87.5542,26.2755],[87.5445,26.2775],[87.5435,26.2757],[87.544,26.2695],[87.5401,26.2639],[87.5393,26.2576],[87.538,26.256],[87.5329,26.256],[87.5322,26.2493]],[[87.6507,26.7424],[87.6507,26.7423]],[[87.6589,26.7572],[87.6535,26.7512],[87.6507,26.7424]]]}},{"type":"Feature","properties":{"name":"Tali Gad","length_km":78,"rank":2},"geometry":{"type":"MultiLineString","coordinates":[[[82.3931,29.4655],[82.3884,29.4658],[82.3831,29.4632],[82.3757,29.462],[82.3665,29.4625],[82.361,29.4599],[82.3419,29.4453],[82.3382,29.4411],[82.33,29.4373],[82.3258,29.4299],[82.3145,29.4204],[82.315,29.4172],[82.3127,29.4142],[82.3133,29.4131],[82.3117,29.412],[82.3108,29.4091],[82.307,29.4058],[82.2953,29.4035],[82.2886,29.3927],[82.2789,29.383],[82.2735,29.3806],[82.2662,29.3795],[82.2594,29.3759],[82.25,29.3766],[82.2435,29.379],[82.2347,29.38],[82.2226,29.3851],[82.2159,29.3843],[82.2101,29.3817],[82.2018,29.3845],[82.1944,29.3915],[82.1912,29.3927],[82.177,29.3869],[82.1677,29.3878],[82.1647,29.3897],[82.1607,29.3898],[82.1581,29.3913],[82.1557,29.3905],[82.15,29.395],[82.1453,29.3955],[82.1415,29.3977],[82.1395,29.4007],[82.1297,29.4038],[82.121,29.4098],[82.1186,29.4139],[82.1075,29.4191],[82.1011,29.4258],[82.0931,29.4257],[82.0871,29.4205],[82.0845,29.4199],[82.0725,29.4228],[82.0689,29.4211],[82.0638,29.422],[82.0587,29.4193],[82.0522,29.4221],[82.0485,29.4182],[82.0414,29.4179],[82.0385,29.4152],[82.0331,29.4135],[82.0279,29.4101],[82.0215,29.4119],[82.0194,29.4085],[82.0157,29.4087],[82.0142,29.4065],[82.0035,29.4016],[81.9967,29.396],[81.9938,29.3961],[81.9891,29.3925],[81.9841,29.3907],[81.9826,29.3857],[81.9776,29.3818],[81.9769,29.3717],[81.9746,29.3688],[81.9687,29.368],[81.9704,29.3607],[81.9765,29.3571],[81.9765,29.3529],[81.9739,29.35],[81.974,29.3461],[81.9766,29.3437],[81.9787,29.3372],[81.9821,29.333],[81.982,29.3296],[81.9805,29.3281],[81.981,29.3254],[81.9846,29.3235],[81.9841,29.3183],[81.9821,29.3142],[81.9828,29.31],[81.9805,29.3072],[81.9855,29.3001],[81.9839,29.2954],[81.9818,29.2947],[81.9799,29.2861],[81.9758,29.2849],[81.975,29.2821],[81.9721,29.2822],[81.966,29.2784],[81.9625,29.2744],[81.9626,29.2726],[81.9557,29.2709],[81.954,29.2667],[81.9507,29.2647],[81.9518,29.2569],[81.9502,29.2531],[81.9478,29.2487],[81.9392,29.2402],[81.9371,29.2359],[81.9118,29.2153],[81.9088,29.2072],[81.9101,29.1999]]]}},{"type":"Feature","properties":{"name":"Madi Khola","length_km":80,"rank":2},"geometry":{"type":"MultiLineString","coordinates":[[[84.0886,28.3191],[84.0894,28.311],[84.0917,28.3073],[84.089,28.3017],[84.091,28.296],[84.092,28.2867],[84.0887,28.2847],[84.0884,28.2794],[84.0836,28.2758],[84.0825,28.2768],[84.0811,28.276],[84.0825,28.2718],[84.081,28.2694],[84.0836,28.2665],[84.0799,28.2633],[84.0805,28.2597],[84.076,28.255],[84.0776,28.2523],[84.0762,28.2498],[84.0796,28.2485],[84.0792,28.2427],[84.0816,28.2409],[84.0834,28.2356],[84.0873,28.2341],[84.0876,28.2295],[84.09,28.2267],[84.0973,28.2258],[84.0987,28.2234],[84.1022,28.222],[84.1066,28.2223],[84.1092,28.219],[84.1154,28.2167],[84.1261,28.2184],[84.128,28.2155],[84.1308,28.2157],[84.1351,28.2133],[84.1388,28.2143],[84.1408,28.2118],[84.147,28.2134],[84.1492,28.2106],[84.155,28.2115]],[[84.2371,28.0699],[84.2395,28.0678],[84.24,28.0654],[84.237,28.0612],[84.2324,28.0594],[84.231,28.0563],[84.2304,28.0503],[84.2314,28.0451],[84.2334,28.0405],[84.237,28.0387],[84.2415,28.0331],[84.2516,28.0302],[84.2597,28.0238],[84.256,28.0168],[84.253,28.0155],[84.2488,28.0161],[84.2463,28.0146],[84.2479,28.0085],[84.2451,28.003],[84.2472,27.9969],[84.2512,27.9962],[84.251,27.9912],[84.2555,27.9903],[84.2566,27.9861],[84.2607,27.986],[84.262,27.9823],[84.2601,27.9789],[84.2615,27.976]],[[84.2615,27.976],[84.2622,27.9742],[84.2611,27.9719],[84.2627,27.9726],[84.2684,27.9685]],[[84.155,28.2115],[84.1577,28.2104],[84.1587,28.2085],[84.1644,28.2082],[84.173,28.2113],[84.1773,28.2043],[84.1819,28.2058],[84.1895,28.2052],[84.1932,28.203],[84.1935,28.2011],[84.1932,28.1992],[84.1901,28.1961],[84.1907,28.1944]],[[84.1983,28.189],[84.2055,28.1893],[84.209,28.1836],[84.2183,28.1813],[84.2181,28.1792],[84.2168,28.179],[84.2169,28.1776],[84.2132,28.1734],[84.2136,28.1715],[84.2199,28.1651],[84.2187,28.1636],[84.2187,28.1583],[84.2222,28.1542],[84.22,28.1505],[84.2218,28.1482]],[[84.2555,27.9903],[84.2607,27.986]],[[84.2512,27.9962],[84.2536,27.991]],[[84.1168,28.4358],[84.1167,28.4279],[84.1132,28.4188],[84.1181,28.4125],[84.1203,28.3964],[84.1175,28.3861],[84.1161,28.3854],[84.1155,28.3803],[84.1173,28.3753],[84.1197,28.3745],[84.1205,28.3679],[84.1238,28.3656],[84.1239,28.3616],[84.1182,28.3479],[84.113,28.3452],[84.1114,28.3418],[84.102,28.3336],[84.0975,28.3334],[84.0939,28.3318],[84.0936,28.3296],[84.0877,28.3235],[84.0886,28.3191]],[[84.2214,28.152],[84.2209,28.149]],[[84.2218,28.1482],[84.2278,28.143],[84.2278,28.1371],[84.2204,28.1341],[84.2169,28.1269],[84.2189,28.1225],[84.2239,28.1188],[84.225,28.1099],[84.2297,28.105],[84.2286,28.1032],[84.2292,28.0992],[84.2258,28.0952],[84.231,28.0896],[84.2307,28.0797],[84.2354,28.0744],[84.2371,28.0699]],[[84.1907,28.1944],[84.1943,28.1917],[84.1941,28.1883],[84.1983,28.189]],[[84.2215,28.1516],[84.2216,28.1484]]]}},{"type":"Feature","properties":{"name":"Keshaliya River","length_km":80,"rank":2,"name_ne":"केशलिया खोला"},"geometry":{"type":"MultiLineString","coordinates":[[[87.3167,26.6586],[87.3167,26.6571],[87.3114,26.651],[87.313,26.6476],[87.3088,26.647],[87.3088,26.6407],[87.3076,26.6392]],[[87.2985,26.6142],[87.2933,26.6088],[87.2915,26.602],[87.2878,26.6008],[87.2871,26.598],[87.2885,26.5952],[87.2846,26.5931],[87.2869,26.5873],[87.29,26.5843],[87.2896,26.5823],[87.2915,26.5782],[87.29,26.5747],[87.2868,26.5731],[87.2836,26.559],[87.2782,26.5596],[87.2759,26.5557],[87.2736,26.5548],[87.2724,26.5505],[87.2681,26.5506],[87.2655,26.5482],[87.264,26.5443],[87.2597,26.5399],[87.261,26.5343],[87.2602,26.5333],[87.2553,26.5348],[87.2537,26.5365],[87.2555,26.5289],[87.2506,26.5274],[87.2504,26.5244],[87.2476,26.5238],[87.2461,26.5214],[87.2466,26.5164],[87.2509,26.5131],[87.2498,26.5086],[87.2518,26.5068],[87.2525,26.5036],[87.2453,26.4911],[87.2463,26.4876],[87.2442,26.4846],[87.2435,26.4755],[87.2382,26.4703],[87.2425,26.4678],[87.2454,26.464],[87.244,26.4585],[87.2455,26.4572],[87.2449,26.4541],[87.2471,26.4536],[87.2451,26.4502],[87.2441,26.4425],[87.2459,26.4421],[87.2453,26.4385],[87.2481,26.4328],[87.2452,26.4263],[87.2456,26.4226],[87.2392,26.4148],[87.2414,26.4065],[87.2434,26.4055],[87.2429,26.3966],[87.2449,26.3951],[87.243,26.3929],[87.2443,26.3916],[87.2424,26.3825],[87.2406,26.3801],[87.2369,26.3783],[87.2361,26.376],[87.2373,26.3699],[87.2407,26.3683],[87.2474,26.3691],[87.2511,26.3651],[87.26,26.3667],[87.2581,26.3594],[87.2629,26.3564],[87.2649,26.3528],[87.2689,26.3525],[87.2723,26.3488],[87.2778,26.3495],[87.2788,26.343],[87.2839,26.344],[87.2881,26.3398],[87.2908,26.3389],[87.2977,26.342],[87.3039,26.3409],[87.3093,26.3416],[87.3118,26.34],[87.3132,26.3377],[87.3139,26.3315],[87.3178,26.3301],[87.318,26.3265],[87.3207,26.3248],[87.3233,26.3188],[87.3279,26.3167],[87.3275,26.3131],[87.3299,26.3107],[87.3303,26.3069],[87.3265,26.2991],[87.3299,26.2949],[87.3294,26.2911],[87.3352,26.288],[87.3389,26.2873],[87.3432,26.2908],[87.3453,26.2908],[87.3452,26.2893],[87.3426,26.288],[87.3427,26.2863],[87.3452,26.2852],[87.3467,26.2888],[87.348,26.2891],[87.3475,26.2834],[87.3518,26.283],[87.3532,26.2814]],[[87.3764,26.724],[87.3512,26.6949],[87.3448,26.6903],[87.3408,26.682],[87.3392,26.6811],[87.3391,26.6787],[87.3306,26.6728],[87.3306,26.6708],[87.3272,26.6684],[87.3276,26.6657],[87.3192,26.6603],[87.317,26.6603],[87.3167,26.6586]],[[87.2456,26.4916],[87.2455,26.4899]],[[87.396,26.7649],[87.3874,26.7447],[87.3805,26.7345],[87.3764,26.724]],[[87.2988,26.6146],[87.2985,26.6142]],[[87.3076,26.6392],[87.3066,26.6352],[87.3008,26.6343],[87.3021,26.6274],[87.2993,26.622],[87.3018,26.617],[87.2988,26.6146]]]}},{"type":"Feature","properties":{"name":"Likhu Khola","length_km":80,"rank":2},"geometry":{"type":"MultiLineString","coordinates":[[[86.5193,27.7407],[86.5192,27.739],[86.5135,27.7328],[86.5094,27.7318],[86.504,27.7281],[86.4968,27.7274],[86.4924,27.7254],[86.4882,27.712],[86.48,27.7051],[86.4804,27.6983],[86.479,27.6887],[86.4722,27.6811],[86.468,27.6794],[86.4633,27.675],[86.4566,27.6727],[86.4566,27.671],[86.4545,27.6695],[86.4554,27.6623],[86.4533,27.6589],[86.4539,27.6492],[86.4466,27.641],[86.4426,27.6384],[86.4413,27.6333],[86.4422,27.6313],[86.4393,27.6295],[86.4373,27.6206],[86.435,27.6188],[86.4343,27.6102],[86.4305,27.604],[86.4207,27.5992],[86.4177,27.5905],[86.4135,27.5867],[86.4095,27.5863],[86.4081,27.5844],[86.4029,27.5844],[86.401,27.5829],[86.3981,27.5836],[86.3929,27.577],[86.3885,27.5746],[86.3883,27.5728],[86.3812,27.5717],[86.3759,27.5679],[86.3686,27.5566],[86.3705,27.5518],[86.3697,27.5494],[86.3646,27.5467],[86.3575,27.5381],[86.3584,27.5347],[86.3571,27.533],[86.3577,27.5291],[86.3557,27.5263]],[[86.3557,27.5263],[86.3547,27.5245],[86.3451,27.5231],[86.338,27.52],[86.3354,27.5158],[86.3339,27.5154],[86.3333,27.5109],[86.3296,27.5098],[86.3288,27.507],[86.3261,27.5052],[86.3248,27.5003],[86.3186,27.4988],[86.3146,27.4928],[86.31,27.4893],[86.3102,27.4877],[86.3061,27.4857],[86.3046,27.4825],[86.2949,27.4794],[86.2948,27.4776],[86.2925,27.4765],[86.2922,27.4705],[86.2821,27.4662],[86.2809,27.4645],[86.276,27.4641],[86.2641,27.457],[86.2574,27.4467],[86.2557,27.442],[86.2541,27.441],[86.256,27.4398],[86.2565,27.4368],[86.251,27.4327],[86.2524,27.4285],[86.2483,27.4254],[86.2479,27.4203],[86.2465,27.4191],[86.2433,27.4199],[86.2411,27.4182],[86.2404,27.4156],[86.2376,27.4131],[86.2375,27.4096],[86.2343,27.4083],[86.2364,27.4061],[86.2362,27.404],[86.2319,27.4021],[86.231,27.3996],[86.2276,27.3982],[86.2279,27.3959],[86.2264,27.3934],[86.2276,27.3902],[86.2247,27.3873],[86.2259,27.3843],[86.2218,27.3825],[86.2237,27.3784],[86.2248,27.371],[86.2188,27.3617],[86.2216,27.3604],[86.2217,27.3592],[86.217,27.3536],[86.2184,27.3503],[86.2165,27.342],[86.2181,27.3404],[86.2168,27.339],[86.2182,27.3365],[86.2156,27.3335],[86.2176,27.328],[86.2222,27.3273],[86.2187,27.3226],[86.2216,27.3208],[86.2286,27.32],[86.2287,27.3154],[86.2315,27.3144],[86.234,27.3072],[86.2373,27.3058],[86.2379,27.3025],[86.2353,27.2963],[86.2378,27.2909],[86.2411,27.2889],[86.2329,27.2852],[86.2319,27.2823],[86.2262,27.2773],[86.2238,27.2775],[86.2237,27.2748],[86.219,27.2728],[86.2187,27.2706],[86.2162,27.2678],[86.2136,27.2686],[86.2112,27.2607],[86.2081,27.2594],[86.2043,27.2542],[86.2054,27.2517],[86.2043,27.2504]],[[86.2286,27.3168],[86.2296,27.3148]]]}},{"type":"Feature","properties":{"name":"Bhada River","length_km":86,"rank":2},"geometry":{"type":"MultiLineString","coordinates":[[[81.4413,28.4415],[81.4379,28.4496],[81.4341,28.4526],[81.4302,28.4536],[81.4243,28.4517],[81.4226,28.4454],[81.4203,28.4444],[81.4211,28.4345],[81.4174,28.4334],[81.4087,28.4375],[81.4008,28.4384],[81.3989,28.4378],[81.3963,28.4344],[81.3962,28.4262],[81.3664,28.4237],[81.3647,28.4228],[81.3664,28.421],[81.3627,28.418],[81.3533,28.4201],[81.3505,28.4191],[81.3496,28.4167],[81.3446,28.4125],[81.3357,28.4119],[81.3336,28.4091],[81.3336,28.4049],[81.327,28.4021],[81.3274,28.3956],[81.3241,28.3946],[81.3164,28.3879],[81.3144,28.3808],[81.3157,28.3772],[81.3155,28.3718],[81.312,28.371],[81.3044,28.3738],[81.302,28.3735],[81.3013,28.3723],[81.2998,28.3649],[81.3004,28.3597],[81.3024,28.3563],[81.3067,28.3538],[81.3074,28.3475],[81.3059,28.3423],[81.3102,28.3395],[81.3117,28.3354],[81.3069,28.3237],[81.3075,28.315],[81.3059,28.3064],[81.3015,28.2973],[81.2992,28.2944],[81.2962,28.2935],[81.2939,28.2884],[81.2938,28.2848],[81.3087,28.2826],[81.3209,28.2859],[81.3237,28.284],[81.3271,28.2719],[81.3298,28.2691],[81.3376,28.2678],[81.3426,28.2702],[81.351,28.2718],[81.3603,28.2715],[81.364,28.2671],[81.3648,28.2599]],[[81.3648,28.2599],[81.3631,28.256],[81.3661,28.2506],[81.3685,28.2489],[81.3792,28.2474],[81.3805,28.2445],[81.3805,28.24],[81.3774,28.235],[81.3788,28.2309],[81.3788,28.2229],[81.3772,28.2207],[81.3729,28.2186],[81.3684,28.2225]],[[81.3668,28.2166],[81.3703,28.2161],[81.3721,28.2131],[81.3707,28.2017],[81.3687,28.2003],[81.3572,28.2002],[81.3566,28.1958],[81.3597,28.1934],[81.366,28.1936],[81.369,28.1922],[81.364,28.188],[81.3629,28.1853],[81.3633,28.1816],[81.3663,28.176],[81.3728,28.1731],[81.3827,28.173],[81.3859,28.1691],[81.3822,28.163],[81.3768,28.1597],[81.3743,28.1591],[81.3639,28.1607],[81.3624,28.159],[81.3627,28.155],[81.366,28.1512],[81.3699,28.1506],[81.3802,28.1568],[81.3831,28.1571],[81.3859,28.1545],[81.3881,28.149],[81.386,28.1446],[81.3664,28.1471],[81.3611,28.145],[81.3602,28.1425],[81.3636,28.1388],[81.3756,28.1369],[81.3794,28.1341],[81.3801,28.1254],[81.3776,28.1195],[81.3787,28.1133],[81.3841,28.1111],[81.3924,28.1121],[81.3946,28.1107],[81.3954,28.1065],[81.388,28.1041],[81.3878,28.0985],[81.3899,28.0969],[81.396,28.0968],[81.4002,28.0947],[81.4036,28.082],[81.4095,28.0757],[81.4089,28.0732],[81.4039,28.0711],[81.4023,28.068],[81.412,28.0582],[81.413,28.0534]],[[81.3621,28.2202],[81.3624,28.217],[81.3668,28.2166]]]}},{"type":"Feature","properties":{"name":"Jhimruk Khola","length_km":90,"rank":2},"geometry":{"type":"MultiLineString","coordinates":[[[82.9105,28.1477],[82.9081,28.147],[82.9062,28.1426],[82.9065,28.1372],[82.9005,28.1323],[82.901,28.1278],[82.8958,28.1271]],[[82.9553,28.1423],[82.951,28.1392],[82.9485,28.1399],[82.952,28.1461],[82.9441,28.1473],[82.9424,28.1468],[82.9392,28.1426],[82.9306,28.1391],[82.9262,28.1401],[82.9262,28.1418],[82.9214,28.1436],[82.915,28.1483],[82.9105,28.1477]],[[83.0303,28.2493],[83.0279,28.2491],[83.026,28.2464],[83.025,28.244],[83.0257,28.2415],[83.0212,28.2365],[83.021,28.2324],[83.0162,28.2309],[83.017,28.2293],[83.0141,28.2249],[83.0153,28.2238],[83.0132,28.2215],[83.008,28.2189],[83.0059,28.2162],[82.9993,28.2137],[82.9991,28.211],[82.9967,28.2095],[82.9971,28.2079],[82.9914,28.2055],[82.9862,28.199],[82.9821,28.1968],[82.9782,28.1869],[82.9794,28.1857],[82.9798,28.1793],[82.9785,28.1785],[82.9777,28.1741],[82.9742,28.1701],[82.9742,28.1619],[82.9679,28.1505],[82.9663,28.1457],[82.967,28.1423],[82.9655,28.1416],[82.9601,28.1433],[82.9553,28.1423]],[[82.8958,28.1271],[82.8788,28.1176],[82.8763,28.1124],[82.8705,28.1062],[82.8653,28.1044],[82.8593,28.0937],[82.8458,28.0882],[82.8327,28.0868],[82.8264,28.0833],[82.82,28.0827],[82.8155,28.077],[82.8145,28.0715],[82.8167,28.0698],[82.8179,28.0634],[82.825,28.0651],[82.8284,28.064],[82.8282,28.0622],[82.8252,28.0599],[82.8257,28.0561],[82.8227,28.0518],[82.8266,28.0451],[82.8328,28.0437],[82.8361,28.0416],[82.8379,28.0383],[82.8413,28.0387],[82.8436,28.0417],[82.848,28.043],[82.8585,28.0382],[82.8624,28.0409],[82.8676,28.0402],[82.8684,28.0391],[82.8661,28.0361],[82.8674,28.0344],[82.8725,28.035],[82.876,28.0333],[82.8792,28.0351],[82.8816,28.0396],[82.8841,28.0376],[82.8852,28.0317],[82.8926,28.032],[82.8926,28.0357],[82.8951,28.0362],[82.9026,28.0262],[82.9102,28.0305],[82.9123,28.0299],[82.9133,28.0255],[82.9158,28.0233],[82.9174,28.023],[82.9234,28.0257],[82.9297,28.0245],[82.9302,28.0197],[82.934,28.0166],[82.9355,28.0137],[82.9412,28.0115],[82.9463,28.0126],[82.9488,28.0118],[82.9455,28.0012],[82.9449,27.9961],[82.946,27.9947],[82.9539,27.9973],[82.9539,27.9957],[82.9523,27.9946],[82.9529,27.9929],[82.9605,27.9919],[82.9639,27.9897],[82.9642,27.9876],[82.9666,27.9889],[82.9674,27.9928],[82.9694,27.9933],[82.9745,27.9915],[82.9765,27.9891],[82.9754,27.9846],[82.9804,27.9835],[82.9827,27.9812],[82.9862,27.9818],[82.9896,27.9765],[82.9939,27.9758],[82.9967,27.9781],[82.9991,27.9779],[82.9988,27.9751],[83.0017,27.97],[83.0082,27.9672],[83.0112,27.9619],[83.0166,27.9563],[83.0158,27.9544],[83.0172,27.9519],[83.0139,27.9491],[83.0175,27.947],[83.0125,27.9418],[83.0157,27.9363],[83.0131,27.9323],[83.0158,27.928],[83.0143,27.923],[83.0122,27.9206],[83.0098,27.92],[83.0086,27.9248],[83.0038,27.9323],[83.0025,27.9285],[82.9985,27.9324],[82.9922,27.9301],[82.9912,27.9293],[82.9912,27.9259],[82.9891,27.9251],[82.9869,27.9259],[82.9839,27.9301],[82.9779,27.9267],[82.9711,27.9283],[82.9682,27.9263],[82.9632,27.9286],[82.9613,27.9285],[82.96,27.9267],[82.9544,27.9276],[82.9525,27.9299],[82.9441,27.931],[82.9422,27.93]]]}},{"type":"Feature","properties":{"name":"Bari Gad","length_km":92,"rank":2},"geometry":{"type":"MultiLineString","coordinates":[[[82.9346,28.4435],[82.9393,28.4396],[82.9454,28.4375],[82.9455,28.4355],[82.9485,28.433],[82.948,28.4284],[82.951,28.4278],[82.9576,28.4304],[82.9652,28.4276],[82.9666,28.426],[82.966,28.4246],[82.9691,28.4221],[82.9731,28.4226],[82.9778,28.4207],[82.983,28.4213],[82.9864,28.416],[82.9923,28.4153],[82.9947,28.4131],[82.9946,28.4107],[83.0054,28.4066],[83.0063,28.4045],[83.0106,28.4027],[83.0149,28.3978],[83.0201,28.3983],[83.0257,28.3936],[83.0346,28.391],[83.0358,28.3879],[83.0409,28.3829],[83.0463,28.3821],[83.0483,28.3795],[83.0555,28.3788],[83.0586,28.3769],[83.0619,28.3765],[83.0651,28.3724],[83.0652,28.37],[83.0748,28.3658],[83.0787,28.3613],[83.0899,28.3595],[83.0922,28.3564],[83.102,28.3486],[83.1028,28.3467],[83.1165,28.337],[83.1192,28.3328],[83.123,28.3309],[83.1289,28.3309],[83.1356,28.3263],[83.1388,28.3263],[83.1436,28.324],[83.1475,28.3235],[83.1483,28.3256],[83.1512,28.3262],[83.1558,28.3238],[83.1594,28.3196],[83.1627,28.3187],[83.1645,28.3155],[83.1675,28.3148],[83.1746,28.3054],[83.1731,28.2934],[83.177,28.2868],[83.1796,28.2855],[83.1774,28.2824],[83.1778,28.2803],[83.1763,28.2792],[83.1768,28.2746],[83.1787,28.2728],[83.1853,28.2705],[83.1895,28.2646],[83.1934,28.2632],[83.197,28.2593],[83.204,28.2559],[83.2063,28.2516],[83.2123,28.2485],[83.2159,28.2483],[83.2159,28.2437],[83.2198,28.2414],[83.2224,28.2367],[83.2258,28.2358],[83.2256,28.2328],[83.2329,28.2266],[83.2341,28.2215],[83.2428,28.2192],[83.2445,28.2169],[83.2467,28.2171],[83.2515,28.2144],[83.2537,28.2117],[83.2543,28.2068],[83.2589,28.2039],[83.259,28.2004],[83.2657,28.1996],[83.2709,28.195],[83.2709,28.1919],[83.2733,28.1885],[83.2726,28.1853],[83.2747,28.1833],[83.2802,28.1817],[83.281,28.1734],[83.2857,28.1712],[83.287,28.1671],[83.2914,28.1647],[83.2943,28.1604],[83.2952,28.156],[83.2991,28.1505],[83.2991,28.1458],[83.3073,28.1394],[83.3091,28.1331],[83.3128,28.1296],[83.3169,28.1278],[83.3187,28.1221],[83.3219,28.1225],[83.322,28.1196],[83.3251,28.1157],[83.3276,28.116],[83.331,28.1131],[83.3317,28.1079],[83.3289,28.1056],[83.3282,28.1028],[83.3329,28.0982],[83.3367,28.0976],[83.3332,28.0946],[83.3334,28.0908],[83.3394,28.0903],[83.3408,28.0883],[83.3414,28.0842],[83.3449,28.0805],[83.3442,28.0785],[83.3464,28.076],[83.345,28.0697],[83.3472,28.0687],[83.3483,28.065],[83.3569,28.0661],[83.3596,28.062],[83.3631,28.0605],[83.3659,28.0576],[83.3667,28.0554],[83.3654,28.0517],[83.3772,28.0472],[83.3821,28.0465],[83.385,28.0475],[83.3897,28.0462],[83.3938,28.0425],[83.3977,28.0416],[83.4016,28.0374],[83.4108,28.0363],[83.4131,28.033],[83.4199,28.0305],[83.4251,28.0232],[83.4317,28.0215],[83.4355,28.0188],[83.437,28.0119],[83.4412,28.0129],[83.4452,28.01],[83.4491,28.0121],[83.4508,28.0095],[83.4503,28.007],[83.4542,28.003],[83.4544,27.9997],[83.4565,27.9985],[83.4594,27.999],[83.4625,27.9971],[83.4603,27.9944],[83.4618,27.9896],[83.4595,27.9873],[83.4639,27.9821],[83.4686,27.9793],[83.4659,27.9752],[83.4731,27.9723],[83.473,27.9709]]]}},{"type":"Feature","properties":{"name":"Budhiganga","length_km":97,"rank":2},"geometry":{"type":"MultiLineString","coordinates":[[[81.4604,29.4499],[81.4599,29.4467],[81.4572,29.4443],[81.4574,29.4417],[81.4535,29.4393],[81.4538,29.4372],[81.4514,29.4317],[81.4435,29.428],[81.4388,29.4225],[81.4365,29.4217],[81.4358,29.4195],[81.4327,29.4192],[81.4308,29.4215],[81.4259,29.4214],[81.424,29.411],[81.4208,29.4098],[81.4193,29.4069],[81.4145,29.4068],[81.4113,29.4044],[81.4086,29.4047],[81.4027,29.4019],[81.4002,29.402],[81.396,29.3985],[81.3946,29.3989],[81.3885,29.3915],[81.3796,29.3874],[81.3756,29.3871],[81.3717,29.3825],[81.3633,29.3801],[81.3586,29.3772],[81.3575,29.3746],[81.3548,29.3729],[81.3557,29.3727],[81.3537,29.3688],[81.3484,29.3631],[81.3437,29.3615],[81.3387,29.3565],[81.3306,29.3534],[81.3292,29.3509],[81.3244,29.3487],[81.3224,29.3452],[81.3162,29.3414],[81.3164,29.339],[81.3111,29.3342],[81.308,29.3279],[81.3015,29.3212],[81.3013,29.3188],[81.2987,29.3182],[81.2996,29.3149],[81.2962,29.3151],[81.295,29.3139],[81.2954,29.3101],[81.2807,29.3093],[81.2755,29.305],[81.2716,29.304],[81.27,29.3018],[81.2636,29.3032],[81.261,29.3025],[81.2582,29.2969],[81.2527,29.2911],[81.2515,29.2851],[81.248,29.2832],[81.2456,29.277],[81.24,29.2761],[81.2394,29.273],[81.2362,29.2735],[81.2309,29.2695],[81.2297,29.2664],[81.2318,29.26],[81.2316,29.2541],[81.2213,29.2516],[81.2181,29.2453],[81.2133,29.2416],[81.2129,29.2284],[81.2051,29.2177],[81.2066,29.2102],[81.2032,29.2056],[81.2035,29.2012],[81.2079,29.197],[81.2091,29.1935],[81.2078,29.1866],[81.2133,29.1821],[81.2133,29.1755],[81.2164,29.1729],[81.2166,29.1696],[81.2143,29.164],[81.2112,29.1635],[81.21,29.1593],[81.2058,29.1546],[81.2078,29.1506],[81.2046,29.1463],[81.2026,29.1454],[81.2013,29.1491],[81.1984,29.1502],[81.1964,29.1481],[81.1962,29.1426],[81.1898,29.1434],[81.1846,29.1419],[81.1831,29.1395],[81.1723,29.1388],[81.1698,29.1352],[81.1628,29.1321],[81.1636,29.1288],[81.1612,29.1283],[81.1563,29.1298],[81.1525,29.1202],[81.1458,29.118],[81.1448,29.1157],[81.141,29.1146],[81.1385,29.111],[81.1325,29.1108],[81.1251,29.1046],[81.1219,29.1036],[81.1181,29.1043],[81.1154,29.1009],[81.1107,29.1031],[81.107,29.1024],[81.1059,29.0995]],[[81.4858,29.6272],[81.4813,29.6266],[81.479,29.6247],[81.4673,29.6237],[81.4639,29.6211],[81.4624,29.6068],[81.4647,29.6059],[81.4642,29.6046],[81.4663,29.6019],[81.4657,29.5996],[81.4641,29.5987],[81.4651,29.5978],[81.4639,29.5956],[81.4649,29.592],[81.4629,29.5915],[81.4583,29.5835],[81.4563,29.5844],[81.4553,29.5799],[81.4569,29.5792],[81.4552,29.5782],[81.4561,29.5754],[81.4582,29.5739],[81.4566,29.5729],[81.4558,29.5689],[81.459,29.5642],[81.4551,29.5637],[81.457,29.5592],[81.4534,29.5553],[81.456,29.5526],[81.4593,29.5541],[81.4614,29.5496],[81.4593,29.5464],[81.4617,29.5447],[81.4554,29.5408],[81.4527,29.5375],[81.4541,29.5357],[81.4532,29.5303],[81.4559,29.5292],[81.4563,29.527],[81.4603,29.5227],[81.4569,29.519],[81.4532,29.5178],[81.4519,29.5157],[81.4536,29.5141],[81.4525,29.512],[81.4507,29.5117],[81.4495,29.5098],[81.4467,29.5095],[81.4462,29.5075],[81.4438,29.5075],[81.443,29.4976],[81.4453,29.4932],[81.4423,29.4906],[81.4421,29.4875],[81.4388,29.4882],[81.438,29.4858],[81.4392,29.4841],[81.4362,29.4837],[81.4354,29.4823],[81.4381,29.4799],[81.4364,29.4754],[81.4397,29.4715],[81.439,29.4674],[81.445,29.4656],[81.448,29.4623],[81.454,29.4606],[81.454,29.4554],[81.4563,29.4518],[81.4586,29.4518],[81.4604,29.4499]]]}},{"type":"Feature","properties":{"name":"Tila Nadi","length_km":100,"rank":2,"name_ne":"सिन्जा नदि"},"geometry":{"type":"MultiLineString","coordinates":[[[82.3621,29.2005],[82.3557,29.2038],[82.3406,29.2186],[82.3321,29.2203],[82.3327,29.2227],[82.3313,29.2249],[82.3315,29.2272],[82.3263,29.2307],[82.326,29.2339],[82.3232,29.2367],[82.3191,29.2383],[82.316,29.2434],[82.3162,29.2452],[82.3126,29.2483],[82.3122,29.2515],[82.3042,29.2582],[82.2953,29.2615],[82.2903,29.2617],[82.2878,29.2602],[82.283,29.2624],[82.2815,29.2597],[82.2698,29.2564]],[[81.6947,29.1072],[81.6886,29.1083],[81.6861,29.1058],[81.6817,29.1082],[81.6792,29.1068],[81.6747,29.1087],[81.6707,29.1081],[81.6679,29.1103],[81.663,29.1112],[81.6616,29.1148],[81.6566,29.1156],[81.6539,29.1141],[81.6513,29.1171],[81.649,29.1176],[81.6435,29.1159],[81.6314,29.1204],[81.6285,29.1198],[81.6268,29.1215],[81.6207,29.12],[81.6131,29.1199],[81.6091,29.1245],[81.6053,29.1249],[81.6041,29.1278],[81.5992,29.129],[81.595,29.1336],[81.5787,29.1355]],[[81.7523,29.1188],[81.7503,29.1156],[81.743,29.1108],[81.7317,29.1075],[81.7245,29.1085],[81.7227,29.106],[81.716,29.1032],[81.7102,29.1062],[81.6974,29.1044],[81.6947,29.1072]],[[82.2698,29.2564],[82.2692,29.2547],[82.2675,29.2544],[82.2576,29.2584],[82.2495,29.2563],[82.2422,29.2632],[82.2255,29.2679],[82.2155,29.2683],[82.2132,29.2699],[82.2127,29.2725],[82.2098,29.2717],[82.2059,29.2747],[82.1971,29.2691],[82.1919,29.27],[82.1894,29.2721],[82.1854,29.2711],[82.1832,29.2688],[82.1779,29.2674],[82.1755,29.2679],[82.1731,29.2665],[82.1684,29.2693],[82.1661,29.2694],[82.1563,29.2648],[82.1521,29.26],[82.1457,29.2616],[82.1416,29.2568],[82.1387,29.2556],[82.1372,29.2515],[82.1271,29.2484],[82.1173,29.2477],[82.1086,29.2432],[82.1052,29.2387],[82.0961,29.2377],[82.093,29.2407],[82.0891,29.2383],[82.0847,29.2398],[82.0783,29.2378],[82.0648,29.2363],[82.0598,29.2341],[82.0551,29.2289],[82.0457,29.2288],[82.0428,29.2302],[82.0379,29.2287],[82.0344,29.231],[82.0246,29.227],[82.0219,29.2292],[82.0195,29.2291],[82.0112,29.2257],[82.0044,29.2271],[82.0027,29.2241],[81.994,29.2232],[81.9874,29.2272],[81.9742,29.2305],[81.9634,29.2315],[81.9571,29.2302],[81.9525,29.228],[81.928,29.2074],[81.9225,29.2066],[81.9168,29.201],[81.9107,29.2005],[81.9076,29.1869],[81.9032,29.185],[81.8906,29.1854],[81.8837,29.1828],[81.8807,29.1787],[81.8777,29.167],[81.8755,29.1654],[81.8631,29.1613],[81.8576,29.1633],[81.8505,29.1599],[81.8402,29.1597],[81.8369,29.1615],[81.8314,29.1621],[81.8272,29.1596],[81.8239,29.1536],[81.8235,29.143],[81.8216,29.1351],[81.8196,29.1331],[81.8021,29.1283],[81.7929,29.1356],[81.7922,29.1402],[81.7905,29.1415],[81.7822,29.1456],[81.7764,29.1449],[81.7733,29.1408],[81.774,29.1379],[81.7662,29.133],[81.7626,29.1262],[81.7523,29.1188]]]}},{"type":"Feature","properties":{"name":"Kankai","length_km":104,"rank":2},"geometry":{"type":"MultiLineString","coordinates":[[[87.8621,26.638],[87.8576,26.6307],[87.8591,26.6251],[87.8559,26.6209],[87.8566,26.6109],[87.8546,26.6013],[87.8502,26.5966],[87.8506,26.5889],[87.8465,26.5825],[87.8482,26.5772],[87.8399,26.5496],[87.8417,26.5427],[87.839,26.5375],[87.8282,26.5267],[87.8261,26.5188],[87.8234,26.4974],[87.8235,26.4948],[87.8273,26.4894],[87.8273,26.4868],[87.8166,26.4735],[87.8116,26.4632],[87.8023,26.4566],[87.7961,26.4495],[87.7873,26.4436],[87.7844,26.4365],[87.7827,26.4233],[87.7802,26.4191],[87.7763,26.4178],[87.7686,26.4217],[87.7597,26.4206],[87.7569,26.4135],[87.7645,26.4028],[87.7589,26.3994],[87.7545,26.3876],[87.7463,26.3728],[87.7453,26.3616],[87.7402,26.36],[87.737,26.3562],[87.7385,26.3446],[87.737,26.3323],[87.7383,26.3275],[87.7323,26.3243],[87.7306,26.3179],[87.7411,26.3113],[87.7666,26.3013],[87.7666,26.2998],[87.7626,26.2961],[87.751,26.294],[87.7491,26.2914],[87.7499,26.2869],[87.7567,26.277],[87.7566,26.2698],[87.7545,26.2661],[87.7453,26.2598],[87.7415,26.2541],[87.7401,26.2504],[87.7417,26.2429],[87.7413,26.2374],[87.7401,26.2351],[87.7347,26.2319],[87.7333,26.2282],[87.7354,26.2212],[87.7339,26.2151],[87.7249,26.2125],[87.7132,26.2158],[87.7096,26.2158],[87.707,26.2142],[87.7083,26.205],[87.7072,26.1869],[87.7035,26.1807],[87.7003,26.1784],[87.6916,26.1766],[87.6893,26.1732],[87.6902,26.1661],[87.6919,26.1633],[87.6995,26.1623],[87.7061,26.1671],[87.7108,26.164],[87.6986,26.1508],[87.6929,26.1419],[87.6893,26.1333],[87.6868,26.1308],[87.6858,26.1268],[87.6881,26.1205],[87.6878,26.1159],[87.6977,26.1082],[87.7006,26.1026],[87.7005,26.099],[87.6964,26.0864],[87.6971,26.0774],[87.6992,26.0755],[87.7051,26.0789],[87.7063,26.084],[87.7044,26.0863],[87.7031,26.0926],[87.7131,26.0982],[87.7172,26.0982],[87.7228,26.0924],[87.723,26.0866],[87.7122,26.0806],[87.7163,26.0779],[87.7199,26.0724],[87.7218,26.0614],[87.7413,26.0579],[87.7504,26.0593],[87.7539,26.0563],[87.7531,26.0399],[87.7483,26.0366],[87.7491,26.0293],[87.7526,26.0224],[87.7544,26.0153],[87.7536,26.009],[87.7504,25.9998],[87.7456,25.9904],[87.7458,25.9829]]]}},{"type":"Feature","properties":{"name":"Madi River","length_km":106,"rank":2,"name_ne":"माडी नदी"},"geometry":{"type":"MultiLineString","coordinates":[[[82.6841,28.1854],[82.688,28.182],[82.6917,28.1833],[82.692,28.179],[82.6984,28.1715],[82.7001,28.1659],[82.7035,28.1669],[82.7095,28.1631],[82.7092,28.1592],[82.7114,28.1601],[82.7122,28.1587],[82.7111,28.1558],[82.7088,28.1547],[82.7124,28.1511],[82.7123,28.148],[82.7142,28.1452],[82.7325,28.1387],[82.7334,28.1358],[82.7314,28.1344],[82.7346,28.1273]],[[82.7346,28.1273],[82.7357,28.1249],[82.7422,28.1208],[82.7409,28.1195],[82.7417,28.1162],[82.7401,28.1151],[82.7411,28.1126],[82.7431,28.1125],[82.744,28.1139],[82.7464,28.1135],[82.7557,28.1065],[82.7601,28.1084],[82.7649,28.1077],[82.7718,28.1091],[82.7814,28.1017],[82.7825,28.0987],[82.7853,28.0969],[82.7865,28.0935],[82.7909,28.0897],[82.793,28.0855],[82.7945,28.0849],[82.7978,28.0864],[82.7996,28.0853],[82.8019,28.0811],[82.7991,28.0779],[82.7995,28.0715],[82.8012,28.0669],[82.7967,28.065],[82.797,28.0615],[82.7955,28.06],[82.7891,28.0582],[82.789,28.0544],[82.7862,28.0502],[82.7887,28.0467],[82.7859,28.045],[82.7921,28.0358],[82.7863,28.0311],[82.7847,28.0257],[82.7905,28.0239],[82.7937,28.0213],[82.7963,28.0187],[82.7952,28.017],[82.7977,28.0146],[82.8013,28.0132],[82.8066,28.0148],[82.8068,28.012],[82.8091,28.0094],[82.8084,28.0075],[82.8109,28.0035],[82.8212,28.0007],[82.8193,27.9989],[82.8201,27.9961],[82.8228,27.9958],[82.8219,27.9937],[82.8232,27.989],[82.8274,27.9869],[82.8293,27.988],[82.8292,27.9906],[82.8316,27.9899],[82.8325,27.9863],[82.8276,27.9843],[82.8296,27.9812],[82.8334,27.9799],[82.832,27.9744],[82.827,27.9751],[82.8298,27.9712],[82.8327,27.9704],[82.8335,27.9728],[82.8369,27.973],[82.8417,27.9691],[82.843,27.9696],[82.8433,27.9714],[82.846,27.9718],[82.8508,27.9682],[82.8568,27.9678],[82.8649,27.9694],[82.872,27.9651],[82.8765,27.9677],[82.8781,27.9657],[82.8783,27.9622],[82.8849,27.9622],[82.8902,27.9597],[82.8927,27.9605],[82.9006,27.9592],[82.8986,27.9549],[82.9047,27.9495],[82.9079,27.949],[82.9152,27.9507],[82.9167,27.9496],[82.9166,27.9462],[82.9211,27.944],[82.9229,27.9417],[82.9309,27.9428],[82.9324,27.941]],[[82.9324,27.941],[82.9315,27.9384],[82.9323,27.9366],[82.9408,27.9338],[82.9422,27.93]],[[82.5066,28.3958],[82.5086,28.3943],[82.514,28.3956],[82.5161,28.3923],[82.5148,28.3916],[82.5142,28.3881],[82.5165,28.3848],[82.5184,28.3836],[82.5219,28.3843],[82.5229,28.3815],[82.5246,28.3816],[82.5259,28.3795],[82.531,28.3812],[82.5343,28.385],[82.5373,28.384],[82.5434,28.3871],[82.5452,28.3865],[82.5517,28.3782],[82.5537,28.3795],[82.5595,28.3768],[82.5634,28.3779],[82.57,28.3766],[82.5728,28.3724],[82.5761,28.3717],[82.5774,28.3681],[82.5757,28.3589],[82.579,28.3537],[82.5903,28.355],[82.593,28.3526],[82.5913,28.3472],[82.5972,28.3451],[82.5997,28.3458],[82.6006,28.3428],[82.5986,28.3415],[82.601,28.3379],[82.5991,28.3334],[82.5934,28.3273],[82.5912,28.3183],[82.5889,28.3172],[82.5882,28.315],[82.5856,28.3138],[82.5846,28.3107],[82.5807,28.3084],[82.5803,28.306],[82.5791,28.3057],[82.5789,28.3044],[82.5832,28.3014],[82.5824,28.2914],[82.5875,28.2893],[82.5859,28.2875],[82.5862,28.2838],[82.5825,28.2822],[82.5807,28.2795],[82.5886,28.2775],[82.5883,28.2719],[82.5937,28.2699],[82.5917,28.2653],[82.59,28.2642],[82.5902,28.2617],[82.5939,28.2614],[82.6012,28.2653],[82.6054,28.2612],[82.6124,28.2612],[82.6126,28.259],[82.607,28.2573],[82.6071,28.255],[82.6117,28.2529],[82.6122,28.2493],[82.6185,28.2512],[82.622,28.2499],[82.6225,28.2482],[82.6206,28.2463]],[[82.6391,28.2306],[82.6393,28.2285],[82.6425,28.2273],[82.6431,28.2245],[82.6453,28.2237],[82.6426,28.2208],[82.6435,28.216],[82.6478,28.2152],[82.6524,28.2122],[82.654,28.2094],[82.6561,28.2102],[82.6561,28.2115],[82.6588,28.2118],[82.6696,28.2035],[82.6756,28.2032],[82.6745,28.1966],[82.6821,28.1929],[82.6814,28.1867],[82.6841,28.1854]],[[82.6206,28.2463],[82.6214,28.2433],[82.6239,28.2456],[82.627,28.2449],[82.6311,28.2413],[82.6317,28.2393]],[[82.6317,28.2393],[82.6304,28.2365],[82.6326,28.2346],[82.6373,28.2372],[82.6419,28.2359],[82.642,28.2339],[82.6391,28.2321],[82.6391,28.2306]]]}},{"type":"Feature","properties":{"name":"Parmān Nadi","length_km":143,"rank":2},"geometry":{"type":"MultiLineString","coordinates":[[[87.4743,26.4751],[87.4776,26.4727],[87.471,26.4669],[87.4744,26.4599],[87.4715,26.4574],[87.4739,26.4526],[87.47,26.4536],[87.4678,26.4527],[87.4703,26.4466],[87.4651,26.4428],[87.4606,26.4351],[87.4531,26.4283],[87.4558,26.4236],[87.4565,26.4179],[87.4543,26.4153],[87.451,26.4152],[87.4515,26.4058],[87.4598,26.3937],[87.4567,26.3884],[87.4596,26.3832],[87.4564,26.3803],[87.4613,26.3775],[87.4634,26.3737],[87.4698,26.3729],[87.4694,26.3714],[87.4623,26.3666],[87.467,26.364],[87.474,26.3665],[87.4744,26.3638],[87.4722,26.3563],[87.4847,26.3486],[87.4852,26.3446],[87.4805,26.3436],[87.4904,26.3364],[87.4898,26.3326],[87.492,26.3309],[87.4867,26.3278],[87.4871,26.3254],[87.482,26.3215],[87.4816,26.319],[87.4845,26.3191],[87.4859,26.3232],[87.4887,26.32],[87.4878,26.3158],[87.4903,26.3132],[87.4946,26.3163],[87.4978,26.3153],[87.4997,26.3182],[87.5033,26.316],[87.5045,26.3126],[87.5067,26.3134],[87.509,26.3118],[87.5095,26.313],[87.5114,26.3125],[87.5144,26.3063],[87.5084,26.2993],[87.5101,26.2981],[87.5141,26.2996],[87.5179,26.2979],[87.5192,26.2952],[87.5192,26.2888],[87.5178,26.2883],[87.516,26.29],[87.5158,26.2882],[87.5219,26.2863],[87.5241,26.2835],[87.5294,26.2824],[87.5272,26.2787],[87.5313,26.2795],[87.5286,26.2742],[87.5267,26.2756],[87.5253,26.2747],[87.528,26.2691],[87.5302,26.2673],[87.5293,26.2647],[87.5308,26.2578],[87.5298,26.2518],[87.5368,26.2439],[87.5409,26.2346],[87.5351,26.2275],[87.5365,26.2193],[87.5347,26.2182],[87.5308,26.2183],[87.5297,26.2169],[87.5348,26.1944],[87.528,26.1857],[87.5276,26.1833],[87.5292,26.1826],[87.5316,26.1836],[87.5329,26.1876],[87.5375,26.1865],[87.5353,26.1746],[87.5319,26.1719],[87.5252,26.1707],[87.5236,26.1691],[87.5315,26.1669],[87.5378,26.1676],[87.5384,26.1634],[87.537,26.1614],[87.5341,26.1639],[87.5306,26.1643],[87.5271,26.1609],[87.5189,26.1582],[87.5181,26.1562],[87.5193,26.154],[87.5213,26.1532],[87.5257,26.1541],[87.5289,26.1533],[87.5349,26.1564],[87.5387,26.155],[87.5401,26.1532],[87.5375,26.1444],[87.5395,26.1379],[87.5437,26.1371],[87.5491,26.1411],[87.5524,26.1407],[87.5553,26.1369],[87.5566,26.1314],[87.5607,26.1277],[87.5612,26.1236],[87.5627,26.1221],[87.5658,26.1244],[87.5678,26.1287],[87.5694,26.1287],[87.5689,26.1214],[87.5659,26.12],[87.5657,26.1188],[87.5683,26.1171],[87.5721,26.1196],[87.5734,26.1188],[87.5741,26.1104],[87.5781,26.1085],[87.5787,26.1023],[87.5836,26.1034],[87.5886,26.1072],[87.5909,26.1065],[87.5921,26.1046],[87.5912,26.1012],[87.584,26.098],[87.5838,26.0956],[87.5889,26.0917],[87.5958,26.0901],[87.5969,26.088],[87.5955,26.0858],[87.5963,26.0836],[87.6021,26.0831],[87.6051,26.08],[87.6052,26.0754],[87.6131,26.0739],[87.6144,26.0727],[87.6122,26.0654],[87.6091,26.0627],[87.6105,26.0548],[87.6073,26.0491],[87.6073,26.0464],[87.6103,26.0454],[87.6118,26.048],[87.6144,26.0486],[87.6181,26.0424],[87.6207,26.0406],[87.6235,26.0403],[87.6278,26.042],[87.6324,26.0407],[87.6317,26.0373],[87.6214,26.0354],[87.6216,26.0324],[87.6197,26.0294],[87.6208,26.0281],[87.625,26.0279],[87.6296,26.0317],[87.6324,26.0319],[87.6262,26.0172],[87.6263,26.0135],[87.6346,26.0088],[87.6434,26.0111],[87.644,26.0092],[87.6423,26.0038],[87.6474,26.0052],[87.6492,26.003],[87.6414,26.0002],[87.6387,25.9959],[87.6434,25.9931],[87.6469,25.9944],[87.6449,25.9906],[87.6456,25.9869],[87.6401,25.9847],[87.6375,25.9853],[87.6345,25.9882],[87.6357,25.9846],[87.6402,25.9835],[87.6413,25.9818],[87.6342,25.9773],[87.6354,25.9688],[87.6306,25.9613],[87.6311,25.9594],[87.6361,25.96],[87.6455,25.9652],[87.6473,25.9578],[87.6517,25.9578],[87.6562,25.9624],[87.6565,25.9676],[87.6578,25.9669],[87.6588,25.9621],[87.6609,25.9599],[87.6631,25.9601],[87.6634,25.964],[87.6662,25.9668],[87.6828,25.9642],[87.6858,25.9618],[87.6834,25.9563],[87.6867,25.9554],[87.6903,25.9575],[87.6921,25.9651],[87.698,25.966],[87.7042,25.9726],[87.7084,25.9713],[87.7097,25.9591],[87.7138,25.9532],[87.7148,25.9475],[87.7179,25.9456],[87.7181,25.9421],[87.7245,25.9358],[87.7266,25.9296],[87.7243,25.9251],[87.7187,25.9215],[87.7187,25.9188],[87.7223,25.9148],[87.7339,25.9125],[87.7335,25.9095],[87.7294,25.9073],[87.7294,25.9055],[87.7379,25.9005],[87.7376,25.899],[87.7353,25.8984],[87.7284,25.8999],[87.7265,25.8941],[87.7271,25.8894],[87.7357,25.8866],[87.7359,25.8838],[87.734,25.883],[87.7265,25.884],[87.7244,25.8811],[87.726,25.8777],[87.7353,25.8742],[87.7355,25.8715],[87.7222,25.871],[87.7203,25.8697],[87.7203,25.8679],[87.7275,25.8669],[87.729,25.8649],[87.7294,25.861],[87.7312,25.8611],[87.7335,25.8642],[87.7362,25.8654],[87.7385,25.8645],[87.7386,25.8624]]]}},{"type":"Feature","properties":{"name":"Mohana","length_km":149,"rank":2},"geometry":{"type":"MultiLineString","coordinates":[[[80.5414,28.8365],[80.5405,28.8338],[80.5423,28.8304],[80.5421,28.828],[80.5462,28.8246],[80.5452,28.821],[80.5406,28.8184],[80.5435,28.8152],[80.5416,28.813],[80.545,28.8019],[80.544,28.8012],[80.5391,28.8028],[80.5365,28.8018],[80.5386,28.7989],[80.5418,28.8],[80.5437,28.799],[80.5417,28.7926],[80.5371,28.7924],[80.5496,28.7798],[80.5492,28.7721],[80.5471,28.7705],[80.541,28.7698],[80.5356,28.7713],[80.5344,28.7685],[80.5424,28.7611]],[[80.551,28.6939],[80.5658,28.681],[80.5715,28.6819],[80.5757,28.6886],[80.5789,28.6874],[80.5838,28.6801],[80.5876,28.6789],[80.5938,28.6792],[80.5948,28.6774],[80.5934,28.6739],[80.5853,28.6702],[80.5791,28.6713],[80.5783,28.6665],[80.5852,28.658],[80.6012,28.6517],[80.6006,28.6492],[80.5975,28.6476],[80.5985,28.646],[80.6082,28.6478],[80.615,28.646],[80.6172,28.6405],[80.6109,28.6372],[80.6114,28.6344],[80.6175,28.6359],[80.6294,28.6342],[80.6353,28.6363],[80.6395,28.6356],[80.6403,28.6367],[80.6377,28.6414],[80.6376,28.6454],[80.6405,28.6477],[80.6436,28.6463],[80.6501,28.6339]],[[80.6501,28.6339],[80.6515,28.6315],[80.6574,28.6315],[80.6657,28.6379],[80.6715,28.6377],[80.6738,28.6363],[80.6755,28.6304],[80.6729,28.6237],[80.6756,28.6199],[80.6803,28.617],[80.6808,28.6132],[80.6793,28.6114],[80.6763,28.6107],[80.6737,28.6126],[80.6712,28.6184],[80.6658,28.6178],[80.663,28.6159],[80.6624,28.6132],[80.6649,28.6096],[80.676,28.5974],[80.6857,28.6035],[80.6949,28.6029],[80.6957,28.5985],[80.6873,28.5906],[80.6864,28.5869],[80.6878,28.5856],[80.6928,28.5853],[80.7051,28.5881],[80.7142,28.5779],[80.7238,28.5724],[80.7287,28.5633],[80.7366,28.5632],[80.7377,28.5713],[80.7469,28.5798],[80.7605,28.5781],[80.7627,28.5767],[80.7686,28.577],[80.7721,28.5672],[80.7706,28.564],[80.7673,28.5626],[80.7655,28.564],[80.7658,28.5697],[80.7636,28.5723],[80.7607,28.5715],[80.7567,28.5674],[80.7568,28.5625],[80.7653,28.5588],[80.7748,28.5591],[80.7832,28.5561],[80.7894,28.546],[80.7895,28.5407],[80.7865,28.5257],[80.7897,28.5235],[80.796,28.5222],[80.8061,28.5238],[80.8149,28.5269],[80.8195,28.5266],[80.8239,28.5241],[80.8394,28.5106],[80.8423,28.5033],[80.8475,28.4998],[80.8465,28.4956],[80.8484,28.494],[80.8651,28.4974],[80.8679,28.5012],[80.8654,28.5072],[80.8658,28.5104],[80.8701,28.5077],[80.8784,28.5094],[80.8829,28.508],[80.885,28.5059],[80.8916,28.5076],[80.8977,28.5029],[80.9091,28.4982],[80.9106,28.4954],[80.9086,28.4895],[80.9022,28.4876],[80.9007,28.4864],[80.9,28.4829],[80.9058,28.4765],[80.9048,28.4722],[80.9071,28.4699],[80.9064,28.4678],[80.9031,28.4659],[80.9028,28.4641],[80.9077,28.462],[80.9107,28.4592],[80.9151,28.4589],[80.9236,28.4619],[80.9258,28.4611],[80.9273,28.4583],[80.93,28.4578],[80.9324,28.46],[80.9338,28.4651],[80.9366,28.4672],[80.9426,28.4624],[80.9369,28.4574],[80.9371,28.4548],[80.939,28.454],[80.9451,28.4556],[80.9491,28.4551],[80.9529,28.4526],[80.9529,28.449],[80.9541,28.4475],[80.9657,28.4501],[80.9704,28.4494],[80.9723,28.4468],[80.9703,28.445],[80.9683,28.4452],[80.967,28.4471],[80.9639,28.4461],[80.9672,28.4359],[80.983,28.4318],[80.987,28.4329],[80.9878,28.4356],[80.9847,28.4471],[80.9908,28.4479],[80.9963,28.4455],[80.9988,28.4475],[81.0033,28.4556],[81.0073,28.4562],[81.0134,28.4541],[81.0169,28.4514],[81.0184,28.447],[81.0161,28.4411],[81.0087,28.4368],[81.0084,28.4317],[81.0098,28.4286],[81.0153,28.4262],[81.0216,28.427],[81.0237,28.4282],[81.0245,28.4357],[81.0307,28.4372],[81.035,28.4332],[81.0355,28.4233],[81.0302,28.4157],[81.015,28.415],[81.011,28.4093],[81.0043,28.4042],[81.0024,28.4006],[81.0051,28.3956],[81.0095,28.3923],[81.0143,28.391],[81.0203,28.3775],[81.0244,28.3729],[81.0332,28.3708]],[[80.5383,28.7165],[80.537,28.7136],[80.5386,28.7108]],[[80.5559,28.7195],[80.5538,28.718],[80.5465,28.7181],[80.5443,28.7145],[80.5425,28.7152],[80.5408,28.7187],[80.5383,28.7165]],[[80.5386,28.7108],[80.5427,28.706],[80.5416,28.7004],[80.5436,28.6965],[80.551,28.6939]],[[80.5424,28.7611],[80.5452,28.7569],[80.5497,28.7539],[80.5489,28.7525],[80.5442,28.7509],[80.5448,28.7488],[80.5488,28.7472],[80.5504,28.752],[80.5521,28.7523],[80.5535,28.7468]],[[80.5535,28.7468],[80.5456,28.741],[80.5381,28.7391],[80.5377,28.7376],[80.5395,28.7357],[80.5549,28.7319],[80.5564,28.7292],[80.5551,28.7239],[80.5559,28.7195]],[[81.0304,28.4044],[81.0226,28.3966]]]}},{"type":"Feature","properties":{"name":"Loti Karnali Nadi","length_km":42,"rank":1},"geometry":{"type":"MultiLineString","coordinates":[[[82.3035,29.9152],[82.3051,29.9123],[82.3029,29.9075],[82.3011,29.9068],[82.3005,29.9036],[82.2951,29.9008],[82.2948,29.8977],[82.2926,29.8948],[82.284,29.8912],[82.2826,29.8873],[82.2767,29.8832],[82.2763,29.8796],[82.2712,29.8767],[82.2671,29.8709],[82.2531,29.8673],[82.2489,29.8644],[82.2376,29.8628],[82.2323,29.8576],[82.2259,29.8556],[82.2241,29.8527],[82.214,29.8495],[82.2082,29.8407],[82.2005,29.8374],[82.1991,29.8343],[82.1864,29.8257],[82.1814,29.8249],[82.17,29.8311],[82.1584,29.8303],[82.1489,29.8338],[82.1321,29.8346],[82.1251,29.8315],[82.1157,29.8325],[82.1117,29.8318],[82.1063,29.8295],[82.1054,29.8269],[82.1012,29.825],[82.0971,29.8207],[82.087,29.8165],[82.0841,29.8097],[82.0774,29.8054],[82.0761,29.8017],[82.0782,29.7931],[82.0814,29.7893],[82.0802,29.7861],[82.0812,29.7841],[82.0798,29.7756],[82.0849,29.7705],[82.0834,29.7672],[82.0846,29.7646],[82.0838,29.7606]],[[82.0838,29.7606],[82.0831,29.7577],[82.0805,29.7552],[82.0685,29.7495],[82.0654,29.7465],[82.0615,29.7458],[82.0559,29.748],[82.0518,29.748],[82.0459,29.7508],[82.0355,29.7489],[82.0332,29.7464]]]}},{"type":"Feature","properties":{"name":"Trishuli Ganga River","length_km":45,"rank":1,"name_ne":"त्रिशूली गंगा नदी"},"geometry":{"type":"MultiLineString","coordinates":[[[85.1828,27.9909],[85.1802,27.9882],[85.1803,27.9817],[85.1843,27.9714],[85.1791,27.9693],[85.1763,27.9649],[85.1698,27.9626],[85.1671,27.957],[85.1619,27.9548],[85.1629,27.9474],[85.1561,27.9363],[85.1552,27.9324],[85.1535,27.9319],[85.1511,27.934],[85.15,27.9326],[85.1489,27.9286],[85.151,27.9259],[85.1509,27.9223],[85.1432,27.9204],[85.1402,27.9172],[85.1357,27.9162]],[[85.2711,28.1046],[85.267,28.1024],[85.2603,28.0959],[85.2515,28.0929],[85.2429,28.0925],[85.2316,28.0893],[85.2286,28.0853],[85.2222,28.0826],[85.2163,28.0778],[85.2095,28.0745],[85.208,28.0703],[85.2051,28.0678],[85.2077,28.0619],[85.2087,28.0557],[85.2065,28.0522],[85.2028,28.0498],[85.2008,28.0452],[85.1939,28.0398],[85.1948,28.0336],[85.1932,28.0297]],[[85.2981,28.1275],[85.2879,28.1187],[85.2829,28.1162],[85.281,28.113],[85.2725,28.1069],[85.2711,28.1046]],[[85.1127,27.8666],[85.1105,27.862]],[[85.1932,28.0297],[85.1927,28.0273],[85.1879,28.0253]],[[85.1879,28.0253],[85.186,28.0224],[85.1873,28.0162],[85.1853,28.0145]],[[85.1853,28.0145],[85.1837,28.0116],[85.1838,28.0018],[85.1862,27.9968],[85.1822,27.9931],[85.1828,27.9909]],[[85.1144,27.8696],[85.1105,27.862],[85.1069,27.8591]],[[85.1069,27.8591],[85.1017,27.8582],[85.0973,27.8598]],[[85.1357,27.9162],[85.1341,27.9143],[85.1381,27.9106],[85.1409,27.904],[85.1404,27.9021],[85.1368,27.9001],[85.1356,27.8952],[85.1371,27.889],[85.1267,27.8814],[85.1253,27.8746],[85.1144,27.8696]],[[85.0973,27.8598],[85.0945,27.8602]]]}},{"type":"Feature","properties":{"name":"Arun Khola","length_km":51,"rank":1},"geometry":{"type":"MultiLineString","coordinates":[[[83.7143,27.7502],[83.7137,27.7473],[83.7169,27.742],[83.7162,27.7401],[83.7192,27.7386],[83.7215,27.7339],[83.7332,27.7331],[83.7417,27.7287],[83.7459,27.7285],[83.7473,27.7297],[83.7601,27.7327],[83.7612,27.7347],[83.7651,27.7335],[83.7662,27.7352],[83.7709,27.7364],[83.7769,27.7357],[83.7789,27.7371],[83.7818,27.7356],[83.7862,27.7364],[83.7903,27.7351],[83.7941,27.7378],[83.798,27.7358],[83.8009,27.737],[83.8076,27.7352],[83.8127,27.738],[83.8169,27.7351],[83.8229,27.7356],[83.8234,27.7315],[83.8278,27.7339],[83.8324,27.7302],[83.8407,27.7356],[83.852,27.7331],[83.8592,27.7344],[83.8755,27.7332],[83.8769,27.736],[83.8805,27.7334],[83.8836,27.735],[83.884,27.7333],[83.888,27.7321],[83.8884,27.7304],[83.8931,27.7314],[83.8965,27.7298],[83.8987,27.7323],[83.9005,27.7305],[83.9033,27.731],[83.9043,27.7358],[83.9078,27.7345],[83.9059,27.7325],[83.9063,27.7317],[83.9132,27.7315],[83.9159,27.7283],[83.919,27.7299],[83.9212,27.7267],[83.9279,27.7249],[83.9292,27.7268],[83.9309,27.727],[83.9317,27.7234],[83.9396,27.7219],[83.9403,27.7194],[83.9432,27.7188],[83.943,27.7165],[83.9452,27.7156],[83.9461,27.7053],[83.9547,27.6961],[83.9509,27.691],[83.9514,27.6869],[83.9496,27.6859],[83.9466,27.6763],[83.9473,27.6729],[83.9507,27.6708],[83.9569,27.6633],[83.958,27.6569],[83.9571,27.6493],[83.9585,27.6448],[83.9561,27.6403],[83.9559,27.637],[83.9594,27.6312],[83.9549,27.6224],[83.9558,27.6162],[83.9535,27.613],[83.9566,27.6074],[83.9591,27.5982],[83.9613,27.5954],[83.9608,27.5869],[83.9654,27.5826],[83.9663,27.5762],[83.9645,27.5727],[83.9648,27.5673],[83.9715,27.5555]]]}},{"type":"Feature","properties":{"name":"Arun River","length_km":65,"rank":1,"name_ne":"अरुण नदी"},"geometry":{"type":"MultiLineString","coordinates":[[[87.2553,27.5585],[87.2496,27.5512],[87.2477,27.5428],[87.2435,27.5416],[87.2331,27.5416],[87.2314,27.5399]],[[87.3651,27.6924],[87.364,27.6841],[87.3653,27.6796],[87.3629,27.673],[87.3579,27.6653],[87.3578,27.6624],[87.3595,27.659],[87.3579,27.654],[87.3586,27.6511],[87.3511,27.6432],[87.3503,27.6388],[87.3555,27.6305],[87.354,27.6234],[87.3546,27.6174],[87.3596,27.6139],[87.3597,27.6113],[87.3564,27.6071],[87.3515,27.6064],[87.3486,27.6039],[87.3453,27.5981],[87.3418,27.5963],[87.3411,27.5937],[87.3344,27.588],[87.3337,27.5842],[87.3293,27.5804],[87.3285,27.5774]],[[87.4321,27.8429],[87.4248,27.8401],[87.4218,27.841],[87.4052,27.8377],[87.4027,27.8332],[87.4043,27.8297],[87.4158,27.8187],[87.4196,27.8175],[87.4306,27.8096],[87.4339,27.802],[87.4335,27.795],[87.4357,27.7902],[87.4427,27.784],[87.4497,27.7823],[87.4519,27.7802],[87.4505,27.7724],[87.4476,27.7663],[87.4372,27.7586],[87.4303,27.7481],[87.4126,27.7441],[87.4093,27.7395],[87.404,27.7404],[87.4002,27.7441],[87.3933,27.7477],[87.379,27.7495],[87.3729,27.7482],[87.3616,27.7407],[87.3499,27.7391],[87.3468,27.7336],[87.3488,27.7262],[87.3508,27.7239],[87.3562,27.7239],[87.3651,27.7187],[87.3698,27.7133],[87.3711,27.7069],[87.3675,27.7042],[87.3677,27.6979],[87.3651,27.6924]],[[87.2314,27.5399],[87.2316,27.5346],[87.2297,27.528]],[[87.3285,27.5774],[87.3198,27.5673],[87.316,27.5651],[87.3127,27.5572],[87.3029,27.5529],[87.2999,27.5547],[87.2988,27.5625],[87.2989,27.5645],[87.3023,27.5687],[87.302,27.5716],[87.2916,27.578]],[[87.2916,27.578],[87.283,27.5748],[87.277,27.5702],[87.2743,27.5647],[87.2553,27.5585]]]}},{"type":"Feature","properties":{"name":"Mugu karnali Nadi","length_km":67,"rank":1},"geometry":{"type":"MultiLineString","coordinates":[[[82.1708,29.554],[82.1613,29.5562],[82.151,29.5662],[82.1481,29.5661],[82.1428,29.5726],[82.1327,29.5761],[82.1266,29.5833],[82.1184,29.5836],[82.1116,29.5928],[82.1049,29.5956],[82.1025,29.5948],[82.1011,29.5923],[82.0964,29.5933],[82.0946,29.5915],[82.0835,29.5944],[82.0785,29.5941],[82.0763,29.5953],[82.0732,29.5944],[82.066,29.5963],[82.0569,29.596],[82.0527,29.5943],[82.0516,29.5972],[82.0532,29.599],[82.0533,29.6016],[82.05,29.6038],[82.0481,29.603],[82.0471,29.6003],[82.0255,29.591],[82.0242,29.5927],[82.019,29.5931],[82.0168,29.5969],[82.0028,29.5983],[82.0017,29.6006],[81.9961,29.6018],[81.9878,29.6065],[81.9814,29.6059],[81.9744,29.6087],[81.9723,29.6082],[81.9628,29.6134],[81.9563,29.6106],[81.954,29.6111],[81.9491,29.6081],[81.9433,29.6078],[81.9347,29.6124],[81.9201,29.6163],[81.9051,29.6149],[81.9007,29.6134],[81.8915,29.6142],[81.8822,29.6116],[81.8799,29.6138],[81.8734,29.6139],[81.8604,29.6184],[81.8523,29.6197]],[[82.2947,29.5941],[82.2913,29.5941],[82.2896,29.5919],[82.2857,29.5912],[82.2734,29.5815],[82.2658,29.58],[82.26,29.5743],[82.2488,29.5711],[82.2468,29.5687],[82.244,29.5598],[82.2348,29.5558],[82.2255,29.5577],[82.2177,29.5538],[82.2054,29.5501],[82.1962,29.5518],[82.1928,29.5501],[82.1868,29.5499],[82.1821,29.5528],[82.1771,29.5519],[82.1708,29.554]],[[82.4345,29.5907],[82.4189,29.5892],[82.4114,29.5843],[82.401,29.5811],[82.395,29.575],[82.3766,29.5699],[82.3707,29.5705],[82.3595,29.5745],[82.3493,29.5734],[82.3403,29.5773],[82.3351,29.5778],[82.3275,29.5834],[82.316,29.5876],[82.3048,29.5934],[82.2983,29.5952],[82.2947,29.5941]]]}},{"type":"Feature","properties":{"name":"Karnali","length_km":69,"rank":1,"name_ne":"कर्णाली"},"geometry":{"type":"MultiLineString","coordinates":[[[81.4453,30.1809],[81.4542,30.1686],[81.4646,30.1627],[81.4802,30.1592],[81.5088,30.158],[81.5208,30.1545],[81.524,30.1492],[81.5236,30.1412],[81.5282,30.1345],[81.5325,30.1242],[81.5295,30.1083],[81.5344,30.0976],[81.5328,30.0941],[81.5332,30.0885],[81.525,30.0855],[81.526,30.0809]],[[81.526,30.0809],[81.5273,30.0787],[81.5342,30.0745],[81.5446,30.0734],[81.5538,30.0646],[81.5615,30.0633],[81.5673,30.0657],[81.574,30.0622],[81.5749,30.0595],[81.58,30.0567],[81.588,30.0564],[81.5949,30.063],[81.6093,30.0585],[81.6139,30.0557],[81.6226,30.0566],[81.6268,30.0512],[81.6367,30.045],[81.6392,30.0408],[81.6478,30.0372],[81.6511,30.0343],[81.6546,30.0349],[81.6563,30.0382],[81.6646,30.0435],[81.6728,30.0442],[81.6788,30.0408],[81.6813,30.0428],[81.6915,30.0439],[81.6944,30.0466],[81.6973,30.0474],[81.7031,30.0464],[81.7151,30.0416],[81.7267,30.0424],[81.7361,30.0382],[81.7422,30.0374],[81.7467,30.0331],[81.749,30.0278],[81.7552,30.024],[81.7546,30.0191],[81.758,30.0124],[81.7641,30.0075],[81.7668,30.0011],[81.7731,29.9938],[81.782,29.9867],[81.785,29.9797],[81.785,29.9715],[81.7885,29.9667],[81.7926,29.9637],[81.8029,29.9611],[81.8068,29.9579],[81.8139,29.9579]],[[81.3339,30.1528],[81.3397,30.1528],[81.3437,30.1501],[81.3546,30.1542],[81.3629,30.1541],[81.3656,30.1527],[81.3719,30.1535],[81.3851,30.1614],[81.3896,30.1619],[81.3941,30.1646],[81.4039,30.1636],[81.4066,30.1648],[81.4196,30.1646],[81.4272,30.1668],[81.4393,30.18],[81.4453,30.1809]]]}},{"type":"Feature","properties":{"name":"Babai River","length_km":74,"rank":1,"name_ne":"बबई नदी"},"geometry":{"type":"MultiLineString","coordinates":[[[82.1942,28.0774],[82.1922,28.08],[82.1861,28.0826],[82.1845,28.0865],[82.1816,28.0876],[82.1701,28.0864],[82.1643,28.0883],[82.1596,28.0876],[82.1527,28.0908],[82.1513,28.0953],[82.1516,28.1],[82.1495,28.1013],[82.1454,28.1003],[82.1391,28.1033],[82.1387,28.1107],[82.1351,28.1115],[82.1323,28.1094],[82.1292,28.1119],[82.1259,28.1122],[82.1242,28.1143],[82.1187,28.1158],[82.1099,28.1257],[82.1114,28.1287],[82.1095,28.1318],[82.1138,28.1359],[82.1144,28.1416],[82.1072,28.1418],[82.105,28.1446],[82.1071,28.148],[82.1125,28.1496],[82.1142,28.1528],[82.1107,28.1551],[82.1075,28.1555],[82.1046,28.1519],[82.1008,28.1499],[82.0985,28.1516],[82.0982,28.1539],[82.1022,28.1609],[82.1004,28.1604],[82.0976,28.1619],[82.0947,28.1674],[82.0931,28.1673],[82.0934,28.1621],[82.0836,28.1574],[82.0775,28.1644],[82.0758,28.1641],[82.0746,28.162]],[[82.3047,28.0362],[82.3005,28.0311],[82.2952,28.0312],[82.2919,28.0291],[82.2832,28.0332],[82.2692,28.0304],[82.2639,28.032],[82.2547,28.0357],[82.2532,28.0409],[82.2449,28.0463],[82.2448,28.0501],[82.2417,28.0508],[82.2404,28.048],[82.2363,28.0477],[82.2314,28.0521],[82.2305,28.0553],[82.2222,28.058],[82.2157,28.0645],[82.2089,28.067],[82.2033,28.0652],[82.2003,28.0682],[82.1955,28.0694],[82.1942,28.0774]],[[82.4987,27.9703],[82.4908,27.9692],[82.485,27.9744],[82.4781,27.9736],[82.4683,27.9778],[82.4644,27.9772],[82.4549,27.9787],[82.4516,27.9777],[82.4494,27.98],[82.4441,27.9814],[82.4426,27.9834],[82.4365,27.9827],[82.435,27.984],[82.4387,27.9875],[82.4381,27.9921],[82.4317,27.9939],[82.4308,27.9985],[82.4262,28.0009],[82.4226,27.9989],[82.4183,28.0005],[82.4201,27.9954],[82.4193,27.9943],[82.4153,27.9941],[82.4165,27.9985],[82.4142,27.999],[82.4091,27.9976],[82.41,28.001],[82.408,28.0007],[82.4032,27.9981],[82.4019,27.9922],[82.3982,27.9915],[82.4003,27.9955],[82.397,27.9991],[82.3952,27.9975],[82.3916,27.9977],[82.3893,28.0021],[82.3842,28.005],[82.3805,28.0026],[82.3786,28.0067],[82.3754,28.0096],[82.3739,28.007],[82.3718,28.0074],[82.371,28.0117],[82.3745,28.0108],[82.3772,28.0126],[82.3729,28.0147]],[[82.3729,28.0147],[82.3646,28.0182],[82.3614,28.0257],[82.3592,28.0263],[82.3564,28.0248],[82.3508,28.0279],[82.3479,28.026],[82.345,28.0258],[82.3421,28.0226],[82.3385,28.0236],[82.3352,28.0222],[82.3341,28.0244],[82.3331,28.0235],[82.333,28.0197],[82.3303,28.0192],[82.3263,28.0208],[82.3221,28.0174],[82.3205,28.0224],[82.3168,28.0242],[82.3212,28.0252],[82.3238,28.0282],[82.317,28.0295],[82.316,28.0354],[82.3097,28.0357],[82.3063,28.0378],[82.3047,28.0362]]]}},{"type":"Feature","properties":{"name":"Tamakoshi","length_km":75,"rank":1},"geometry":{"type":"MultiLineString","coordinates":[[[86.1957,27.7597],[86.1932,27.7569],[86.1908,27.7565],[86.179,27.7491],[86.1738,27.7415],[86.1696,27.7403],[86.1678,27.7364],[86.1655,27.7357],[86.16,27.7305],[86.1588,27.7242],[86.1557,27.7228],[86.1537,27.7196]],[[86.1171,27.7881],[86.1231,27.7839],[86.1264,27.7827],[86.1283,27.7833],[86.1285,27.781],[86.1313,27.7811],[86.1315,27.7791],[86.1368,27.776],[86.1371,27.7737],[86.1408,27.7705],[86.1421,27.7667],[86.144,27.7669],[86.145,27.7652],[86.1486,27.7581],[86.1487,27.7553],[86.1533,27.7503],[86.1557,27.7496],[86.1569,27.7462],[86.1613,27.7421],[86.1653,27.7356]],[[86.1537,27.7196],[86.1492,27.718],[86.1505,27.7109],[86.1427,27.7021],[86.135,27.6982],[86.1321,27.6983],[86.1305,27.6959],[86.1313,27.6927],[86.1279,27.6912],[86.1267,27.6929],[86.1222,27.6919],[86.1208,27.6907],[86.121,27.6861],[86.1194,27.6845],[86.1116,27.6831],[86.1085,27.6808],[86.1069,27.6831],[86.1052,27.6827],[86.1043,27.6817],[86.1063,27.68],[86.105,27.6763],[86.1016,27.6757],[86.1005,27.6734],[86.0944,27.671],[86.0871,27.6578],[86.0876,27.6516],[86.0862,27.6485],[86.0865,27.6427],[86.0842,27.6395],[86.0848,27.6348],[86.0827,27.6326],[86.0796,27.6207],[86.0745,27.616],[86.0758,27.6139],[86.0754,27.6111],[86.0785,27.609],[86.0778,27.6063],[86.0805,27.5934],[86.0825,27.5901],[86.0816,27.582],[86.0842,27.5785],[86.0848,27.572],[86.0828,27.5678],[86.0844,27.5655],[86.0834,27.5616],[86.0856,27.5598],[86.083,27.5515],[86.084,27.548],[86.0807,27.5435],[86.0825,27.5419],[86.0817,27.5396],[86.0832,27.5348],[86.0859,27.5309],[86.0844,27.5269],[86.0876,27.5167],[86.086,27.5099],[86.0932,27.5059],[86.0934,27.5003]],[[86.1127,27.4749],[86.1112,27.4707],[86.111,27.4643],[86.1122,27.4613],[86.1082,27.4565],[86.1077,27.4541],[86.1091,27.4513],[86.1057,27.448],[86.1046,27.4426],[86.0935,27.4363],[86.0918,27.4295],[86.0851,27.426],[86.084,27.4203],[86.0846,27.4163],[86.0817,27.4149],[86.0784,27.4111],[86.0704,27.4088],[86.069,27.4037],[86.0595,27.3958],[86.0553,27.3882],[86.0516,27.3861],[86.0476,27.3858],[86.0437,27.3803],[86.0382,27.38],[86.0322,27.3764],[86.0298,27.3765],[86.0275,27.3728],[86.0088,27.3794],[86.0049,27.3766],[86.0067,27.3732],[86.0057,27.3715],[85.9966,27.3745],[85.994,27.3684],[85.9892,27.3654],[85.9883,27.3584],[85.9827,27.3517]],[[86.0934,27.5003],[86.0958,27.4982],[86.0988,27.4981],[86.1065,27.4893],[86.107,27.4864],[86.1089,27.4854],[86.1104,27.4821],[86.1151,27.4802],[86.1149,27.4778],[86.1127,27.4749]]]}},{"type":"Feature","properties":{"name":"Babai Khola","length_km":78,"rank":1},"geometry":{"type":"MultiLineString","coordinates":[[[81.9372,28.2603],[81.9255,28.2563],[81.9186,28.2577],[81.9137,28.2527],[81.9096,28.2527],[81.9082,28.2537],[81.909,28.2593],[81.9059,28.2624],[81.9003,28.2629],[81.8984,28.2642],[81.8945,28.2709],[81.8847,28.2714],[81.8824,28.2728],[81.8812,28.2746],[81.8844,28.2796],[81.8835,28.2813],[81.8791,28.2822],[81.874,28.2787],[81.866,28.2801],[81.8632,28.2895],[81.8604,28.2909],[81.8577,28.2905],[81.8559,28.2926],[81.8567,28.3],[81.8524,28.2988],[81.8533,28.2941],[81.8451,28.2924],[81.8397,28.2973],[81.8405,28.3024],[81.8397,28.304],[81.8332,28.3087],[81.8305,28.3088],[81.8284,28.3074],[81.8228,28.2975],[81.821,28.2966],[81.8182,28.2973],[81.8169,28.3019],[81.8196,28.309],[81.8151,28.3112],[81.804,28.3083],[81.8013,28.3116],[81.803,28.3198],[81.7968,28.3216],[81.7917,28.3216],[81.7858,28.3275],[81.7819,28.329],[81.7809,28.334],[81.7779,28.3374],[81.7641,28.3411],[81.7556,28.3408],[81.7518,28.339],[81.7409,28.3416],[81.7367,28.3442],[81.7367,28.3465],[81.7384,28.3491],[81.7369,28.3508],[81.7338,28.3509],[81.7302,28.3459],[81.7276,28.3464],[81.7213,28.3507],[81.72,28.3543],[81.7175,28.356],[81.7003,28.3611],[81.6987,28.3623],[81.7004,28.3644],[81.7,28.3657],[81.6925,28.3676],[81.6869,28.3671],[81.683,28.3649],[81.678,28.3594],[81.6759,28.3593],[81.6715,28.3635],[81.6691,28.3689],[81.6594,28.3692],[81.6611,28.3728],[81.6599,28.3755],[81.6538,28.3758],[81.6498,28.3731],[81.6464,28.375],[81.6447,28.3768],[81.6425,28.384],[81.6379,28.3883],[81.6364,28.3923],[81.6257,28.4001],[81.621,28.4016],[81.611,28.3987],[81.6049,28.3998],[81.6007,28.3985],[81.5981,28.3991],[81.5959,28.4039],[81.5902,28.4076],[81.5893,28.41],[81.5849,28.4109],[81.5806,28.4141],[81.5762,28.4147],[81.5749,28.4203],[81.5698,28.4227],[81.556,28.4244],[81.5505,28.4279],[81.5471,28.4263],[81.5437,28.4268],[81.5389,28.4317],[81.5348,28.4307],[81.5332,28.4282],[81.5303,28.4292],[81.5297,28.432],[81.5263,28.4329],[81.5254,28.4309],[81.5146,28.4284],[81.503,28.4307],[81.4903,28.4299],[81.4867,28.431],[81.4842,28.4384],[81.4812,28.4419],[81.4733,28.4396],[81.4638,28.4419],[81.4531,28.4409],[81.4478,28.4362],[81.4452,28.4369],[81.4413,28.4415]],[[81.9609,28.2225],[81.962,28.2301],[81.9519,28.2377],[81.9521,28.2441],[81.9472,28.2495],[81.945,28.2555],[81.9404,28.2607],[81.932,28.2589]]]}},{"type":"Feature","properties":{"name":"Seti Khola","length_km":86,"rank":1},"geometry":{"type":"MultiLineString","coordinates":[[[84.2739,27.9428],[84.2752,27.9372],[84.2814,27.9319],[84.2856,27.9256],[84.2908,27.9232],[84.2957,27.9189],[84.3125,27.9149],[84.3142,27.9097],[84.3178,27.9073],[84.3178,27.9036],[84.3236,27.899],[84.3232,27.8927],[84.3245,27.8869],[84.3281,27.8865],[84.332,27.8815],[84.3489,27.8771],[84.3495,27.8742],[84.3591,27.8683],[84.3656,27.868],[84.3718,27.8701],[84.3814,27.8696],[84.387,27.8636],[84.3929,27.8607],[84.3948,27.8575],[84.3978,27.8562],[84.4002,27.8514],[84.4046,27.8511],[84.4105,27.8486],[84.4138,27.8506],[84.4171,27.8453],[84.4227,27.8429],[84.424,27.8449],[84.4267,27.8456],[84.4333,27.8451],[84.4371,27.8342],[84.4501,27.8355],[84.465,27.8326],[84.4677,27.8303],[84.4652,27.8262],[84.4614,27.8254],[84.4567,27.8216],[84.4524,27.8211]],[[84.0703,28.1359],[84.0715,28.1321],[84.0766,28.1301],[84.0762,28.1284],[84.0854,28.1273]],[[84.0758,28.0319],[84.0756,28.0294],[84.079,28.0257],[84.0792,28.0214],[84.0828,28.0197],[84.0853,28.0165],[84.0878,28.016],[84.0842,28.0108],[84.0864,28.0063],[84.0856,28.001],[84.0895,27.9927],[84.0861,27.991],[84.0851,27.988],[84.0827,27.9871],[84.0816,27.9805],[84.0854,27.9806],[84.087,27.9783],[84.0902,27.979],[84.093,27.9734],[84.0967,27.9723],[84.1037,27.9737],[84.1118,27.9702],[84.116,27.971],[84.1158,27.9682],[84.1251,27.9649],[84.1272,27.967],[84.1281,27.973],[84.1341,27.9678],[84.1363,27.9678],[84.1454,27.9763],[84.1515,27.9724],[84.1488,27.9684],[84.1504,27.9666],[84.1572,27.9696],[84.1552,27.9725],[84.1577,27.9735],[84.1622,27.9705],[84.1637,27.9632],[84.1701,27.959],[84.1934,27.9586],[84.1986,27.9566],[84.207,27.9563],[84.2074,27.953],[84.2097,27.9509],[84.2137,27.9541],[84.2181,27.9551],[84.2272,27.9528],[84.2381,27.954],[84.2408,27.9516],[84.2566,27.9515],[84.2566,27.9549],[84.2612,27.9565],[84.262,27.9618],[84.2658,27.9674],[84.2723,27.9692],[84.2772,27.9637],[84.276,27.9578],[84.2784,27.9516],[84.273,27.9474],[84.2739,27.9428]],[[84.0851,28.0092],[84.0864,28.0063]],[[84.2619,27.9608],[84.263,27.9632]],[[84.2073,27.9561],[84.2077,27.955]],[[84.0968,27.9725],[84.0993,27.9734]],[[84.0854,28.1273],[84.0859,28.1236],[84.0831,28.1214],[84.0831,28.1198],[84.0885,28.1177],[84.0886,28.1135],[84.0824,28.1047],[84.0824,28.1008],[84.0786,28.1011],[84.0778,28.0969],[84.0795,28.0925],[84.0719,28.0814],[84.0718,28.0787],[84.0671,28.0738],[84.0679,28.0678],[84.0638,28.0644],[84.0656,28.0612],[84.0689,28.0597],[84.0695,28.049],[84.073,28.0411],[84.0772,28.0374],[84.0775,28.0349],[84.0758,28.0319]],[[84.0865,28.0165],[84.0866,28.0135]],[[84.0851,27.9807],[84.0876,27.9803],[84.0863,27.9792]],[[84.1195,27.9669],[84.122,27.9665]],[[84.1349,27.9678],[84.1365,27.9686]],[[84.1838,27.959],[84.1883,27.9588]],[[84.2631,27.9636],[84.2646,27.9653]]]}},{"type":"Feature","properties":{"name":"Dudh Koshi","length_km":128,"rank":1,"name_ne":"दुधकोशी नदी"},"geometry":{"type":"MultiLineString","coordinates":[[[86.7179,27.9112],[86.7243,27.9021],[86.7246,27.9],[86.7225,27.8955],[86.7261,27.8837],[86.7311,27.8804],[86.7333,27.8773],[86.7331,27.8743],[86.7361,27.8697],[86.7361,27.8658],[86.7393,27.8602],[86.7384,27.8561],[86.7424,27.8537],[86.7452,27.85],[86.7435,27.8479],[86.7427,27.8433],[86.7448,27.8413],[86.7456,27.8393],[86.7445,27.8382],[86.7466,27.836]],[[86.7083,27.9306],[86.7093,27.9234],[86.7112,27.9192],[86.7157,27.9161],[86.7169,27.9114],[86.7179,27.9112]],[[86.7191,27.7895],[86.7193,27.7868],[86.722,27.7844],[86.723,27.7791]],[[86.7219,27.7656],[86.7169,27.7604],[86.7131,27.7607],[86.7106,27.7583],[86.7108,27.7549],[86.7135,27.7498],[86.7135,27.7438],[86.7126,27.7424],[86.7111,27.7428],[86.7111,27.7405],[86.7094,27.7391],[86.7116,27.7369],[86.711,27.7355],[86.7129,27.7307],[86.7106,27.7277],[86.7123,27.7254],[86.7108,27.7235],[86.7129,27.7202],[86.7107,27.719],[86.7125,27.7172],[86.7103,27.7106],[86.7124,27.7046],[86.71,27.6987],[86.7124,27.6942],[86.7102,27.692],[86.7106,27.6872],[86.713,27.6862],[86.7142,27.6804],[86.7157,27.6787],[86.7148,27.675],[86.7105,27.6707],[86.7098,27.6668],[86.707,27.6652],[86.7052,27.6622],[86.703,27.6547],[86.7034,27.6518],[86.7015,27.6476],[86.702,27.6429],[86.6973,27.6329],[86.6981,27.6304],[86.6972,27.6279]],[[86.7466,27.836],[86.7458,27.8297],[86.7404,27.8259],[86.7377,27.8223],[86.7385,27.8177],[86.7347,27.8122],[86.7355,27.8105],[86.7276,27.8048],[86.725,27.7992],[86.7229,27.7983],[86.7187,27.7915],[86.7191,27.7895]],[[86.6972,27.6279],[86.6967,27.6192],[86.6947,27.6149],[86.6882,27.6047],[86.6789,27.597],[86.6786,27.5932],[86.6744,27.584],[86.674,27.577],[86.6751,27.5761],[86.6747,27.5735],[86.6773,27.5665],[86.6846,27.5647],[86.6884,27.5618],[86.6913,27.5624],[86.6999,27.5592],[86.703,27.5549],[86.7097,27.5497],[86.7122,27.5454],[86.7123,27.5357],[86.7077,27.5307],[86.7093,27.5292],[86.7056,27.5268],[86.7063,27.5257],[86.7046,27.5215],[86.7024,27.5199],[86.6994,27.5144],[86.6964,27.5131],[86.6942,27.5087],[86.6932,27.5029],[86.6915,27.5008],[86.6928,27.4983],[86.6907,27.4968],[86.6932,27.4933],[86.6915,27.4907],[86.7025,27.4877],[86.7067,27.4846],[86.7101,27.4853],[86.7138,27.482],[86.7146,27.4795],[86.7222,27.4749],[86.7259,27.4583],[86.7258,27.4516],[86.721,27.4472],[86.7199,27.4433],[86.7167,27.441],[86.7122,27.4408],[86.7086,27.4383],[86.7023,27.4369],[86.7008,27.4335],[86.6971,27.4316],[86.6933,27.4265],[86.6905,27.4217],[86.6899,27.418],[86.6869,27.4169],[86.6854,27.4145],[86.6855,27.4119],[86.6822,27.4085],[86.6828,27.4061],[86.6807,27.4025],[86.6823,27.3988],[86.6805,27.397],[86.681,27.3919],[86.6828,27.3897],[86.6801,27.3853],[86.6832,27.3837],[86.6835,27.3803],[86.6813,27.3772],[86.6825,27.3746],[86.6819,27.3705],[86.6788,27.3668],[86.6801,27.363],[86.679,27.3608],[86.6804,27.3581],[86.6784,27.3545],[86.6789,27.3528]],[[86.6789,27.3528],[86.6799,27.3459],[86.678,27.3427],[86.6803,27.3347],[86.6833,27.3314],[86.6831,27.3275],[86.6805,27.3248],[86.6835,27.318],[86.6824,27.3152],[86.6858,27.3118],[86.6819,27.3063],[86.6764,27.3023],[86.6768,27.2985],[86.6722,27.2999],[86.6668,27.2975],[86.668,27.2927],[86.6719,27.2911],[86.6728,27.2884],[86.6687,27.2843],[86.6697,27.2805],[86.6666,27.2776],[86.6708,27.2729],[86.6681,27.2687],[86.6602,27.2689],[86.6569,27.2623],[86.6495,27.2641],[86.6452,27.2593],[86.634,27.2564],[86.6299,27.2478],[86.6223,27.2471],[86.6201,27.2448],[86.6192,27.2429],[86.6198,27.2365],[86.6182,27.2346],[86.6153,27.2348],[86.6117,27.2373],[86.6092,27.2364],[86.6065,27.233],[86.602,27.2328],[86.5968,27.2346],[86.5923,27.2269],[86.5876,27.2236],[86.5831,27.2279],[86.5761,27.224],[86.5729,27.2274],[86.5611,27.2234],[86.5581,27.2269],[86.5556,27.2265],[86.5533,27.2247],[86.5528,27.2219],[86.5561,27.2207],[86.5556,27.219],[86.5481,27.2194],[86.5469,27.218],[86.5471,27.2151],[86.5438,27.2131],[86.5421,27.2091],[86.5384,27.2083],[86.538,27.2069]],[[86.538,27.2069],[86.5372,27.2045],[86.5304,27.2008],[86.527,27.1963],[86.5268,27.1937],[86.5246,27.1925],[86.5214,27.1922],[86.5143,27.1881],[86.5073,27.1858],[86.4911,27.1868],[86.4828,27.1796],[86.4782,27.179],[86.4733,27.1765],[86.471,27.1704],[86.4657,27.167],[86.4476,27.1645],[86.4343,27.1526],[86.4333,27.1509],[86.4342,27.1488]],[[86.7205,27.7759],[86.72,27.7733],[86.722,27.7692],[86.7219,27.7656]],[[86.723,27.7791],[86.7205,27.7759]]]}},{"type":"Feature","properties":{"name":"Koshi River","length_km":131,"rank":1,"name_ne":"सप्तकोशी"},"geometry":{"type":"MultiLineString","coordinates":[[[87.089,26.7175],[87.0878,26.7128],[87.0855,26.7095],[87.0667,26.6966],[87.0608,26.6836],[87.0527,26.6806],[87.0409,26.6793],[87.0342,26.6709],[87.0284,26.6684],[87.0221,26.6528],[87.0136,26.6417],[87.0121,26.6412],[87.0129,26.6396],[87.0109,26.628],[87.0084,26.6223],[87.0036,26.6169],[86.9977,26.6135]],[[86.9284,26.5276],[86.9272,26.5261],[86.9101,26.5211],[86.9017,26.5117],[86.8924,26.5069],[86.8897,26.5039],[86.8894,26.4919],[86.8956,26.4818],[86.9019,26.4571],[86.9007,26.4541],[86.886,26.4428],[86.8797,26.4361],[86.8725,26.4368],[86.8705,26.4353],[86.8685,26.4308],[86.8631,26.4311],[86.8593,26.429],[86.855,26.419],[86.8503,26.4153],[86.844,26.4141],[86.8362,26.4012],[86.8255,26.3942],[86.8102,26.3868],[86.8026,26.3848],[86.7865,26.3756],[86.7811,26.3763],[86.7758,26.3745],[86.7766,26.3682],[86.7757,26.3664],[86.7626,26.3635],[86.7535,26.3644],[86.7351,26.3587],[86.7303,26.3534],[86.7051,26.3374],[86.7039,26.3282],[86.6993,26.3234],[86.6788,26.3177],[86.6729,26.3132]],[[87.0121,26.6412],[87.0091,26.6413],[87.0006,26.6335],[86.9984,26.6301],[86.9974,26.6179],[86.9889,26.6099],[86.987,26.6058],[86.987,26.6023],[86.9903,26.5987]],[[86.9827,26.5884],[86.9789,26.5903],[86.9728,26.5879],[86.9723,26.5783]],[[86.9892,26.5965],[86.9796,26.5964],[86.9722,26.5929],[86.9668,26.5874],[86.9578,26.5739],[86.9445,26.5708],[86.9404,26.5676],[86.937,26.5632],[86.93,26.54],[86.9272,26.5261]],[[87.1612,26.9102],[87.1644,26.9074],[87.1677,26.9018],[87.1681,26.8879],[87.164,26.8763],[87.1585,26.8758],[87.1524,26.8695],[87.1512,26.8575],[87.1489,26.8518],[87.148,26.8442],[87.1408,26.8327],[87.1389,26.8271],[87.1393,26.8237],[87.1443,26.8178],[87.146,26.8116],[87.1503,26.8044],[87.1371,26.7935],[87.1223,26.7841],[87.1136,26.7676],[87.0965,26.7599],[87.094,26.7494],[87.0985,26.7317],[87.0982,26.7278],[87.0966,26.7224],[87.089,26.7175]],[[87.1223,26.7841],[87.1147,26.7839],[87.1078,26.7811],[87.0993,26.7711],[87.097,26.7606]],[[86.9977,26.6135],[86.9939,26.603],[86.9803,26.5854],[86.9717,26.5776],[86.9677,26.5659],[86.9641,26.5601],[86.9547,26.5515],[86.9328,26.5419],[86.9301,26.5372],[86.9284,26.5276]],[[86.9298,26.5212],[86.9209,26.4998],[86.9193,26.4925],[86.9148,26.4878],[86.9139,26.481],[86.9034,26.4688],[86.9005,26.4567],[86.8925,26.4493],[86.8873,26.4465],[86.8796,26.4373],[86.8705,26.4315]]]}},{"type":"Feature","properties":{"name":"Budhi Gandaki","length_km":133,"rank":1},"geometry":{"type":"MultiLineString","coordinates":[[[84.8064,28.5346],[84.8224,28.532]],[[84.8101,28.0336],[84.8121,28.0327],[84.8134,28.0288],[84.8121,28.0256],[84.8132,28.0218],[84.8102,28.019],[84.8097,28.0168],[84.8107,28.0123],[84.8134,28.0095],[84.8116,28.0033],[84.8019,28.0004],[84.7971,28.0023],[84.7968,27.9981],[84.7893,27.9974],[84.7881,27.995],[84.7883,27.9895],[84.7855,27.9875],[84.7845,27.9837],[84.7788,27.9816],[84.777,27.9777],[84.7713,27.9771],[84.7752,27.9734],[84.7743,27.971],[84.7699,27.9678],[84.763,27.9679],[84.7601,27.9669],[84.7573,27.9632],[84.7455,27.9601],[84.7464,27.9551],[84.7408,27.948],[84.7392,27.9367],[84.7336,27.9321],[84.736,27.9306],[84.7361,27.9285],[84.7317,27.9259],[84.7337,27.9238],[84.7352,27.9151],[84.7332,27.9075],[84.7373,27.897],[84.7359,27.8918],[84.7494,27.8861],[84.7457,27.88],[84.7526,27.8748],[84.7552,27.8694],[84.7554,27.863],[84.7573,27.8602],[84.7598,27.8592],[84.7636,27.8601],[84.7655,27.8588],[84.7652,27.854],[84.7682,27.8516],[84.7673,27.8441],[84.7706,27.8422],[84.7707,27.839],[84.7761,27.8351],[84.7734,27.8301],[84.7742,27.8238],[84.7773,27.8189],[84.7829,27.8139]],[[84.6401,28.6161],[84.639,28.612],[84.6401,28.6086]],[[84.9009,28.4419],[84.9005,28.4375],[84.8971,28.4339],[84.896,28.4297]],[[84.8834,28.2529],[84.8809,28.2496],[84.8801,28.2453],[84.8776,28.2427],[84.877,28.2358],[84.8751,28.2321]],[[84.6268,28.6535],[84.6318,28.6506],[84.6316,28.6457],[84.6355,28.6417],[84.6375,28.6319],[84.6394,28.63],[84.6409,28.6222],[84.6401,28.6086],[84.6424,28.5985],[84.6412,28.5957],[84.643,28.5902],[84.6423,28.5889],[84.6456,28.586],[84.6507,28.5834],[84.6536,28.5837],[84.6586,28.5798],[84.6619,28.579],[84.6641,28.5798],[84.6718,28.5786],[84.6751,28.5812],[84.6798,28.5821],[84.6931,28.5801],[84.6941,28.5787],[84.7026,28.5774],[84.7187,28.5705],[84.724,28.5709],[84.7356,28.5654]],[[84.8751,28.2321],[84.8774,28.2132],[84.8751,28.2086],[84.8754,28.2005],[84.877,28.1916],[84.8807,28.1846],[84.8802,28.1806],[84.8827,28.1781],[84.8829,28.1729],[84.8707,28.1605],[84.8665,28.1521],[84.866,28.1471],[84.8643,28.144],[84.8575,28.1393],[84.8554,28.1356],[84.8537,28.1217],[84.8424,28.1154],[84.8428,28.1118],[84.837,28.1039],[84.8381,28.1011],[84.8365,28.0984],[84.8373,28.0956],[84.8319,28.0901],[84.8316,28.0847],[84.8289,28.0809],[84.8281,28.0759],[84.8257,28.0725],[84.8235,28.0657],[84.8205,28.0629],[84.8216,28.0587],[84.8183,28.0544],[84.8186,28.048],[84.811,28.0419],[84.809,28.0373],[84.8101,28.0336]],[[84.8927,28.3995],[84.8935,28.3953],[84.8922,28.3886],[84.8945,28.3855],[84.8878,28.3783],[84.8871,28.366],[84.8898,28.3581],[84.8927,28.3535],[84.8972,28.3526],[84.8971,28.3492],[84.9022,28.341],[84.9015,28.3377],[84.9073,28.3279],[84.9061,28.3216],[84.9047,28.3198],[84.9054,28.3152],[84.9027,28.3097],[84.9085,28.2998],[84.9074,28.2976],[84.9008,28.2922],[84.9009,28.2857],[84.8986,28.2738],[84.8909,28.2663],[84.8891,28.2597],[84.8834,28.2529]],[[84.8671,28.4924],[84.8659,28.4908],[84.8667,28.4872],[84.8656,28.486],[84.8678,28.4798],[84.8775,28.4692],[84.8796,28.4651],[84.8883,28.4602],[84.894,28.4543],[84.9009,28.4419]],[[84.8224,28.532],[84.8264,28.5321],[84.828,28.53],[84.8325,28.5282],[84.8383,28.5277],[84.8427,28.5222],[84.8427,28.5189],[84.8496,28.5155],[84.8498,28.5144],[84.8543,28.5131],[84.8564,28.5108],[84.8559,28.5093],[84.8622,28.5051],[84.8663,28.4988],[84.867,28.4967],[84.8659,28.4946],[84.8671,28.4924]],[[84.7864,28.5359],[84.7929,28.5331],[84.8064,28.5346]],[[84.7651,28.5477],[84.7699,28.5461],[84.773,28.5433],[84.7785,28.5425],[84.7864,28.5359]],[[84.7491,28.5612],[84.7515,28.5586],[84.7613,28.5537],[84.764,28.5511],[84.7651,28.5477]],[[84.7356,28.5654],[84.741,28.5658],[84.7491,28.5612]],[[84.896,28.4297],[84.8945,28.4247],[84.896,28.4199],[84.8921,28.4138],[84.8915,28.404],[84.8927,28.3995]],[[84.8281,28.0759],[84.8256,28.0716]]]}},{"type":"Feature","properties":{"name":"East Rapti River","length_km":148,"rank":1},"geometry":{"type":"MultiLineString","coordinates":[[[84.5909,27.5616],[84.5855,27.5617],[84.5828,27.5606],[84.5799,27.5616],[84.572,27.5598],[84.5718,27.5561],[84.5625,27.5533],[84.5612,27.55],[84.5544,27.55],[84.5511,27.5433],[84.545,27.5438],[84.5414,27.5519],[84.5384,27.5534],[84.526,27.5492],[84.5238,27.5437],[84.5211,27.5441],[84.5186,27.5472],[84.515,27.5447],[84.5117,27.5488],[84.5025,27.5528],[84.4978,27.557],[84.4926,27.5652],[84.4923,27.5684],[84.4939,27.5736],[84.4921,27.5751],[84.4905,27.5806],[84.487,27.5814],[84.478,27.5788],[84.4674,27.5728],[84.4639,27.5658],[84.4622,27.5647],[84.4591,27.5647],[84.4518,27.5696],[84.4469,27.5702],[84.4431,27.569],[84.4344,27.5633],[84.4333,27.5591],[84.4337,27.554],[84.4308,27.5526],[84.4273,27.5544],[84.4233,27.5635],[84.4171,27.5649],[84.4111,27.5689],[84.4029,27.5674],[84.3982,27.5706],[84.3936,27.5686],[84.385,27.5684],[84.374,27.5654],[84.3679,27.5656],[84.3566,27.5684],[84.3526,27.566],[84.3477,27.5601],[84.3446,27.5586],[84.3368,27.5579],[84.3319,27.5547],[84.3301,27.5517],[84.3262,27.5502],[84.3146,27.551],[84.3063,27.557],[84.2967,27.5592],[84.297,27.5622],[84.2953,27.5632],[84.2924,27.5633],[84.2855,27.5591],[84.2804,27.5635],[84.2744,27.5645],[84.2612,27.5586],[84.2588,27.5589],[84.2573,27.5606],[84.257,27.5651],[84.2542,27.566],[84.2454,27.564],[84.2292,27.5551],[84.2232,27.5538],[84.2124,27.5672],[84.204,27.5694],[84.198,27.5683],[84.19,27.5607],[84.1764,27.5543],[84.1728,27.5543],[84.1594,27.5629],[84.1539,27.5637]],[[85.0515,27.508],[85.0503,27.5096],[85.0477,27.5086],[85.0473,27.5034],[85.0422,27.5013],[85.0451,27.4972],[85.0424,27.4948],[85.0428,27.4929],[85.0467,27.4917],[85.0479,27.4894],[85.0436,27.4877],[85.0443,27.4843],[85.0409,27.4752],[85.0406,27.4668],[85.0421,27.4633],[85.0373,27.4584],[85.0408,27.4543],[85.0331,27.4453],[85.0299,27.4384],[85.0223,27.4335],[85.0168,27.4248],[85.0114,27.4235],[85.0087,27.4212]],[[85.0087,27.4212],[84.9987,27.4233],[84.9944,27.4269],[84.9924,27.4305],[84.9901,27.4311]],[[84.6285,27.5656],[84.6222,27.5671]],[[84.6427,27.5698],[84.638,27.5701],[84.6237,27.5676],[84.6208,27.566]],[[84.6206,27.5659],[84.615,27.5656],[84.6111,27.5624],[84.6086,27.5641],[84.6066,27.5635],[84.6054,27.566],[84.5999,27.5646],[84.5973,27.5656],[84.588,27.5636],[84.5855,27.5617]],[[84.663,27.5733],[84.6578,27.5737],[84.6458,27.5703]],[[84.6553,27.5677],[84.6506,27.5633],[84.6508,27.5609],[84.6484,27.5581],[84.6461,27.5566],[84.6372,27.5576],[84.6359,27.5605],[84.6224,27.5579],[84.6169,27.5601],[84.6107,27.5605],[84.6076,27.5594],[84.6069,27.5577],[84.6029,27.5586],[84.6005,27.5575],[84.5964,27.5603],[84.5909,27.5616]],[[85.0934,27.5279],[85.0882,27.5264],[85.0833,27.5164],[85.0745,27.512],[85.0733,27.5075],[85.0702,27.5034],[85.0631,27.5066],[85.0585,27.5043],[85.0581,27.5056],[85.0515,27.508]],[[84.3262,27.5502],[84.321,27.5485],[84.3154,27.5508]],[[84.9145,27.4576],[84.91,27.4593],[84.9073,27.4622],[84.8999,27.4647],[84.8989,27.4669],[84.8957,27.4674],[84.8911,27.4658],[84.8848,27.4668],[84.8754,27.4638],[84.8733,27.4656],[84.8796,27.4726],[84.8748,27.4803],[84.8667,27.4834],[84.8634,27.4868],[84.8552,27.4879],[84.8531,27.4892],[84.851,27.4933],[84.8463,27.4953],[84.8441,27.4985],[84.833,27.4973],[84.8313,27.4994],[84.8276,27.4997],[84.8224,27.504],[84.8176,27.5031],[84.8121,27.5049],[84.8088,27.5095],[84.8075,27.5157],[84.7981,27.5217],[84.7972,27.5237],[84.792,27.5248],[84.7892,27.5227],[84.783,27.5253],[84.7745,27.5238],[84.7632,27.5278],[84.7581,27.5321],[84.7505,27.535],[84.7451,27.5352],[84.7428,27.5379],[84.7385,27.5383],[84.7332,27.5415],[84.7268,27.541],[84.7256,27.5477],[84.7216,27.5492],[84.721,27.5524],[84.7159,27.5565],[84.7122,27.5615],[84.7044,27.5604],[84.6979,27.5577],[84.6928,27.5592],[84.6908,27.5577],[84.6875,27.5581],[84.6857,27.5596],[84.6852,27.563],[84.6752,27.5646],[84.6751,27.5693],[84.6689,27.5727],[84.6661,27.5714],[84.6631,27.5733],[84.6588,27.5717],[84.6548,27.5675],[84.6527,27.5676],[84.6511,27.5693],[84.6443,27.5703],[84.6336,27.5657],[84.631,27.5667],[84.6267,27.5649],[84.6208,27.566],[84.6178,27.5651],[84.6143,27.5631],[84.6135,27.5609]],[[84.9614,27.4502],[84.9586,27.4511]],[[84.9195,27.4565],[84.9145,27.4576]],[[84.9901,27.4311],[84.9883,27.4308],[84.9836,27.4346],[84.9803,27.4356],[84.9794,27.4403],[84.973,27.4441],[84.9714,27.447],[84.9579,27.4511],[84.9546,27.454],[84.9494,27.4544],[84.942,27.4526],[84.9263,27.4528],[84.9195,27.4565]]]}},{"type":"Feature","properties":{"name":"Suheli","length_km":153,"rank":1},"geometry":{"type":"MultiLineString","coordinates":[[[80.3982,28.7479],[80.4014,28.7482],[80.403,28.743],[80.4007,28.7386],[80.4013,28.7337],[80.3967,28.7251],[80.3978,28.7202],[80.4051,28.7164],[80.4086,28.716],[80.4091,28.7144],[80.4174,28.71],[80.43,28.7057],[80.443,28.7063],[80.4431,28.7051],[80.4489,28.7021],[80.451,28.6969],[80.457,28.6963],[80.4649,28.6831],[80.4763,28.6829],[80.4855,28.6739],[80.4982,28.6692],[80.5019,28.6665],[80.5049,28.6557],[80.5033,28.6474],[80.499,28.6354],[80.5052,28.6223],[80.5049,28.6154],[80.5036,28.6127],[80.505,28.6114],[80.516,28.61]],[[80.5171,28.6005],[80.5189,28.594],[80.5214,28.5937],[80.5224,28.5915],[80.5256,28.5903],[80.529,28.591],[80.5308,28.5896],[80.534,28.5894],[80.5345,28.5878],[80.5373,28.5862],[80.536,28.5843],[80.5377,28.582],[80.5401,28.5826],[80.5421,28.5815],[80.5399,28.5793],[80.5429,28.5789],[80.543,28.5759],[80.5483,28.5736],[80.5495,28.5711],[80.549,28.5622],[80.5547,28.5624],[80.5693,28.5565],[80.5689,28.555],[80.5709,28.5526],[80.5688,28.5429],[80.5748,28.5389],[80.5743,28.5345],[80.5756,28.5329],[80.5779,28.5328],[80.58,28.5255],[80.5817,28.5252],[80.5806,28.5265],[80.5814,28.5273],[80.5844,28.5247],[80.5844,28.5198],[80.5859,28.5202],[80.5884,28.5185],[80.5879,28.5163],[80.5843,28.5128],[80.5849,28.511],[80.5837,28.5077],[80.5858,28.5076],[80.5867,28.5058],[80.5921,28.5035],[80.598,28.4977],[80.5999,28.4999],[80.6054,28.4994],[80.6099,28.501],[80.6133,28.5008],[80.6156,28.4987],[80.6206,28.4995],[80.6254,28.4978],[80.6274,28.4952],[80.6353,28.4927],[80.6439,28.4839],[80.6425,28.4825],[80.6453,28.4805],[80.6461,28.4762],[80.6503,28.4745],[80.6519,28.4717],[80.6554,28.4714],[80.6599,28.4686],[80.6589,28.4665],[80.6612,28.4659],[80.6597,28.4631],[80.6615,28.46],[80.6571,28.4562],[80.6586,28.452],[80.6548,28.4523],[80.6546,28.4509],[80.6523,28.452],[80.6513,28.4467],[80.6497,28.4458],[80.6478,28.4469],[80.6465,28.4404],[80.645,28.4404],[80.6458,28.4386],[80.6425,28.4385],[80.642,28.4372],[80.6442,28.4343],[80.6431,28.4325],[80.645,28.4322],[80.6464,28.4296],[80.6505,28.431],[80.6503,28.4292],[80.652,28.4289],[80.6524,28.4251],[80.6545,28.4218],[80.6589,28.4181],[80.6589,28.4136],[80.6636,28.4101],[80.6652,28.4056],[80.6683,28.4089],[80.6731,28.4066],[80.6722,28.405],[80.6733,28.4045],[80.6772,28.4082],[80.6796,28.4082],[80.6806,28.4103],[80.6825,28.4089],[80.6798,28.4058],[80.6825,28.4065],[80.6818,28.4073],[80.6826,28.4083],[80.6842,28.4064],[80.6859,28.4066],[80.6853,28.4095],[80.6876,28.4124],[80.6872,28.4137],[80.6891,28.4145],[80.6891,28.4127],[80.6928,28.4121],[80.6903,28.4164],[80.6919,28.4161],[80.6923,28.418],[80.6965,28.4188],[80.6969,28.4225],[80.6999,28.422],[80.7008,28.4178],[80.7028,28.4183],[80.7039,28.4167],[80.7086,28.4181],[80.7101,28.4152],[80.7113,28.4157],[80.7109,28.4176],[80.7143,28.4175],[80.7144,28.4161],[80.7123,28.4154],[80.7129,28.4142],[80.7157,28.4143],[80.7163,28.4169],[80.7195,28.4178],[80.7211,28.4155],[80.7204,28.4136],[80.7214,28.4118],[80.7244,28.4135],[80.7239,28.4153],[80.7253,28.4156],[80.7271,28.4152],[80.7255,28.4121],[80.7277,28.4126],[80.7284,28.4116],[80.729,28.4128],[80.731,28.4118],[80.731,28.4097],[80.7359,28.4118],[80.7362,28.4071],[80.7381,28.4062],[80.7393,28.4074],[80.7417,28.4037],[80.7403,28.3994],[80.7386,28.3983],[80.7424,28.399],[80.7426,28.3966],[80.7407,28.3971],[80.7422,28.3936],[80.7476,28.3944],[80.7477,28.3934],[80.7444,28.3927],[80.7442,28.3915],[80.7477,28.3899],[80.7479,28.3876],[80.7502,28.388],[80.7504,28.3853],[80.7485,28.3823],[80.7491,28.3807],[80.7531,28.3782],[80.7542,28.3732],[80.7559,28.3724],[80.7588,28.3734],[80.7566,28.3686],[80.76,28.3706],[80.7625,28.3666],[80.7711,28.3666],[80.7748,28.3679],[80.7755,28.3649],[80.7797,28.3641],[80.7816,28.3594],[80.7803,28.355],[80.777,28.3478],[80.7688,28.3374],[80.7699,28.3359],[80.7728,28.3369],[80.7745,28.336],[80.775,28.3333],[80.7717,28.3333],[80.7717,28.3319],[80.7779,28.3263],[80.7834,28.3262],[80.7847,28.3289],[80.7897,28.3318],[80.7914,28.331],[80.7924,28.3276],[80.7945,28.3313],[80.7987,28.3292],[80.7992,28.3318],[80.801,28.333],[80.8032,28.3326],[80.8069,28.3344],[80.8101,28.333],[80.8108,28.3358],[80.809,28.3359],[80.8082,28.3376],[80.8096,28.3393],[80.8141,28.3337],[80.817,28.336],[80.8203,28.335],[80.8194,28.3378],[80.8205,28.3387],[80.8222,28.3386],[80.8232,28.3355],[80.8278,28.3386],[80.8316,28.3373],[80.8458,28.3377],[80.8506,28.3398],[80.8507,28.3432],[80.8542,28.3418],[80.8533,28.3385],[80.8554,28.3389],[80.8568,28.3402],[80.856,28.3454],[80.8593,28.3495],[80.8593,28.3524],[80.8611,28.3548],[80.864,28.3558],[80.8661,28.3553],[80.8697,28.3472],[80.8737,28.3464],[80.8726,28.3431],[80.8747,28.3394],[80.8747,28.3362],[80.8812,28.3321],[80.8897,28.3323],[80.8932,28.3381],[80.8978,28.3405],[80.9027,28.3412],[80.9044,28.3441],[80.906,28.3437],[80.908,28.3394],[80.9154,28.3414],[80.9151,28.3475],[80.9177,28.3493],[80.9268,28.3467],[80.9324,28.34],[80.9356,28.34],[80.9366,28.3368],[80.9416,28.3317],[80.9427,28.3289],[80.9503,28.3271],[80.9513,28.3245],[80.9609,28.3166],[80.962,28.3139],[80.9664,28.3129],[80.9668,28.3106],[80.9694,28.3088],[80.9681,28.3075],[80.9666,28.3012],[80.9681,28.3008],[80.9686,28.3033],[80.9749,28.2985],[80.9783,28.2996],[80.9847,28.2967],[80.9876,28.2931],[80.9865,28.2889],[80.9878,28.2833],[80.9918,28.2838],[80.9927,28.2822],[80.995,28.2832],[80.9998,28.2819],[81.0014,28.2843],[81.005,28.2825],[81.0134,28.2827],[81.0153,28.2855],[81.0223,28.2861],[81.023,28.2828],[81.0299,28.2761],[81.0332,28.2759],[81.0336,28.2731],[81.0355,28.2737],[81.0384,28.2724],[81.0398,28.2698],[81.045,28.2696],[81.0483,28.2658]],[[80.516,28.61],[80.5158,28.6043],[80.5171,28.6005]],[[80.5171,28.6005],[80.5181,28.6022],[80.5233,28.6017],[80.5225,28.5995],[80.5257,28.5984],[80.5259,28.5959],[80.5292,28.5959],[80.529,28.5942],[80.5309,28.5939],[80.5294,28.5908]],[[80.3628,28.7756],[80.3692,28.7698],[80.3764,28.7712],[80.3847,28.7654],[80.3909,28.7645],[80.3932,28.761],[80.3917,28.7531],[80.3928,28.7483],[80.3947,28.7469],[80.3982,28.7479]]]}},{"type":"Feature","properties":{"name":"Marsyangdi","length_km":164,"rank":1},"geometry":{"type":"MultiLineString","coordinates":[[[84.3564,28.5236],[84.3594,28.5189],[84.358,28.5144],[84.3583,28.5064],[84.3615,28.5029],[84.3639,28.4912],[84.3709,28.4831],[84.3707,28.478],[84.3737,28.4756],[84.3729,28.4647],[84.3706,28.4604],[84.3747,28.4531],[84.3747,28.4491],[84.38,28.4433],[84.3902,28.4385],[84.396,28.4315],[84.397,28.4282],[84.4052,28.4195],[84.4082,28.4137],[84.4075,28.409],[84.4103,28.4064],[84.41,28.4036],[84.4075,28.3999],[84.4068,28.395]],[[84.36,28.2792],[84.3622,28.2755],[84.3627,28.2673],[84.3663,28.2626],[84.3652,28.2586],[84.3674,28.2578],[84.3684,28.2553],[84.3726,28.2521],[84.3725,28.2491],[84.3753,28.2472],[84.3733,28.2448],[84.3764,28.2425],[84.3781,28.2385],[84.3813,28.2368],[84.3808,28.2324],[84.3834,28.2316],[84.3842,28.229],[84.3878,28.2286],[84.3874,28.2258],[84.3909,28.223],[84.3892,28.2184],[84.3943,28.2172],[84.3934,28.2148],[84.3982,28.2108],[84.3982,28.2087],[84.4036,28.2],[84.4051,28.2019],[84.4069,28.2017],[84.4064,28.1956],[84.4102,28.1931],[84.4135,28.1936],[84.4146,28.1901],[84.4175,28.1907],[84.4196,28.189],[84.429,28.1861],[84.4289,28.1827],[84.4353,28.1833],[84.4348,28.1802],[84.4381,28.1791],[84.437,28.1762],[84.4388,28.1738],[84.4382,28.1713],[84.4428,28.1688],[84.4446,28.1642],[84.4435,28.1631],[84.4448,28.1563],[84.4425,28.1502],[84.4437,28.1471],[84.4402,28.1392],[84.4412,28.1362],[84.4409,28.1352],[84.4374,28.1348],[84.4388,28.1316],[84.435,28.1287],[84.4357,28.121],[84.4324,28.1194],[84.4334,28.1136],[84.4315,28.1107],[84.4336,28.1083],[84.4369,28.1078],[84.4388,28.105],[84.4435,28.1046],[84.4426,28.0994],[84.4521,28.0958],[84.451,28.0927],[84.4574,28.0911],[84.4613,28.0832],[84.4659,28.0816],[84.4653,28.0768],[84.4688,28.0755],[84.4695,28.073],[84.469,28.071],[84.4671,28.07],[84.4745,28.0674],[84.4762,28.064],[84.4745,28.0617],[84.4776,28.0586],[84.4729,28.0522],[84.466,28.0511],[84.468,28.0459],[84.4645,28.0444],[84.4649,28.04],[84.4614,28.0391],[84.4636,28.0347],[84.4615,28.0305],[84.4641,28.0287],[84.4595,28.0237],[84.461,28.0212],[84.4593,28.0195],[84.4602,28.014],[84.4566,28.0086],[84.4573,28.0042],[84.4533,28.0034],[84.452,28.0022],[84.4524,28.0],[84.4433,27.993],[84.4379,27.993],[84.44,27.9891],[84.4394,27.9879],[84.4359,27.9884],[84.4283,27.9863],[84.4269,27.9827],[84.4203,27.9773],[84.4214,27.9741],[84.419,27.9688],[84.4225,27.9632],[84.4207,27.9581],[84.4252,27.9524]],[[84.4252,27.9524],[84.435,27.9485],[84.4403,27.9484],[84.4429,27.9463],[84.4463,27.9466],[84.4487,27.9501],[84.4523,27.95],[84.4557,27.948],[84.4576,27.9425],[84.4589,27.942],[84.4633,27.9438],[84.4685,27.941],[84.4736,27.94],[84.4732,27.9363],[84.4821,27.9323],[84.482,27.9295],[84.4869,27.9269],[84.4991,27.927],[84.5066,27.9231],[84.5078,27.9217],[84.5077,27.9196],[84.5006,27.918],[84.5001,27.9165],[84.5011,27.9157],[84.5096,27.9138],[84.5128,27.9179],[84.5174,27.9126],[84.523,27.9155],[84.5324,27.9131],[84.5343,27.9141],[84.5353,27.917],[84.5378,27.918],[84.5401,27.9125],[84.5376,27.9093],[84.5453,27.9051]],[[84.0459,28.6514],[84.0471,28.6501],[84.0508,28.6506],[84.0539,28.6468],[84.0577,28.6455],[84.0676,28.6481],[84.0735,28.648],[84.0809,28.6444],[84.0868,28.6439],[84.0887,28.6423],[84.094,28.6425],[84.096,28.6394],[84.1128,28.6347],[84.122,28.6367],[84.1331,28.6364],[84.1339,28.6272],[84.1379,28.6212],[84.1474,28.6177],[84.1482,28.6149],[84.1566,28.6109],[84.1575,28.6083],[84.1598,28.6086],[84.1657,28.606],[84.1672,28.6071],[84.1729,28.6045],[84.1759,28.6054],[84.184,28.6017]],[[84.4068,28.395],[84.4025,28.3885],[84.4012,28.3835],[84.4028,28.3726],[84.405,28.3667],[84.4035,28.3636],[84.4043,28.359],[84.4032,28.3569],[84.4045,28.352],[84.4009,28.3487],[84.4001,28.3456],[84.3982,28.3446],[84.397,28.3386],[84.3988,28.3362],[84.3994,28.3262],[84.4015,28.3194],[84.4002,28.3121]],[[84.2599,28.5538],[84.2625,28.5524],[84.2681,28.5523],[84.2775,28.5544],[84.2822,28.5506],[84.2864,28.5526],[84.2978,28.5478],[84.3027,28.5444],[84.3034,28.5408],[84.3065,28.537],[84.3072,28.5324],[84.311,28.5294],[84.3166,28.5299],[84.3192,28.5325],[84.3287,28.5353],[84.3355,28.534],[84.3409,28.5349],[84.3499,28.5316],[84.3564,28.5236]],[[84.0067,28.6694],[84.0121,28.6682]],[[84.4953,27.927],[84.4959,27.9258],[84.5,27.9252]],[[84.5,27.9252],[84.5001,27.9252]],[[84.5001,27.9252],[84.5018,27.9254]],[[84.5453,27.9051],[84.5444,27.9035],[84.5412,27.9021],[84.5402,27.8964],[84.5406,27.8855],[84.5452,27.881],[84.5406,27.877],[84.5449,27.8697],[84.5508,27.8709],[84.5525,27.87],[84.5477,27.8628],[84.5592,27.8578]],[[84.019,28.665],[84.0272,28.66],[84.038,28.6575],[84.0459,28.6514]],[[84.184,28.6017],[84.1872,28.5995],[84.1885,28.5947],[84.1877,28.593],[84.1884,28.5881],[84.1845,28.5854],[84.1828,28.5808],[84.1864,28.5759],[84.1869,28.5724],[84.1886,28.5724],[84.1908,28.5703],[84.1939,28.5713],[84.1967,28.5706],[84.2011,28.567],[84.2093,28.5672],[84.2178,28.5592],[84.2253,28.5554],[84.2502,28.5505],[84.2546,28.5522],[84.2561,28.5516],[84.2599,28.5538]],[[84.4001,28.3121],[84.3918,28.3037],[84.3868,28.3021],[84.3861,28.2985],[84.3824,28.298],[84.3782,28.2931],[84.3737,28.291],[84.3676,28.2906],[84.3643,28.2886],[84.3614,28.2852],[84.3623,28.2823],[84.36,28.2792]],[[84.4002,28.3121],[84.4001,28.3121]],[[84.0323,28.6588],[84.0289,28.6591],[84.0216,28.6544]],[[84.0067,28.6694],[84.01,28.6692],[84.0192,28.665]]]}},{"type":"Feature","properties":{"name":"Bheri River","length_km":167,"rank":1},"geometry":{"type":"MultiLineString","coordinates":[[[81.4949,28.6173],[81.4819,28.6179],[81.4779,28.6097],[81.4761,28.6094],[81.4727,28.613],[81.4694,28.6136],[81.4697,28.6166],[81.4726,28.6173],[81.4695,28.6216],[81.4695,28.625],[81.4655,28.6311],[81.4624,28.6332],[81.4619,28.6375],[81.4595,28.6378],[81.4568,28.6345],[81.4543,28.6343],[81.4529,28.6376],[81.448,28.6417],[81.4437,28.649],[81.4454,28.6516],[81.4485,28.6517],[81.4553,28.6553],[81.4574,28.6607],[81.4446,28.6756],[81.4421,28.6809],[81.4361,28.6824],[81.4314,28.6756],[81.4251,28.6745],[81.414,28.6772],[81.4067,28.6809],[81.4027,28.6852],[81.398,28.6849],[81.3929,28.6821],[81.3892,28.6838],[81.3873,28.6874],[81.3885,28.6904],[81.395,28.6927],[81.4002,28.6981],[81.4083,28.6978],[81.4115,28.7033],[81.4133,28.7034],[81.4162,28.7009],[81.4184,28.7012],[81.4182,28.7038],[81.41,28.7131],[81.4086,28.7179],[81.4111,28.7227],[81.4222,28.7291],[81.4229,28.7324],[81.4164,28.735],[81.4103,28.7345],[81.4089,28.737],[81.4101,28.7426],[81.4089,28.7438],[81.401,28.7467],[81.3916,28.7433],[81.3812,28.7451],[81.3796,28.7495],[81.3817,28.7547],[81.3809,28.7556],[81.3714,28.7555],[81.3645,28.7585],[81.3591,28.766],[81.3467,28.771],[81.3385,28.7708],[81.3323,28.7721],[81.3262,28.7799],[81.3207,28.7812],[81.3111,28.7794],[81.3027,28.7735],[81.3037,28.7694],[81.3027,28.7666],[81.2962,28.7648],[81.2949,28.7609],[81.2875,28.7566],[81.2822,28.751],[81.2718,28.745],[81.2691,28.7414],[81.2628,28.7408],[81.2595,28.7423]],[[81.8695,28.4385],[81.8532,28.4411],[81.8356,28.4411],[81.82,28.4492],[81.8145,28.4497],[81.8135,28.4477],[81.811,28.4476],[81.81,28.45],[81.7995,28.4542],[81.7849,28.454],[81.7774,28.46],[81.7766,28.4681],[81.7708,28.4693],[81.7673,28.4718],[81.765,28.4779],[81.7618,28.4813],[81.7557,28.4835],[81.7547,28.4833],[81.7554,28.4815],[81.7535,28.4803],[81.75,28.4832],[81.7485,28.4858],[81.7482,28.4946],[81.7434,28.4969],[81.7381,28.4953],[81.7343,28.4962],[81.728,28.5062],[81.7148,28.5113],[81.7092,28.5122],[81.7035,28.518],[81.6986,28.5163],[81.6965,28.5106],[81.6901,28.509],[81.6842,28.5104],[81.6756,28.5149],[81.6599,28.5186],[81.6496,28.5148],[81.6326,28.5162],[81.6162,28.5134],[81.5998,28.5056],[81.5942,28.5067],[81.5794,28.5181],[81.5757,28.5224],[81.5757,28.5262],[81.5732,28.5285],[81.5645,28.5301],[81.5605,28.5414],[81.5549,28.5476],[81.5532,28.5515],[81.5536,28.5554],[81.5468,28.5631],[81.5455,28.5778],[81.5431,28.5796],[81.5351,28.5811],[81.5335,28.585],[81.5317,28.5864],[81.5297,28.5857],[81.5271,28.5792],[81.5253,28.5785],[81.5192,28.5817],[81.5159,28.5871],[81.5193,28.5916],[81.5149,28.5945],[81.5075,28.5949],[81.5049,28.6026],[81.4991,28.6097],[81.4932,28.6106],[81.4955,28.6148],[81.4949,28.6173]],[[81.9966,28.4631],[81.9913,28.4622],[81.9845,28.4563],[81.983,28.4538],[81.9866,28.4505],[81.9868,28.4483],[81.9865,28.4471],[81.9829,28.4457],[81.98,28.4451],[81.9716,28.4466],[81.9634,28.4517],[81.9616,28.4504],[81.9598,28.4454],[81.9495,28.4452],[81.9367,28.4516],[81.9341,28.4505],[81.9311,28.447],[81.9302,28.4383],[81.9278,28.4356],[81.9186,28.438],[81.916,28.4399],[81.9145,28.4434],[81.9114,28.4437],[81.9094,28.4391],[81.9092,28.4319],[81.9082,28.4305],[81.8985,28.4308],[81.896,28.4241],[81.8934,28.4232],[81.8818,28.427],[81.8772,28.427],[81.8691,28.4314],[81.8657,28.4365],[81.8695,28.4385]],[[82.1165,28.6221],[82.1098,28.6196],[82.1003,28.6217],[82.0945,28.6186],[82.0894,28.621],[82.0831,28.6162],[82.0798,28.6212],[82.072,28.6289],[82.0596,28.6341],[82.0541,28.6345],[82.0546,28.6376],[82.0591,28.6413],[82.0573,28.6456],[82.0529,28.6428],[82.0476,28.6427],[82.0456,28.64],[82.0461,28.6374],[82.045,28.6371],[82.0393,28.6365],[82.0321,28.6401],[82.0278,28.6405],[82.0261,28.6373],[82.0271,28.6337],[82.0245,28.63],[82.0219,28.6288],[82.0215,28.6264],[82.0245,28.6195],[82.027,28.6176],[82.0243,28.6134],[82.0189,28.6123],[82.0143,28.6156],[82.0068,28.6157],[82.0035,28.6138],[82.0041,28.6106],[82.011,28.6011],[82.0118,28.5983],[82.0097,28.5927],[82.0002,28.5887],[81.9997,28.5867],[82.0024,28.5836],[82.0031,28.5785],[81.9953,28.5743],[81.995,28.5679],[81.9983,28.5649],[82.0041,28.563],[82.0099,28.5503],[82.016,28.5467],[82.0194,28.5399],[82.018,28.5275],[82.02,28.5253],[82.0246,28.5234],[82.0278,28.5172],[82.0229,28.5142],[82.0205,28.5094],[82.0214,28.505],[82.0257,28.5012],[82.0253,28.4991],[82.0187,28.4895],[82.0135,28.4851],[82.0083,28.4781],[82.011,28.4738],[82.0104,28.4686],[82.0086,28.4667],[82.0044,28.4669],[82.0018,28.4642],[81.9966,28.4631]],[[81.8232,28.448],[81.8195,28.4477],[81.8177,28.4494]]]}},{"type":"Feature","properties":{"name":"Tamor Nadi","length_km":180,"rank":1},"geometry":{"type":"MultiLineString","coordinates":[[[87.6227,27.3571],[87.6233,27.3514],[87.627,27.3487],[87.6284,27.3452],[87.632,27.3428],[87.6358,27.3344],[87.6496,27.336],[87.6529,27.3321],[87.6534,27.3291],[87.6568,27.3288],[87.6581,27.3265],[87.6649,27.3243],[87.671,27.3198],[87.6736,27.3143],[87.6784,27.3103],[87.6793,27.3081],[87.6854,27.3077],[87.6863,27.3038],[87.6895,27.3022],[87.695,27.2952],[87.6958,27.2914]],[[87.7988,27.6614],[87.7998,27.6558],[87.7982,27.6547],[87.7992,27.6503],[87.7985,27.642],[87.8038,27.6243],[87.8018,27.6178],[87.8017,27.6079],[87.8,27.6038],[87.801,27.6024],[87.8014,27.5952],[87.7995,27.5819],[87.7967,27.5791],[87.7952,27.5737],[87.7983,27.5679],[87.7994,27.562],[87.795,27.5544],[87.7968,27.5454],[87.7994,27.5424],[87.7985,27.5406],[87.8003,27.539],[87.8036,27.5279],[87.8029,27.5252],[87.7976,27.5181],[87.7957,27.508],[87.7813,27.4945],[87.7707,27.4916],[87.7681,27.4931],[87.7617,27.4939],[87.7553,27.4928],[87.7479,27.4893],[87.7426,27.4907],[87.7378,27.4842],[87.7389,27.4821],[87.7384,27.4772],[87.73,27.4695],[87.7282,27.4692],[87.722,27.4603],[87.7184,27.4573],[87.7115,27.4567],[87.708,27.4538],[87.7071,27.4509],[87.7021,27.4479],[87.7008,27.4412],[87.7022,27.4378],[87.6998,27.4323],[87.6998,27.4266],[87.6977,27.4214],[87.6949,27.4201],[87.69,27.4125],[87.6854,27.4101],[87.6843,27.4064],[87.6816,27.404],[87.6729,27.4005],[87.6719,27.3979],[87.6683,27.3957],[87.6677,27.3926],[87.6625,27.3898],[87.6619,27.3877],[87.6556,27.3869],[87.6527,27.3844],[87.6402,27.382],[87.6376,27.3794],[87.6271,27.3766],[87.6227,27.3693],[87.6227,27.3639],[87.6209,27.3611],[87.6227,27.3594],[87.6227,27.3571]],[[87.6958,27.2914],[87.6938,27.2895],[87.6893,27.289],[87.6864,27.283],[87.6817,27.2798],[87.6798,27.273],[87.682,27.2661],[87.6902,27.2594],[87.7037,27.2541],[87.7085,27.2482],[87.7153,27.2437],[87.723,27.2419],[87.7273,27.236],[87.7336,27.2343],[87.7402,27.2271],[87.7457,27.2251],[87.7509,27.2182],[87.751,27.2078],[87.7439,27.199],[87.7394,27.1983],[87.7375,27.1956],[87.7286,27.1939],[87.7184,27.1882],[87.7166,27.1838],[87.7142,27.1818],[87.711,27.1726],[87.7111,27.1566],[87.7051,27.1501],[87.7022,27.1495],[87.6995,27.1469],[87.6951,27.1474],[87.6909,27.1433],[87.6878,27.1444],[87.682,27.1417],[87.6759,27.1428],[87.6717,27.1386],[87.6652,27.1368],[87.6635,27.1331],[87.6593,27.1331],[87.6554,27.1311],[87.648,27.1313],[87.6445,27.133],[87.6453,27.1274],[87.6417,27.1251],[87.6376,27.1244],[87.6352,27.1192],[87.6299,27.1188],[87.6236,27.1137],[87.6115,27.1123],[87.6108,27.1096],[87.6084,27.1077],[87.6037,27.1082],[87.5887,27.0994],[87.5867,27.0942],[87.577,27.085],[87.5747,27.0784],[87.5712,27.0762],[87.5703,27.0701],[87.5656,27.067],[87.5628,27.0618],[87.5558,27.0591],[87.5498,27.0536],[87.5426,27.0513],[87.5369,27.0457],[87.5327,27.0357],[87.5344,27.0339],[87.5401,27.0328],[87.542,27.022],[87.5394,27.0212],[87.5366,27.0181],[87.5354,27.0132],[87.5223,27.0049],[87.5187,27.0014],[87.5123,26.9917],[87.5049,26.9886],[87.5002,26.9843],[87.4954,26.9841],[87.4897,26.9858],[87.4849,26.984],[87.4829,26.9803],[87.4869,26.9783],[87.4825,26.9753],[87.4775,26.9751],[87.4731,26.9777],[87.4695,26.9768],[87.4636,26.9733],[87.4638,26.9683],[87.4577,26.9691],[87.4506,26.9741],[87.4407,26.9726],[87.433,26.9671],[87.4316,26.9599],[87.4288,26.958],[87.4242,26.9566],[87.4176,26.9576],[87.4152,26.9552],[87.4117,26.9548],[87.4029,26.9566],[87.3966,26.9548],[87.3842,26.9446],[87.3728,26.9429],[87.3703,26.9448],[87.3676,26.9445],[87.3659,26.9437],[87.3644,26.9404],[87.356,26.9396],[87.3526,26.935],[87.3477,26.9361],[87.3337,26.9355],[87.3321,26.9309],[87.32,26.9279],[87.3156,26.931],[87.3124,26.9306],[87.3069,26.9276],[87.307,26.9256],[87.3094,26.9245],[87.3098,26.9228],[87.306,26.9195],[87.3034,26.9191],[87.3027,26.9214],[87.2994,26.9241],[87.292,26.9274],[87.2904,26.9259],[87.2889,26.9194],[87.2842,26.9173],[87.2712,26.9217],[87.2661,26.9206],[87.2632,26.9214],[87.2599,26.9237],[87.26,26.9256],[87.2584,26.9271],[87.2564,26.9268],[87.2555,26.9247],[87.2572,26.9229],[87.2566,26.9211],[87.247,26.9184],[87.2407,26.9236],[87.2349,26.9249],[87.2334,26.9237],[87.2326,26.9201],[87.2247,26.9176],[87.2247,26.9156],[87.228,26.9144],[87.2276,26.9107],[87.2229,26.9114],[87.2133,26.9088],[87.2092,26.9061],[87.1981,26.9112],[87.1945,26.9085],[87.1893,26.9105],[87.1853,26.9128],[87.1866,26.9155],[87.1859,26.9167],[87.1703,26.9208],[87.1652,26.9239],[87.1639,26.9231],[87.1648,26.9199],[87.1615,26.9162],[87.1627,26.9092]],[[87.6905,27.4134],[87.6888,27.4124]],[[87.7246,27.7661],[87.7257,27.761],[87.7284,27.7568],[87.7362,27.7508],[87.7368,27.7441],[87.7411,27.7326],[87.7403,27.7264],[87.7358,27.7158],[87.7362,27.7108],[87.7521,27.6978],[87.7569,27.6959],[87.7731,27.6849],[87.7757,27.6803],[87.7832,27.6741],[87.7861,27.668],[87.7893,27.668],[87.7932,27.664],[87.7988,27.6614]]]}},{"type":"Feature","properties":{"name":"Rapti River","length_km":196,"rank":1,"name_ne":"राप्ती नदी"},"geometry":{"type":"MultiLineString","coordinates":[[[82.9422,27.93],[82.9387,27.9259],[82.9284,27.9227],[82.9253,27.9165],[82.9265,27.9147],[82.9258,27.9133],[82.922,27.9112],[82.9165,27.9044],[82.8996,27.9102],[82.896,27.9141],[82.8913,27.9127],[82.8885,27.9067],[82.8822,27.9073],[82.8808,27.9064],[82.8783,27.9018],[82.8756,27.9016],[82.872,27.9039],[82.8677,27.9094],[82.863,27.9083],[82.8625,27.9037],[82.8561,27.9051],[82.8465,27.9013],[82.833,27.9071],[82.827,27.9062],[82.8204,27.9],[82.8198,27.8983],[82.8209,27.8951],[82.817,27.8894],[82.8126,27.8873],[82.8073,27.8815],[82.8054,27.8773]],[[81.8405,28.0694],[81.8281,28.0749],[81.8233,28.0725],[81.8211,28.0733],[81.8192,28.0751],[81.8173,28.082],[81.8155,28.0838],[81.8016,28.0865],[81.7917,28.0959],[81.7795,28.0975],[81.772,28.0929],[81.7599,28.0887],[81.748,28.078],[81.743,28.0767],[81.7336,28.079],[81.7272,28.0787],[81.7184,28.0742],[81.7166,28.0692],[81.717,28.0606],[81.7228,28.0525],[81.7381,28.0422],[81.7413,28.0374],[81.7455,28.034],[81.751,28.0248],[81.7515,28.0212],[81.7468,28.0001],[81.7492,27.9942],[81.7565,27.9915],[81.7579,27.9893],[81.7581,27.9845],[81.7535,27.9628],[81.7542,27.9568],[81.7576,27.9472],[81.7618,27.9461],[81.7647,27.9426],[81.7702,27.9393],[81.7684,27.9299],[81.7705,27.9266],[81.7742,27.9251],[81.7801,27.925],[81.7839,27.9213],[81.7917,27.9194],[81.7986,27.9134],[81.8002,27.9076],[81.7976,27.8938],[81.7996,27.888],[81.8059,27.8796],[81.8077,27.874],[81.8135,27.8651]],[[82.1874,27.9768],[82.1662,27.9812],[82.1581,27.9866],[82.145,27.9907],[82.1385,27.9945],[82.1235,27.993],[82.1212,27.9956],[82.1229,28.0026],[82.1205,28.0043],[82.1152,28.005],[82.1113,28.0009],[82.1064,27.9983],[82.1009,28.0016],[82.0997,28.0055],[82.0969,28.0083],[82.0924,28.0059],[82.0921,28.0011],[82.0892,27.9997],[82.0838,28.0004],[82.0817,28.0065],[82.079,28.0065],[82.0753,28.0103],[82.0729,28.011],[82.0704,28.0096],[82.0691,28.006],[82.0631,28.0039],[82.0584,27.9995],[82.0503,28.0009],[82.0371,27.9985],[82.0357,27.9991],[82.035,28.0028],[82.0379,28.0044],[82.0376,28.0066],[82.0259,28.0092],[82.0224,28.0045],[82.0136,28.0054],[82.0077,28.0029],[82.0063,28.001],[82.0064,27.9965],[82.0049,27.9958],[82.0024,27.9982],[82.0025,28.0089],[81.9985,28.0119],[81.9844,28.0109],[81.9763,28.0034],[81.9746,28.0032],[81.9744,28.0076],[81.979,28.0121],[81.9786,28.0145],[81.9756,28.0156],[81.9655,28.0118],[81.9608,28.0243],[81.9631,28.0281],[81.9701,28.0311],[81.9691,28.0356],[81.9573,28.0378],[81.9447,28.0459],[81.9156,28.0443],[81.909,28.0427],[81.8996,28.0456],[81.8957,28.0498],[81.8823,28.0514],[81.8778,28.0584],[81.8708,28.0604],[81.8613,28.0601],[81.8515,28.0614],[81.8477,28.0633],[81.8444,28.0683],[81.8405,28.0694]],[[82.8054,27.8773],[82.8045,27.8728],[82.8099,27.8716],[82.8098,27.8691],[82.8066,27.8675],[82.8023,27.8683],[82.7926,27.866],[82.7923,27.8646],[82.7956,27.8622],[82.8071,27.8598],[82.808,27.859],[82.8061,27.856],[82.7927,27.8565],[82.789,27.8503],[82.7815,27.8441],[82.7656,27.8401],[82.7588,27.8355],[82.7543,27.8346],[82.7477,27.8261],[82.739,27.8223],[82.7298,27.8204],[82.7028,27.8221],[82.6987,27.8213],[82.6846,27.8236],[82.6515,27.8177],[82.635,27.8179],[82.6275,27.8209],[82.6238,27.8189],[82.6217,27.8191],[82.6173,27.8198],[82.6077,27.8251],[82.6073,27.828],[82.6024,27.8277],[82.5937,27.8297],[82.5925,27.8319],[82.5942,27.8357],[82.5935,27.837],[82.5838,27.8361],[82.5814,27.8389],[82.5778,27.8397],[82.571,27.8392],[82.5645,27.8334],[82.5595,27.836],[82.5565,27.8342],[82.5541,27.836],[82.5488,27.8337],[82.5322,27.8376],[82.5266,27.836],[82.5211,27.8415],[82.5141,27.8399],[82.5013,27.8434],[82.4908,27.8403],[82.4858,27.8363],[82.4818,27.8374],[82.4783,27.8403],[82.476,27.8469],[82.4658,27.8526],[82.4668,27.86],[82.4631,27.8621],[82.4603,27.866],[82.448,27.8688],[82.4387,27.8662],[82.4334,27.8686],[82.4273,27.8646],[82.4186,27.8641],[82.4142,27.8715],[82.4037,27.8823],[82.397,27.8829],[82.3912,27.8874],[82.3835,27.8902],[82.368,27.8866],[82.3628,27.887],[82.3498,27.8938],[82.3349,27.8984],[82.3192,27.9007],[82.3129,27.9078],[82.2998,27.9159],[82.2903,27.9178],[82.2826,27.9174],[82.2803,27.9189],[82.278,27.9236],[82.2654,27.9258],[82.2633,27.9296],[82.2635,27.9353],[82.2615,27.9367],[82.2571,27.9364],[82.2491,27.9275],[82.2481,27.9224],[82.2452,27.9226],[82.2406,27.9293],[82.234,27.9314],[82.2304,27.9343],[82.2308,27.9442],[82.2254,27.95],[82.2215,27.9529],[82.2157,27.9536],[82.2119,27.9556],[82.2074,27.9654],[82.1965,27.9695],[82.1874,27.9768]]]}},{"type":"Feature","properties":{"name":"Mahakali River","length_km":198,"rank":1,"name_ne":"महाकाली नदी"},"geometry":{"type":"MultiLineString","coordinates":[[[80.273,29.3869],[80.2743,29.3837],[80.2791,29.3791],[80.2711,29.3732],[80.2721,29.3673],[80.2711,29.3637],[80.28,29.3591],[80.2795,29.3474],[80.2847,29.3403],[80.2907,29.3365],[80.291,29.3304],[80.2964,29.3236],[80.3011,29.324],[80.3094,29.3223],[80.3168,29.3153],[80.3166,29.3142]],[[80.5692,29.9089],[80.5718,29.8934],[80.5654,29.8788],[80.5568,29.8703],[80.5574,29.8686],[80.5612,29.8661],[80.5543,29.8614],[80.5542,29.8593],[80.5513,29.8556],[80.5533,29.8527],[80.5528,29.8506],[80.5484,29.8503],[80.5436,29.8464],[80.538,29.8468],[80.5357,29.8386],[80.5313,29.8384],[80.5272,29.8332]],[[80.7433,30.0035],[80.7416,30.0034],[80.7378,29.9994],[80.7193,30.0004],[80.7158,29.9965],[80.7136,29.9916],[80.703,29.9838],[80.7011,29.98],[80.693,29.9768],[80.6883,29.9724],[80.6838,29.967],[80.6831,29.9623],[80.6738,29.9572]],[[80.6738,29.9572],[80.6646,29.9572],[80.6563,29.9551],[80.6481,29.9559],[80.6404,29.9597],[80.6375,29.9633],[80.6299,29.9652],[80.619,29.9636],[80.6087,29.9587],[80.6048,29.9593],[80.6013,29.9579]],[[80.5272,29.8332],[80.5234,29.8319],[80.5239,29.8292],[80.5221,29.8273],[80.5067,29.8228],[80.5051,29.8196],[80.5006,29.8163],[80.4976,29.8107],[80.4999,29.8083],[80.4956,29.8048],[80.4953,29.8033]],[[80.7563,30.0402],[80.7553,30.0319],[80.7579,30.0267]],[[80.8367,30.0973],[80.8299,30.0976],[80.8261,30.1003],[80.8221,30.1003],[80.8203,30.0992],[80.8193,30.0966],[80.8151,30.0962],[80.8147,30.0933],[80.8054,30.0894],[80.8019,30.0856],[80.8002,30.0815],[80.7898,30.073],[80.7895,30.0697],[80.7807,30.0573],[80.7779,30.0551],[80.773,30.0544],[80.7624,30.0499],[80.7589,30.0454],[80.7599,30.0434],[80.7563,30.0402]],[[80.6013,29.9579],[80.5912,29.9497],[80.5815,29.937],[80.5778,29.9276],[80.574,29.9235],[80.5692,29.9089]],[[80.4953,29.8033],[80.4922,29.8014],[80.4944,29.7986],[80.4936,29.7955],[80.4826,29.7963],[80.4797,29.7953],[80.4767,29.7978],[80.4646,29.8023],[80.4538,29.8023],[80.4492,29.7993],[80.4439,29.7989],[80.4345,29.8063],[80.4293,29.7982],[80.4165,29.796],[80.4137,29.7918],[80.4102,29.7924],[80.4086,29.7948],[80.4069,29.7948],[80.4077,29.7914],[80.4061,29.7886],[80.4073,29.7841],[80.4037,29.7821],[80.405,29.7784],[80.4006,29.7744],[80.3985,29.7671],[80.3961,29.7655],[80.3976,29.7594],[80.3952,29.7581],[80.3909,29.7606],[80.3864,29.7594],[80.3849,29.7572],[80.3862,29.7507],[80.3763,29.75]],[[80.2428,29.444],[80.2439,29.4409],[80.2471,29.4375],[80.2475,29.4321],[80.244,29.4245],[80.246,29.4162],[80.2421,29.4114],[80.2478,29.4065],[80.2644,29.3969],[80.2734,29.3941],[80.2755,29.3916],[80.273,29.3869]],[[80.3763,29.75],[80.3717,29.7495],[80.3685,29.751],[80.3656,29.7478],[80.3643,29.74],[80.3702,29.7344],[80.3661,29.7305],[80.3666,29.7236],[80.3687,29.7217],[80.3743,29.7213],[80.3763,29.7197],[80.3721,29.7163],[80.3721,29.7149],[80.3746,29.7129],[80.3743,29.7102],[80.3771,29.7028],[80.3799,29.7011],[80.3804,29.6885],[80.385,29.685],[80.3829,29.68],[80.3839,29.6756],[80.3851,29.6736],[80.3902,29.6713],[80.3893,29.6673],[80.3901,29.6645],[80.3996,29.6617],[80.3977,29.6609],[80.3981,29.6588],[80.4005,29.6585],[80.4055,29.6607],[80.41,29.6536],[80.4149,29.6538],[80.4165,29.6508],[80.4145,29.6485],[80.4141,29.6437],[80.4204,29.6389],[80.4193,29.6336],[80.421,29.6297],[80.4178,29.6264],[80.4113,29.6258],[80.4083,29.6211],[80.4078,29.6147],[80.4058,29.6127],[80.4085,29.6101],[80.4073,29.6077],[80.4087,29.6038]],[[80.4087,29.6038],[80.4087,29.5986],[80.4069,29.5951],[80.4021,29.5883],[80.3983,29.5872],[80.3964,29.5844],[80.3909,29.5813],[80.3905,29.5762],[80.3884,29.5722],[80.3786,29.5712],[80.3792,29.561],[80.3762,29.5608],[80.3721,29.5637],[80.3678,29.5627],[80.3632,29.5644],[80.3618,29.5615],[80.3646,29.5567],[80.3564,29.5549],[80.3489,29.5557],[80.3422,29.5526],[80.3461,29.5489],[80.3414,29.5421],[80.3421,29.5401],[80.3501,29.5396],[80.3512,29.5363],[80.3571,29.5343],[80.358,29.5324],[80.3548,29.5268],[80.3483,29.5244],[80.3499,29.5194],[80.3439,29.5121],[80.3401,29.5097],[80.3346,29.5131],[80.332,29.513],[80.3294,29.5057],[80.3144,29.4995],[80.3129,29.4968],[80.3147,29.4906],[80.3129,29.4842],[80.3107,29.4857],[80.3044,29.4863],[80.3007,29.4906],[80.299,29.4906],[80.2963,29.4884],[80.2966,29.4845],[80.2937,29.4795],[80.287,29.4773],[80.2882,29.4721],[80.301,29.4559],[80.3007,29.4509],[80.2975,29.4506],[80.296,29.4533],[80.2945,29.4537],[80.2889,29.4504],[80.286,29.4516],[80.2801,29.4508],[80.2789,29.4537],[80.2806,29.4576],[80.2771,29.4587],[80.2692,29.4554],[80.2697,29.4536],[80.2722,29.4537],[80.2747,29.4518],[80.2743,29.4497],[80.2695,29.4506],[80.2659,29.4486],[80.2585,29.4517],[80.2555,29.448],[80.2454,29.4468],[80.2428,29.444]],[[80.8625,30.1693],[80.8715,30.1607],[80.8718,30.1499],[80.8764,30.1409],[80.8761,30.1371],[80.8787,30.1324],[80.8767,30.1277],[80.8724,30.1259]],[[80.7579,30.0267],[80.7576,30.0232],[80.7556,30.0225],[80.7502,30.0093],[80.7433,30.0035]],[[80.8724,30.1259],[80.8687,30.1259],[80.8626,30.121],[80.8587,30.1217],[80.8518,30.118],[80.8446,30.1161],[80.8418,30.1104],[80.8464,30.1064],[80.8459,30.1016],[80.8405,30.0981],[80.8367,30.0973]],[[80.385,29.6839],[80.3846,29.68],[80.3832,29.679]],[[80.2793,29.4547],[80.2812,29.4559],[80.2806,29.4576]],[[80.411,29.6535],[80.4133,29.6549],[80.4145,29.654]],[[80.2992,29.4584],[80.3041,29.4546],[80.3018,29.4509],[80.2998,29.4506]],[[80.3626,29.5639],[80.3618,29.5617]],[[80.3673,29.7369],[80.3694,29.733]],[[80.2727,29.4501],[80.2688,29.4499]],[[80.3433,29.5394],[80.3469,29.5425],[80.349,29.5399]],[[80.3166,29.3142],[80.3157,29.3084],[80.3186,29.3039],[80.318,29.3018],[80.3102,29.2902],[80.3074,29.2898],[80.3045,29.2865],[80.3044,29.2744],[80.3023,29.2653],[80.2993,29.2619],[80.3001,29.2564],[80.2986,29.2496],[80.3004,29.2462],[80.3002,29.2407],[80.2944,29.2365],[80.2903,29.2304],[80.296,29.2221],[80.2938,29.2135],[80.2941,29.21],[80.298,29.207],[80.2977,29.2048],[80.2928,29.1965],[80.2887,29.1946],[80.2807,29.1996],[80.2759,29.2079],[80.2694,29.208],[80.2673,29.2054],[80.2616,29.2059]]]}},{"type":"Feature","properties":{"name":"Narayani","length_km":201,"rank":1},"geometry":{"type":"MultiLineString","coordinates":[[[84.422,27.7413],[84.4258,27.7322],[84.4309,27.7117],[84.4315,27.7079],[84.4291,27.7046],[84.4207,27.7004],[84.4071,27.6964],[84.386,27.6845],[84.3783,27.684],[84.3739,27.6821],[84.3675,27.6866],[84.3613,27.6947],[84.346,27.7028],[84.3402,27.7008],[84.3255,27.6922],[84.3199,27.685],[84.3204,27.6796],[84.3166,27.676],[84.3086,27.6756],[84.2974,27.673],[84.2898,27.6753]],[[84.3228,27.6888],[84.3192,27.6863],[84.3097,27.6839],[84.2977,27.6771],[84.2898,27.6753]],[[84.2206,27.6649],[84.2186,27.6642],[84.218,27.6624],[84.2206,27.6568]],[[84.259,27.6663],[84.2548,27.6635],[84.2478,27.6636],[84.2396,27.6584],[84.2333,27.6629],[84.2292,27.6641]],[[84.2424,27.6516],[84.2378,27.6481],[84.2382,27.6413],[84.2268,27.6356],[84.2239,27.6295],[84.2142,27.6269],[84.2069,27.6217]],[[84.2239,27.6295],[84.2204,27.626],[84.2161,27.6155],[84.2121,27.6148],[84.2092,27.616],[84.2063,27.615],[84.2019,27.6087],[84.2015,27.6053]],[[84.2689,27.6494],[84.2614,27.6469],[84.2484,27.6477],[84.2462,27.6458],[84.2439,27.6398],[84.2391,27.638],[84.232,27.6375]],[[84.2069,27.6217],[84.2027,27.6186],[84.2,27.6194],[84.1969,27.618],[84.193,27.6096],[84.1906,27.6081],[84.1883,27.6082],[84.1836,27.6115],[84.1804,27.6109],[84.1789,27.6068],[84.1799,27.6017],[84.179,27.5981],[84.1645,27.593],[84.1612,27.589],[84.1602,27.584]],[[84.2041,27.613],[84.2013,27.6105],[84.1976,27.6116],[84.193,27.6096]],[[84.1946,27.5949],[84.1906,27.5972],[84.1838,27.5956],[84.1734,27.5828]],[[84.1608,27.588],[84.1567,27.5844],[84.1569,27.5783],[84.1525,27.5674],[84.1526,27.5627]],[[84.1571,27.6056],[84.1578,27.6002],[84.1547,27.5958]],[[84.1324,27.5461],[84.1263,27.5518],[84.1199,27.5519],[84.121,27.5541],[84.1176,27.5549],[84.1076,27.551],[84.0949,27.5482],[84.0922,27.5502],[84.0886,27.556],[84.0804,27.5579],[84.0658,27.5649],[84.0573,27.564],[84.057,27.5597],[84.0552,27.5564],[84.0479,27.5516],[84.0431,27.5513],[84.0335,27.5389],[84.0285,27.5362],[84.0204,27.5377],[84.0006,27.5488],[83.9927,27.5483],[83.9907,27.5461],[83.9835,27.5435],[83.9756,27.5463],[83.9705,27.552],[83.9643,27.5525],[83.9569,27.5495],[83.9512,27.5438],[83.9423,27.5408],[83.9372,27.5425],[83.9291,27.5502],[83.926,27.5504],[83.9195,27.543],[83.9188,27.5403],[83.9194,27.5278],[83.9218,27.5247],[83.9216,27.5187],[83.9226,27.5168],[83.93,27.5129],[83.9383,27.5141],[83.9449,27.5173],[83.9515,27.5265],[83.9542,27.5279],[83.9658,27.5222],[83.9694,27.5176],[83.97,27.5126],[83.9683,27.508],[83.9643,27.5043],[83.9419,27.4946],[83.9388,27.4916],[83.9392,27.4847],[83.9448,27.4682],[83.9439,27.4627],[83.9416,27.4584],[83.934,27.4516],[83.9261,27.4472],[83.9018,27.4384]],[[84.1268,27.5663],[84.12,27.5602],[84.1189,27.5555]],[[84.1559,27.6047],[84.1541,27.5945],[84.1505,27.5932],[84.1418,27.5935],[84.1372,27.5896]],[[84.1861,27.6366],[84.1828,27.6372],[84.1838,27.6324],[84.1821,27.6304],[84.1779,27.6304]],[[84.0431,27.5513],[84.0413,27.5544],[84.0275,27.5505],[84.0214,27.5555],[84.0046,27.551],[84.0003,27.5534],[83.9979,27.558],[83.9952,27.5595],[83.9761,27.5579],[83.966,27.5527]],[[84.274,27.6693],[84.2727,27.6635],[84.2701,27.6609],[84.2672,27.6607],[84.2641,27.6586],[84.2584,27.6506],[84.2556,27.6507],[84.2507,27.6545],[84.2424,27.6516],[84.2421,27.6495],[84.2448,27.6467],[84.2448,27.6448],[84.2378,27.6409]],[[84.1371,27.5751],[84.138,27.5741],[84.1373,27.571],[84.1345,27.5721]],[[84.1914,27.6376],[84.1882,27.6353],[84.1864,27.6361],[84.186,27.6381]],[[84.2898,27.6753],[84.2867,27.6727],[84.2847,27.6593],[84.2827,27.6569],[84.2689,27.6494],[84.263,27.6406],[84.2529,27.637],[84.2423,27.6275],[84.2401,27.6223],[84.2258,27.6163],[84.2076,27.6054],[84.2015,27.6053],[84.1994,27.5968],[84.1946,27.5949],[84.1885,27.5874],[84.1721,27.5826],[84.1664,27.5821],[84.1602,27.584],[84.1578,27.5775],[84.1591,27.5701],[84.1572,27.5691],[84.1523,27.562],[84.1443,27.5569],[84.1451,27.5547],[84.1418,27.5515],[84.1324,27.5461]],[[84.245,27.6298],[84.2239,27.6295]],[[84.3025,27.6794],[84.2974,27.673]],[[84.1806,27.6422],[84.1935,27.6389]],[[84.2898,27.6753],[84.2832,27.6741],[84.274,27.6693],[84.2609,27.6679],[84.259,27.6663],[84.2563,27.6586],[84.2503,27.6591],[84.2431,27.656],[84.2358,27.6563],[84.2306,27.6594],[84.2292,27.6641],[84.2216,27.6655],[84.2198,27.6629],[84.2208,27.658],[84.22,27.6546],[84.205,27.6386],[84.196,27.6399],[84.1885,27.6375],[84.1806,27.6422],[84.177,27.6415],[84.175,27.6383],[84.1777,27.6299],[84.1735,27.6264],[84.1715,27.6162],[84.1655,27.6143],[84.153,27.6026],[84.135,27.5951],[84.1344,27.5919],[84.1376,27.5889],[84.1371,27.5751],[84.1268,27.5663]],[[84.1376,27.5884],[84.1337,27.5848],[84.133,27.5757],[84.1297,27.5728],[84.1288,27.5685]],[[84.1375,27.5853],[84.1349,27.5815],[84.137,27.5771]],[[84.1409,27.5977],[84.1393,27.5991],[84.1361,27.5959]],[[84.1443,27.5569],[84.1271,27.5558],[84.1226,27.5569],[84.1176,27.5549]],[[84.1367,27.5742],[84.1343,27.5735],[84.1318,27.5707]],[[84.1404,27.5929],[84.1376,27.5871]],[[84.1301,27.569],[84.1257,27.5655]],[[84.2199,27.6647],[84.218,27.6618]],[[84.2351,27.6613],[84.2337,27.6625]],[[84.2129,27.6471],[84.2126,27.6426],[84.2062,27.639]],[[83.9018,27.4384],[83.8854,27.4334]],[[84.1295,27.5682],[84.1293,27.5646],[84.1248,27.5613],[84.1226,27.5569]]]}},{"type":"Feature","properties":{"name":"Bagmati","length_km":207,"rank":1,"name_ne":"बागमती नदी"},"geometry":{"type":"MultiLineString","coordinates":[[[85.4184,27.4087],[85.4194,27.4071],[85.4191,27.4031],[85.4204,27.4025],[85.4223,27.4048],[85.4273,27.4059],[85.4291,27.4103],[85.4329,27.41],[85.4337,27.4079],[85.4321,27.4048],[85.4326,27.4034],[85.4399,27.4037],[85.4446,27.4013],[85.4479,27.3878],[85.4497,27.3874],[85.4535,27.3929],[85.4583,27.3952],[85.4602,27.3934],[85.4612,27.3884],[85.4628,27.3869],[85.4697,27.3887],[85.4702,27.3858],[85.4727,27.3828],[85.4733,27.3777],[85.4747,27.3766],[85.4773,27.3779],[85.4789,27.377],[85.4777,27.3739],[85.4717,27.372]],[[85.4717,27.372],[85.4723,27.3702]],[[85.4893,27.1546],[85.4908,27.1466],[85.4783,27.1323],[85.4758,27.1261],[85.4731,27.1239],[85.4693,27.117],[85.4674,27.111],[85.4573,27.1007],[85.4516,27.0966],[85.4503,27.0915],[85.4483,27.0904],[85.4423,27.0806],[85.4312,27.074],[85.4314,27.0683],[85.4278,27.0661],[85.4268,27.0575],[85.4207,27.053],[85.4199,27.0502],[85.4176,27.0489],[85.4153,27.0417],[85.4153,27.0336],[85.4133,27.0271],[85.4066,27.0234],[85.4008,27.0248],[85.398,27.0212],[85.3968,27.0158],[85.3946,27.0141],[85.3936,27.0107],[85.3883,27.0092],[85.3882,26.9972],[85.3924,26.9916],[85.3905,26.9844],[85.3912,26.9813],[85.3898,26.9798],[85.3956,26.9744],[85.3965,26.9711],[85.3942,26.9647],[85.3965,26.9568],[85.3942,26.9528],[85.3894,26.95],[85.3897,26.9459],[85.3877,26.9435],[85.389,26.9414],[85.3888,26.9383],[85.393,26.9318],[85.3923,26.9274],[85.3901,26.9258],[85.3895,26.9213],[85.3869,26.9191],[85.3897,26.9095],[85.3833,26.9051],[85.3753,26.9031],[85.3707,26.8998],[85.3693,26.8969],[85.3618,26.8956],[85.3567,26.8929],[85.3575,26.8893],[85.3556,26.8868],[85.3571,26.884],[85.3561,26.8799],[85.3546,26.8784],[85.3545,26.8758],[85.3524,26.8749],[85.3525,26.8724],[85.3506,26.8718],[85.3511,26.8687],[85.3495,26.8666],[85.3506,26.8631],[85.3479,26.8572],[85.3451,26.8564],[85.342,26.8455],[85.3451,26.839],[85.3475,26.8368],[85.3489,26.8371],[85.3499,26.833],[85.3461,26.8281],[85.3376,26.8324],[85.3322,26.8297],[85.3282,26.8193],[85.3303,26.812],[85.3288,26.8032],[85.3256,26.7976],[85.3255,26.7951],[85.3207,26.7936],[85.3191,26.7902],[85.3235,26.7866],[85.3234,26.7808],[85.326,26.7732],[85.3256,26.77],[85.3214,26.7657],[85.322,26.7635],[85.3256,26.759],[85.3313,26.758],[85.334,26.7555],[85.3394,26.7416]],[[85.4956,27.1737],[85.5015,27.1756],[85.5028,27.1712],[85.4993,27.168],[85.5035,27.1663],[85.5042,27.1635],[85.4939,27.1631],[85.4893,27.1546]],[[85.3332,27.434],[85.3355,27.4319],[85.3405,27.4331],[85.3466,27.4285],[85.3501,27.4312],[85.3642,27.425],[85.3685,27.4244],[85.369,27.4214],[85.3714,27.4193],[85.3779,27.4179],[85.3791,27.4156],[85.384,27.4134],[85.3847,27.4114],[85.3838,27.4087],[85.3849,27.4078],[85.3891,27.4085],[85.3947,27.4116],[85.3967,27.4094],[85.3981,27.4043],[85.4046,27.4058],[85.4051,27.4034],[85.4063,27.403],[85.4095,27.4067],[85.4141,27.4046],[85.4155,27.4082],[85.4184,27.4087]],[[85.3159,27.6899],[85.3065,27.6932],[85.3023,27.6915],[85.2993,27.6841],[85.2988,27.6786],[85.2917,27.6723],[85.2928,27.6695],[85.2977,27.6678],[85.2963,27.6643],[85.297,27.6611],[85.2943,27.6601],[85.2932,27.6559],[85.2873,27.6507],[85.2874,27.6445],[85.2824,27.6449],[85.2857,27.6383],[85.2929,27.6341],[85.2933,27.6292],[85.295,27.6268],[85.2926,27.626],[85.2934,27.6219],[85.2917,27.6191],[85.2938,27.6126],[85.29,27.6118],[85.2942,27.6077],[85.2942,27.6034],[85.2912,27.6014],[85.2918,27.5972],[85.2876,27.598],[85.285,27.5932],[85.2835,27.5961],[85.2798,27.5955],[85.2817,27.5922],[85.2794,27.5888],[85.2846,27.5872],[85.2849,27.5856],[85.2807,27.5854],[85.2794,27.5834],[85.277,27.5829],[85.272,27.5765],[85.2685,27.5742],[85.2664,27.5702],[85.2612,27.5699],[85.2581,27.5714],[85.2534,27.5689],[85.2506,27.5648],[85.251,27.5606],[85.2479,27.5579],[85.2473,27.5548],[85.2458,27.5537],[85.2473,27.5505],[85.2438,27.5479],[85.24,27.5482],[85.2314,27.5374],[85.2384,27.5331],[85.2451,27.533],[85.2463,27.5287],[85.2513,27.5285],[85.2502,27.5213],[85.2408,27.5173],[85.2417,27.5127],[85.2371,27.5103],[85.2345,27.5048],[85.2372,27.5005],[85.2423,27.5004],[85.248,27.4953],[85.2443,27.4866],[85.2475,27.4834],[85.2481,27.476],[85.2525,27.4736],[85.2574,27.4681],[85.2559,27.4659],[85.2585,27.4619],[85.2583,27.4585],[85.2619,27.4571],[85.2638,27.4547],[85.2739,27.4538],[85.2787,27.4515],[85.3011,27.451],[85.306,27.4462],[85.3118,27.4458],[85.3158,27.4419],[85.3142,27.4386],[85.3147,27.4369],[85.3172,27.4362],[85.3281,27.4385],[85.3323,27.4365],[85.3332,27.434]],[[85.4628,27.2844],[85.4645,27.2828],[85.4672,27.2753],[85.4712,27.2713],[85.475,27.2704],[85.4749,27.2662],[85.4777,27.2644],[85.4801,27.2599],[85.4838,27.2589],[85.4893,27.2491],[85.4894,27.2466],[85.4874,27.2429],[85.4901,27.2384],[85.4861,27.2299],[85.4876,27.2206],[85.4992,27.2218],[85.5011,27.2213],[85.5039,27.2175],[85.5018,27.2118],[85.5017,27.2072],[85.5092,27.1974],[85.5063,27.1956],[85.4999,27.1954],[85.4917,27.1984],[85.488,27.1979],[85.4869,27.1927],[85.4921,27.1884],[85.4922,27.187],[85.4869,27.1832],[85.4824,27.184],[85.4801,27.181],[85.4825,27.1783],[85.4821,27.1762],[85.4843,27.1754],[85.4872,27.1767],[85.4899,27.1713],[85.4916,27.1713],[85.4931,27.1736],[85.4956,27.1737]],[[85.4351,27.3422],[85.433,27.3407],[85.4344,27.3374],[85.4321,27.3337],[85.4258,27.3335],[85.422,27.3312],[85.4172,27.332],[85.4159,27.3301],[85.418,27.3211],[85.4182,27.3221],[85.4204,27.3189],[85.423,27.3178],[85.4211,27.3082],[85.431,27.3018],[85.4325,27.2949]],[[85.4238,27.784],[85.424,27.7808]],[[85.3473,27.6995],[85.3471,27.6994]],[[85.424,27.7808],[85.4249,27.7791],[85.4241,27.7764],[85.426,27.7737],[85.4258,27.7716],[85.4273,27.7712],[85.4241,27.7677],[85.424,27.7633],[85.4205,27.757],[85.4241,27.7497],[85.4217,27.7475],[85.4196,27.7488],[85.4187,27.7449],[85.416,27.7462],[85.4158,27.7428],[85.4123,27.7413],[85.4123,27.7381],[85.4097,27.7385],[85.4095,27.736],[85.4065,27.7361],[85.4052,27.7381],[85.4052,27.7351],[85.4015,27.7339],[85.3996,27.7362],[85.3966,27.7334],[85.3954,27.7389],[85.3926,27.7377],[85.3901,27.7397],[85.388,27.7392],[85.3862,27.7365],[85.3815,27.7181],[85.3786,27.7161],[85.3776,27.7172],[85.375,27.7168],[85.3728,27.7119],[85.3683,27.7105],[85.3582,27.7125],[85.3559,27.7093],[85.3538,27.7118],[85.3499,27.7131],[85.3502,27.7113],[85.3484,27.7088],[85.35,27.7029],[85.3473,27.6995]],[[85.4723,27.3702],[85.4725,27.3664],[85.4642,27.3555],[85.4593,27.3543],[85.4555,27.3548],[85.4484,27.3518],[85.4456,27.3489],[85.4367,27.3449],[85.4351,27.3422]],[[85.4309,27.2905],[85.434,27.2874],[85.4354,27.2876],[85.4424,27.2836],[85.4463,27.2848],[85.4546,27.2833],[85.4628,27.2844]],[[85.4325,27.2948],[85.4309,27.2905]],[[85.4325,27.2949],[85.4325,27.2948]],[[85.3471,27.6994],[85.3466,27.6976],[85.3514,27.6947],[85.3518,27.6933],[85.348,27.6907],[85.3481,27.6882],[85.3439,27.6864],[85.3412,27.6819],[85.3382,27.6823],[85.3363,27.6794],[85.3312,27.6793],[85.3271,27.6858],[85.3203,27.6873],[85.3159,27.6899]]]}},{"type":"Feature","properties":{"name":"Sun Kosi","length_km":229,"rank":1},"geometry":{"type":"MultiLineString","coordinates":[[[86.4342,27.1488],[86.438,27.1467],[86.4374,27.1444],[86.4341,27.1406],[86.4273,27.1376],[86.4267,27.1328],[86.4316,27.1306],[86.4407,27.1337],[86.4452,27.1329],[86.448,27.1299],[86.4478,27.1261],[86.4515,27.1204],[86.4532,27.119],[86.4598,27.1188],[86.4727,27.1021],[86.4766,27.1037],[86.4793,27.1082],[86.4839,27.1098],[86.4901,27.1046],[86.4925,27.1046],[86.4954,27.1088],[86.5029,27.1146],[86.5085,27.1116],[86.5135,27.1116],[86.5176,27.1173],[86.5236,27.1217],[86.5245,27.1259],[86.5337,27.1357],[86.5416,27.1375],[86.5469,27.1373],[86.5484,27.1423],[86.5552,27.1408],[86.5624,27.146],[86.5718,27.1478],[86.5763,27.1514],[86.5861,27.1518],[86.5971,27.144],[86.606,27.1396],[86.6149,27.1402],[86.629,27.1341],[86.6399,27.1331],[86.6438,27.1309],[86.6499,27.1303],[86.655,27.1247],[86.6691,27.1198],[86.6688,27.1173],[86.671,27.1138],[86.6753,27.1115],[86.6813,27.1037],[86.6903,27.1022],[86.6975,27.0951],[86.6999,27.0903],[86.6986,27.086],[86.7105,27.0735],[86.7096,27.0682],[86.7131,27.0647],[86.7199,27.0623],[86.7186,27.0605],[86.7195,27.0566],[86.7263,27.0466],[86.7264,27.0396],[86.7316,27.0348],[86.7391,27.0328],[86.7472,27.024],[86.7484,27.011],[86.7534,27.0064],[86.7542,26.9993],[86.752,26.989],[86.7564,26.9857],[86.7562,26.9798],[86.7545,26.9755],[86.7554,26.9733],[86.7609,26.9704],[86.7608,26.9661],[86.7644,26.9573],[86.764,26.9501],[86.7612,26.9416],[86.7633,26.9393]],[[85.7333,27.573],[85.7337,27.5707],[85.7358,27.5689],[85.7348,27.5625],[85.7381,27.5592],[85.7455,27.5565],[85.7528,27.552],[85.7583,27.5464],[85.7618,27.5464],[85.763,27.5434],[85.7651,27.5424],[85.7695,27.5414],[85.7729,27.5437]],[[85.9601,27.3883],[85.9642,27.3853]],[[86.2043,27.2504],[86.2076,27.2471],[86.213,27.2456],[86.2205,27.24],[86.23,27.2372],[86.2395,27.2413],[86.2431,27.247],[86.2516,27.2495],[86.2566,27.255],[86.2563,27.2567],[86.2576,27.2582],[86.2618,27.2575],[86.2643,27.261],[86.266,27.2611],[86.267,27.2601],[86.2661,27.2544],[86.2671,27.2531],[86.2744,27.2515],[86.2807,27.2459],[86.2844,27.2469],[86.2873,27.2457],[86.2951,27.238],[86.3045,27.2376],[86.3067,27.2368],[86.3094,27.2329],[86.3148,27.2316],[86.3255,27.2301],[86.333,27.2309],[86.3418,27.2283],[86.3425,27.2273],[86.3408,27.2255],[86.3423,27.2233],[86.3426,27.2182],[86.3399,27.2143],[86.3397,27.2113],[86.3442,27.2016],[86.3588,27.2009],[86.3627,27.1964],[86.37,27.1917],[86.3749,27.1938],[86.3789,27.193],[86.3808,27.1911],[86.3829,27.1824],[86.3898,27.1799]],[[86.842,26.8859],[86.8468,26.8879],[86.8534,26.8885],[86.8617,26.8951],[86.8682,26.8938],[86.8729,26.8966],[86.882,26.8974],[86.8852,26.8989],[86.8893,26.8971],[86.8923,26.898],[86.9012,26.8969],[86.9064,26.8983],[86.9106,26.8961],[86.9153,26.8961],[86.9216,26.9046],[86.9262,26.905],[86.9316,26.9075],[86.9369,26.9045],[86.9442,26.9032],[86.9484,26.9048],[86.9582,26.9043],[86.9663,26.8998],[86.9726,26.902],[86.9751,26.9059],[86.9773,26.9068],[86.979,26.9046],[86.9777,26.8993],[86.9791,26.8965],[86.9896,26.8929],[86.9941,26.8899],[86.9982,26.8893],[86.9998,26.8868],[87.0022,26.8866],[87.0036,26.8875],[87.0048,26.892],[87.0111,26.8913],[87.0144,26.8923],[87.0212,26.8968],[87.0267,26.898],[87.0275,26.9009],[87.0322,26.9038],[87.0384,26.9021],[87.0412,26.9061],[87.0428,26.9065],[87.0506,26.9024],[87.0545,26.9043],[87.0579,26.9097],[87.0608,26.9108],[87.0634,26.9107],[87.0652,26.9074],[87.0763,26.9085],[87.0824,26.9123],[87.0859,26.9102],[87.0935,26.91],[87.092,26.9145],[87.0936,26.9169],[87.1096,26.9177],[87.112,26.9189],[87.1148,26.923],[87.1263,26.9243],[87.1373,26.9277],[87.1426,26.9276],[87.1493,26.9252],[87.1559,26.9155],[87.1563,26.9129],[87.1612,26.9102]],[[85.7729,27.5437],[85.7751,27.5461],[85.7778,27.5447],[85.7814,27.5378],[85.7831,27.5284],[85.7856,27.5254],[85.7907,27.5227],[85.7942,27.5173],[85.7937,27.5095],[85.7971,27.5051],[85.7964,27.5025],[85.7981,27.4995],[85.8017,27.4974],[85.8033,27.49],[85.8073,27.486],[85.8085,27.4832],[85.8067,27.4794],[85.8102,27.4756],[85.8124,27.4749]],[[85.8124,27.4749],[85.814,27.4728],[85.8131,27.4687],[85.8144,27.4641],[85.8131,27.4628],[85.8103,27.4633],[85.809,27.4618],[85.8094,27.4547],[85.8143,27.4519],[85.8178,27.4525],[85.8293,27.4476],[85.8274,27.4414],[85.8301,27.4374],[85.8316,27.4359],[85.8403,27.4338],[85.8472,27.4244],[85.8594,27.4244],[85.8613,27.4233],[85.8619,27.4209],[85.8683,27.4183],[85.8731,27.4201],[85.8781,27.4167],[85.8857,27.4201],[85.8909,27.4137],[85.8933,27.4137],[85.8966,27.4164],[85.9104,27.4092],[85.9184,27.4088],[85.9254,27.4043],[85.9273,27.3971],[85.9334,27.3959],[85.9338,27.3887],[85.9408,27.3861],[85.9435,27.38],[85.9522,27.3817],[85.951,27.3857],[85.9529,27.3885],[85.9582,27.3888],[85.9623,27.3872],[85.9673,27.3827],[85.9701,27.3751],[85.9771,27.3712],[85.9778,27.3608],[85.9795,27.3568],[85.9783,27.3545],[85.9834,27.3502],[85.9813,27.3406],[85.9837,27.3354],[85.9875,27.3355],[85.991,27.3381],[85.9974,27.3374],[86.0085,27.3284],[86.0087,27.326],[86.0175,27.3212],[86.0197,27.3171],[86.0224,27.3154]],[[86.0224,27.3154],[86.0231,27.3133],[86.0208,27.3112],[86.022,27.3087],[86.0263,27.3089],[86.0278,27.3106],[86.03,27.31],[86.0324,27.308],[86.0366,27.2998],[86.0416,27.2972],[86.0469,27.297],[86.0517,27.2928],[86.0547,27.288],[86.0585,27.2869],[86.0604,27.2906],[86.0706,27.2915]],[[86.0706,27.2915],[86.0749,27.291],[86.0762,27.2845],[86.0754,27.2784],[86.0775,27.2756],[86.0817,27.2754],[86.0931,27.2677],[86.107,27.2682],[86.1092,27.2712]],[[86.1092,27.2712],[86.1128,27.2726],[86.1136,27.2711]],[[86.1136,27.2711],[86.1264,27.2651]],[[86.1804,27.2524],[86.1845,27.2522],[86.1877,27.2539],[86.1905,27.2524],[86.2003,27.2523],[86.2043,27.2504]],[[86.1264,27.2651],[86.1294,27.263],[86.1291,27.2591],[86.1336,27.2524],[86.1444,27.246]],[[86.1444,27.246],[86.1473,27.2426],[86.1518,27.2419],[86.1548,27.2498],[86.1573,27.2523],[86.1597,27.2525]],[[86.1597,27.2525],[86.1737,27.2534],[86.1804,27.2524]],[[86.3898,27.1799],[86.4,27.1767],[86.4002,27.1725],[86.402,27.1703],[86.4119,27.1693],[86.416,27.1666],[86.4189,27.1609],[86.4199,27.1499],[86.4283,27.1464],[86.4308,27.1486],[86.4342,27.1488]],[[86.7633,26.9393],[86.7641,26.9338],[86.7607,26.9251],[86.7662,26.9137],[86.7684,26.9007],[86.772,26.8991],[86.7739,26.8966],[86.7736,26.892],[86.7711,26.8866],[86.7719,26.8849],[86.7797,26.8878],[86.7828,26.8853],[86.7848,26.8806],[86.7908,26.8803],[86.8001,26.8766],[86.8066,26.8724],[86.8131,26.8749],[86.8219,26.872],[86.8288,26.8759],[86.8348,26.8755],[86.8371,26.8837],[86.842,26.8859]],[[85.8092,27.4767],[85.8111,27.4754]]]}},{"type":"Feature","properties":{"name":"Seti Nadi","length_km":233,"rank":1,"name_ne":"सेती नदी"},"geometry":{"type":"MultiLineString","coordinates":[[[81.2608,29.8315],[81.2616,29.8282],[81.264,29.8258],[81.2631,29.8226],[81.2594,29.8175],[81.2602,29.8108],[81.2586,29.8028],[81.2565,29.7995],[81.2569,29.7928],[81.2617,29.784],[81.2625,29.7786],[81.2683,29.7735]],[[80.8931,29.259],[80.8945,29.2549],[80.8969,29.2527],[80.9058,29.2518],[80.9059,29.247],[80.9078,29.2426],[80.9065,29.2383],[80.909,29.2371],[80.9164,29.2465],[80.9248,29.247],[80.9309,29.2515],[80.9285,29.2598],[80.9345,29.2585],[80.9352,29.254],[80.9467,29.253],[80.9513,29.2455],[80.9573,29.2456],[80.9565,29.2428],[80.9604,29.24],[80.9593,29.2353],[80.9604,29.2325],[80.963,29.2312],[80.9687,29.2311],[80.9755,29.227],[80.9757,29.2253],[80.9732,29.2223],[80.974,29.2211],[80.9777,29.2193],[80.9796,29.2214],[80.9834,29.2224],[80.9882,29.2213],[80.992,29.2182],[80.9956,29.208],[80.9995,29.2076],[81.0068,29.2041],[81.0074,29.1997],[81.0094,29.1988],[81.012,29.1943],[81.0164,29.1915],[81.0206,29.1925],[81.0222,29.1916],[81.0234,29.1903],[81.0209,29.1887],[81.0202,29.1866],[81.0218,29.1833],[81.0304,29.1819],[81.0338,29.1881],[81.0356,29.1893],[81.039,29.1881],[81.0411,29.1855],[81.0439,29.1854],[81.0456,29.1832],[81.0442,29.1817],[81.0434,29.1751],[81.0491,29.1705],[81.0482,29.166],[81.0492,29.1626],[81.0568,29.1619],[81.0585,29.1588],[81.0589,29.1536],[81.0557,29.1522],[81.0559,29.1488],[81.0654,29.1459],[81.0667,29.1441],[81.0674,29.1415],[81.0653,29.1353],[81.0717,29.1344],[81.0726,29.1332],[81.0715,29.1306],[81.0745,29.1263],[81.0794,29.1241],[81.0918,29.1102],[81.0993,29.1057],[81.1015,29.1011],[81.1081,29.0984]],[[81.1692,29.8707],[81.1732,29.8678],[81.1752,29.8633],[81.1783,29.8628],[81.1796,29.8653],[81.1813,29.8658],[81.1844,29.8625],[81.188,29.8626],[81.1962,29.8579],[81.206,29.856],[81.2112,29.8582],[81.2154,29.858],[81.2192,29.8554],[81.2234,29.8556],[81.228,29.8524],[81.2316,29.8516],[81.2344,29.8485],[81.2483,29.8413],[81.2502,29.8413],[81.2521,29.8384],[81.2593,29.8338],[81.2608,29.8315]],[[81.2505,29.9823],[81.2475,29.9786],[81.2461,29.9735],[81.2409,29.9716],[81.2381,29.9686],[81.2338,29.9698],[81.2269,29.9639],[81.2224,29.9645],[81.2178,29.9631],[81.2059,29.9686],[81.2046,29.9654],[81.2026,29.9648]],[[81.2026,29.9648],[81.2034,29.9612],[81.1992,29.9553],[81.1989,29.9516],[81.1922,29.9431],[81.1887,29.9408],[81.1892,29.9382],[81.1828,29.9338],[81.1799,29.9277],[81.1809,29.9231],[81.1759,29.9194],[81.1766,29.9148],[81.1755,29.9106],[81.1737,29.9085],[81.1716,29.8976],[81.1678,29.8922],[81.1689,29.8885],[81.1667,29.8812],[81.1669,29.8777],[81.1692,29.8707]],[[81.2683,29.7735],[81.2686,29.7717],[81.2713,29.773],[81.2797,29.7712],[81.2849,29.7661],[81.2844,29.7618],[81.2924,29.7565],[81.2948,29.7564],[81.2957,29.7517],[81.3,29.7492],[81.3006,29.7476],[81.2991,29.7465],[81.3001,29.7427],[81.2991,29.7356],[81.3008,29.734],[81.3056,29.7353],[81.3073,29.7316],[81.3152,29.7249],[81.3142,29.7221],[81.3108,29.7222],[81.311,29.7172],[81.3154,29.712],[81.3118,29.7101],[81.3162,29.7069],[81.3153,29.7051],[81.3124,29.706],[81.3115,29.7047],[81.3115,29.7024],[81.3138,29.7011],[81.3126,29.6991],[81.315,29.6976],[81.3205,29.7001],[81.3214,29.6982],[81.3193,29.696],[81.3196,29.6934],[81.3239,29.6959],[81.3261,29.6954],[81.3278,29.6941],[81.3236,29.6901],[81.3259,29.6877],[81.3299,29.6887],[81.3326,29.6851],[81.3323,29.6815],[81.3289,29.6813],[81.327,29.6786],[81.3203,29.6765],[81.3157,29.6727],[81.3145,29.6697],[81.3155,29.6656],[81.3114,29.6602],[81.3127,29.656],[81.3086,29.6506],[81.308,29.6445],[81.3045,29.6358],[81.3047,29.6334],[81.3032,29.6305],[81.3052,29.6232],[81.3001,29.6096],[81.2971,29.6073],[81.2933,29.6077],[81.2912,29.606],[81.2835,29.6064],[81.2802,29.6088],[81.277,29.6059],[81.2726,29.6076],[81.27,29.6033],[81.2678,29.6035],[81.2676,29.6064],[81.266,29.607],[81.2635,29.6029],[81.2578,29.6029],[81.2444,29.5989],[81.2426,29.5955],[81.2428,29.5931],[81.2397,29.5906],[81.2419,29.5866],[81.2339,29.5824],[81.2341,29.5797],[81.2283,29.5725],[81.2206,29.5686],[81.2199,29.56],[81.2068,29.5554],[81.2039,29.557],[81.2018,29.5564],[81.2004,29.5526],[81.2027,29.5502],[81.2004,29.5481],[81.1953,29.5491],[81.1967,29.5404],[81.1911,29.5389],[81.1893,29.5354],[81.1819,29.5338],[81.1753,29.5361],[81.1709,29.5344],[81.1696,29.532],[81.1613,29.5255],[81.1545,29.516],[81.1481,29.513],[81.146,29.5065],[81.1384,29.5017],[81.1353,29.5017],[81.1324,29.5038],[81.1242,29.5017],[81.1207,29.5049],[81.1175,29.5015],[81.1016,29.4999],[81.0925,29.4959],[81.084,29.4981],[81.0728,29.4916],[81.067,29.4949],[81.0617,29.4903],[81.0546,29.4903],[81.0554,29.486],[81.0455,29.4797],[81.0365,29.4804],[81.0275,29.4778],[81.0181,29.48],[81.0145,29.4822],[81.0088,29.4778],[81.0058,29.4714],[80.9971,29.4683],[80.9874,29.4671],[80.9846,29.4624],[80.9746,29.4668],[80.9654,29.4646],[80.9647,29.4629],[80.9589,29.463]],[[80.9589,29.463],[80.9525,29.4626],[80.9495,29.4607],[80.9466,29.4621],[80.9443,29.4595],[80.9324,29.4644],[80.9298,29.4641],[80.9229,29.4584],[80.9124,29.4561],[80.9117,29.454],[80.9136,29.4525],[80.9115,29.4455]],[[81.1081,29.0984],[81.11,29.097],[81.1091,29.0868],[81.1101,29.0845],[81.1148,29.0851],[81.1289,29.0819],[81.1254,29.0746],[81.1218,29.0744],[81.1197,29.0718],[81.1221,29.0639],[81.1315,29.0596],[81.1315,29.0524],[81.1353,29.0496],[81.1364,29.0419],[81.1455,29.0343],[81.1446,29.0324],[81.1442,29.0182],[81.1471,29.0098],[81.15,29.0061],[81.147,29.0013],[81.1437,28.9908],[81.1422,28.9894],[81.1363,28.9897],[81.1319,28.9813],[81.1186,28.9746],[81.1053,28.9776],[81.106,28.9733],[81.1021,28.9703],[81.1034,28.9655]],[[80.7999,29.3013],[80.8096,29.2989],[80.8145,29.3008],[80.8173,29.2987],[80.8222,29.2994],[80.8313,29.2972],[80.8334,29.2956],[80.8343,29.2914],[80.836,29.2905],[80.8373,29.2914],[80.8453,29.2856],[80.8562,29.2883]],[[80.9115,29.4455],[80.9076,29.443],[80.9085,29.4401],[80.9078,29.4385],[80.9019,29.4378],[80.9004,29.4327],[80.8959,29.4315],[80.8906,29.4238],[80.8839,29.422],[80.8778,29.4165],[80.8752,29.4121],[80.8673,29.4117],[80.8627,29.4145],[80.8599,29.41],[80.8517,29.4079],[80.8527,29.4043],[80.8574,29.4013],[80.8601,29.3968],[80.859,29.3895],[80.8536,29.3793],[80.8499,29.3759],[80.8428,29.376],[80.8377,29.3803],[80.8345,29.3809],[80.8267,29.3714],[80.8201,29.3697],[80.8179,29.3671],[80.8132,29.3649],[80.8009,29.3648],[80.7953,29.3667],[80.7893,29.3649],[80.7843,29.367],[80.7794,29.3645],[80.7744,29.3654],[80.7712,29.3618],[80.7707,29.3579],[80.7684,29.3571],[80.7657,29.3591],[80.765,29.3631],[80.762,29.3627],[80.7613,29.3576],[80.7622,29.3506],[80.7616,29.349],[80.7581,29.349],[80.7573,29.3454],[80.7615,29.3406],[80.7629,29.3358],[80.7587,29.332],[80.7627,29.3245],[80.7689,29.3238],[80.7713,29.3223],[80.7702,29.3186],[80.776,29.3157],[80.7714,29.3104],[80.7717,29.3078],[80.773,29.3069],[80.7726,29.301],[80.7741,29.2994],[80.7785,29.2993],[80.7842,29.2965],[80.7868,29.2984],[80.7941,29.2975],[80.7999,29.3013]],[[80.8562,29.2883],[80.8597,29.2905],[80.8636,29.2884],[80.8633,29.2853],[80.8668,29.2812],[80.8661,29.2768],[80.8722,29.2697],[80.8781,29.27],[80.8818,29.2731],[80.8869,29.2721],[80.8878,29.2695],[80.8925,29.2664],[80.8931,29.259]]]}},{"type":"Feature","properties":{"name":"Kamala River","length_km":243,"rank":1,"name_ne":"कमला नदि"},"geometry":{"type":"MultiLineString","coordinates":[[[86.153,27.0169],[86.159,27.0101],[86.1655,27.0126],[86.1789,27.0076],[86.1831,27.01],[86.1873,27.0089],[86.1907,27.0119]],[[86.1456,26.8288],[86.1499,26.8226],[86.1484,26.8181],[86.1517,26.8066],[86.1512,26.8019],[86.1454,26.7979],[86.1449,26.7929],[86.1507,26.7796],[86.1504,26.77],[86.1541,26.7641],[86.156,26.7579],[86.1537,26.7521],[86.1523,26.7513],[86.1536,26.7488],[86.1517,26.7462],[86.1718,26.7315],[86.1899,26.7233],[86.1911,26.7186],[86.1895,26.7124],[86.1841,26.7075],[86.1845,26.7062],[86.1914,26.7019],[86.194,26.6958],[86.194,26.6918],[86.1934,26.6884],[86.1892,26.6821],[86.1902,26.6813],[86.1892,26.6798],[86.1902,26.6731],[86.1892,26.6648],[86.192,26.6556],[86.1892,26.6535],[86.1878,26.6541],[86.1831,26.6505],[86.1675,26.6494],[86.1619,26.6449],[86.1575,26.6385],[86.1554,26.6322],[86.1551,26.6234],[86.1474,26.5976],[86.1443,26.5964],[86.1462,26.5944],[86.1449,26.5925],[86.1478,26.5848],[86.1473,26.5782],[86.1492,26.5746],[86.1596,26.5657],[86.165,26.5587],[86.1657,26.5527],[86.1643,26.5472],[86.1706,26.5383],[86.1692,26.5239],[86.1753,26.514],[86.179,26.5131],[86.1807,26.5091],[86.1851,26.5056],[86.1954,26.5005],[86.1929,26.4858],[86.1965,26.4828],[86.201,26.4824],[86.2162,26.484],[86.2336,26.4586],[86.2359,26.4443],[86.2388,26.4427],[86.2443,26.4439],[86.2484,26.4415],[86.2495,26.4354],[86.2484,26.4308],[86.2492,26.4255],[86.2512,26.4244],[86.2528,26.421],[86.2473,26.4074],[86.2466,26.4013],[86.2476,26.3851],[86.2509,26.3785],[86.2597,26.3715],[86.2622,26.3575],[86.2651,26.3544],[86.2718,26.3536],[86.2765,26.351],[86.2752,26.3468],[86.2823,26.3313],[86.2805,26.3268],[86.2689,26.3231],[86.2774,26.3142],[86.2779,26.3124],[86.2736,26.3058],[86.2663,26.2994],[86.2619,26.2931],[86.2612,26.2902],[86.2623,26.2877],[86.2675,26.2846],[86.2685,26.2712],[86.2628,26.2528],[86.2569,26.2464],[86.2608,26.2398],[86.2562,26.2244],[86.2569,26.2146],[86.2648,26.203],[86.2756,26.1987],[86.2764,26.196],[86.2743,26.1779],[86.2759,26.1677],[86.2779,26.1665],[86.2866,26.1686],[86.2958,26.1651],[86.3007,26.1645],[86.3064,26.1663],[86.3264,26.1633],[86.335,26.1551],[86.3391,26.1472],[86.3388,26.1415],[86.3331,26.1354],[86.3314,26.131],[86.3321,26.1284],[86.3355,26.1273],[86.3369,26.1192],[86.3393,26.1148],[86.3382,26.1098],[86.3433,26.1023],[86.3419,26.0998],[86.3376,26.1001],[86.3368,26.0989],[86.3391,26.0958],[86.3384,26.0935],[86.3405,26.0891],[86.3405,26.0855],[86.3444,26.0853],[86.3511,26.0814],[86.3546,26.071],[86.3493,26.0574],[86.343,26.0483],[86.3424,26.0424],[86.3379,26.0391],[86.3376,26.035],[86.3331,26.0286],[86.3292,26.019],[86.3355,25.9972],[86.3349,25.9957],[86.3311,25.9945],[86.3308,25.9909],[86.3279,25.9869],[86.3305,25.9841],[86.3278,25.9786],[86.3309,25.9765],[86.331,25.9726],[86.3341,25.969],[86.3337,25.9609],[86.3401,25.9606],[86.3419,25.9584],[86.3417,25.9539],[86.3436,25.953],[86.3425,25.9499],[86.3452,25.9489],[86.3478,25.9452],[86.3467,25.9393],[86.3503,25.9356],[86.3522,25.9309],[86.351,25.9253],[86.3465,25.9271],[86.3465,25.9247],[86.3442,25.9222],[86.3449,25.9179],[86.3394,25.9177],[86.3379,25.9165],[86.3379,25.9139],[86.3399,25.9126],[86.3363,25.9065],[86.3356,25.9001]],[[86.2728,26.9603],[86.278,26.9602],[86.2774,26.9531],[86.2801,26.9528]],[[86.2654,26.9647],[86.2678,26.9621],[86.2672,26.9592],[86.27,26.9543],[86.2698,26.9525],[86.2729,26.9513],[86.2742,26.9474],[86.2749,26.9436],[86.2728,26.9404],[86.2748,26.9373],[86.2721,26.93]],[[86.2519,26.9752],[86.2541,26.9721],[86.2586,26.9708],[86.2649,26.9666],[86.2654,26.9647]],[[85.9795,27.096],[85.9805,27.0943],[85.9842,27.0933],[85.9868,27.0889],[85.991,27.0861],[86.0001,27.0846],[86.0079,27.0803],[86.0143,27.0823],[86.0174,27.0852],[86.0224,27.0847],[86.0275,27.0806],[86.031,27.0697],[86.0336,27.0666],[86.0398,27.0655],[86.0408,27.062],[86.0443,27.0609],[86.0462,27.058],[86.0525,27.0577],[86.0578,27.0537],[86.0628,27.0518],[86.0639,27.0492],[86.0726,27.0457],[86.0803,27.0395],[86.0969,27.0336]],[[86.1907,27.0119],[86.205,27.0107],[86.2155,27.0122],[86.2207,27.0154],[86.2308,27.0117],[86.2329,27.0097],[86.2395,27.0084],[86.244,27.002],[86.2488,26.9998],[86.2501,26.9962],[86.2495,26.9942]],[[86.2546,26.9784],[86.2519,26.9752]],[[86.2495,26.9942],[86.2538,26.9875],[86.2552,26.9808]],[[86.2801,26.9528],[86.2829,26.9499],[86.282,26.9469]],[[86.2728,26.9603],[86.2752,26.9579],[86.2781,26.958]],[[86.2553,26.9766],[86.2564,26.973],[86.2586,26.9708]],[[86.282,26.9469],[86.2804,26.9438],[86.2811,26.9405],[86.2795,26.9339],[86.2721,26.93]],[[86.2721,26.93],[86.2712,26.929],[86.2615,26.9284],[86.2599,26.9203],[86.2603,26.9143],[86.2582,26.91],[86.2509,26.9104],[86.2461,26.9155],[86.2441,26.9129],[86.2436,26.9072],[86.2407,26.9049],[86.235,26.9033],[86.2272,26.905],[86.2244,26.9042],[86.222,26.8992],[86.2248,26.8901],[86.2223,26.8878],[86.2185,26.8896],[86.2161,26.8928],[86.2151,26.8969],[86.2049,26.8993],[86.2,26.9057],[86.1893,26.9049],[86.1836,26.9098],[86.1821,26.9098],[86.176,26.9172],[86.1761,26.9219],[86.175,26.9229],[86.167,26.9237],[86.1623,26.9217],[86.159,26.9234],[86.1581,26.9256],[86.159,26.9323],[86.1565,26.9354],[86.1524,26.9345],[86.1498,26.932],[86.1484,26.9283],[86.1423,26.926],[86.1407,26.9228],[86.1364,26.9219],[86.1346,26.9198],[86.1353,26.9158],[86.1313,26.9112],[86.1324,26.9049],[86.1363,26.8988],[86.1357,26.8913],[86.1328,26.8893],[86.1336,26.888]],[[86.1336,26.888],[86.1374,26.8803],[86.1373,26.8773],[86.1446,26.8696],[86.1447,26.8657],[86.1426,26.8619],[86.1423,26.8542],[86.1456,26.8485]],[[86.1456,26.8485],[86.1461,26.8442],[86.1445,26.8385],[86.147,26.8331],[86.1456,26.8288]],[[85.8529,27.1446],[85.8656,27.1475],[85.8675,27.1507]],[[85.8675,27.1507],[85.8715,27.153],[85.8746,27.1596],[85.8787,27.1631],[85.8814,27.1688],[85.8846,27.1709],[85.8884,27.1708],[85.8887,27.1679],[85.8934,27.1633],[85.901,27.1662]],[[85.9656,27.12],[85.9646,27.1163],[85.9692,27.1096],[85.969,27.1081],[85.9751,27.1024],[85.9795,27.096]],[[85.901,27.1662],[85.9051,27.1655],[85.9067,27.1613],[85.9089,27.1625],[85.912,27.1617],[85.912,27.1585],[85.9103,27.1561],[85.9128,27.1521],[85.9191,27.1522],[85.9216,27.1492],[85.9254,27.1505],[85.9283,27.1496],[85.9348,27.1441],[85.9398,27.1424],[85.9406,27.14],[85.9462,27.1395],[85.9514,27.1331],[85.96,27.1305],[85.9625,27.1243],[85.9638,27.124],[85.9635,27.1221],[85.9656,27.12]],[[85.9623,27.1263],[85.9656,27.12]],[[86.1158,27.0287],[86.1214,27.0263],[86.1351,27.0272],[86.1388,27.0266],[86.14,27.0245],[86.1435,27.0248]],[[86.0969,27.0336],[86.0973,27.0319],[86.1003,27.0299],[86.1077,27.0302],[86.1121,27.0284],[86.1158,27.0287]],[[86.1435,27.0248],[86.1478,27.0209],[86.1519,27.0193],[86.153,27.0169]],[[86.2552,26.9808],[86.2553,26.9766]],[[86.2654,26.9647],[86.2705,26.9639],[86.2728,26.9603]]]}},{"type":"Feature","properties":{"name":"Kali Gandaki","length_km":392,"rank":1,"name_ne":"कालीगण्डकी नदी"},"geometry":{"type":"MultiLineString","coordinates":[[[83.6413,28.7039],[83.6376,28.7001],[83.6345,28.6992],[83.6311,28.7001],[83.6268,28.6976],[83.6234,28.6948],[83.6211,28.6899],[83.6166,28.6875],[83.6163,28.6842],[83.6123,28.6815],[83.6123,28.68],[83.6029,28.6764],[83.6002,28.6725],[83.5947,28.6711],[83.5917,28.6662],[83.5933,28.6611],[83.5932,28.6489],[83.5948,28.6465],[83.604,28.6432],[83.6104,28.6372],[83.6144,28.6366],[83.6184,28.6319],[83.6188,28.6288],[83.621,28.6272],[83.6276,28.6254],[83.6317,28.6222],[83.6355,28.6219],[83.6413,28.618],[83.6417,28.6157],[83.6457,28.6108],[83.6472,28.6106],[83.6472,28.6078],[83.6491,28.6046],[83.6492,28.6017],[83.6468,28.5983],[83.6439,28.5969],[83.6476,28.5904],[83.6455,28.5868],[83.647,28.584],[83.6456,28.582],[83.6462,28.5809],[83.6429,28.5729],[83.638,28.5683],[83.6374,28.56],[83.6358,28.5577],[83.6397,28.5563],[83.644,28.5521],[83.646,28.5442],[83.6493,28.5427],[83.6527,28.5379],[83.6512,28.5351],[83.6533,28.529],[83.6572,28.5268],[83.6606,28.5226],[83.6569,28.511],[83.6593,28.5062],[83.6549,28.5009],[83.6551,28.4965],[83.6521,28.4913],[83.6501,28.4911],[83.648,28.4847]],[[83.648,28.4847],[83.6433,28.4828],[83.6416,28.4787],[83.6351,28.4741],[83.6316,28.4686],[83.6287,28.4598],[83.6222,28.4526],[83.6218,28.4506],[83.6175,28.4483],[83.6164,28.4451],[83.6117,28.4422],[83.6115,28.439],[83.6091,28.4395],[83.6048,28.4346],[83.6038,28.4353],[83.5993,28.4308],[83.5996,28.4184],[83.5986,28.4163],[83.601,28.4129],[83.5991,28.4114],[83.6015,28.4086],[83.599,28.4041],[83.6003,28.4019],[83.5993,28.399],[83.5963,28.3968],[83.5954,28.3943],[83.593,28.3932],[83.5926,28.3908],[83.5891,28.388],[83.5842,28.3809],[83.5789,28.3793],[83.5759,28.3772],[83.5754,28.3756],[83.5699,28.3748]],[[83.7818,28.8373],[83.7803,28.8364],[83.7808,28.8337],[83.7788,28.8315],[83.7788,28.8273],[83.7761,28.8215],[83.7695,28.8182],[83.7673,28.8154],[83.7689,28.8132],[83.7671,28.8097],[83.7633,28.8078],[83.7616,28.8047],[83.7624,28.8011],[83.7574,28.798],[83.7523,28.7892],[83.7298,28.7845],[83.7215,28.7772],[83.7152,28.7761],[83.7131,28.774],[83.7139,28.7725]],[[83.5699,28.3748],[83.5688,28.373],[83.5694,28.3713],[83.5668,28.3673],[83.5654,28.3581],[83.5656,28.3542],[83.5688,28.3488],[83.5683,28.3412],[83.5691,28.3402],[83.5729,28.3403],[83.5748,28.3343],[83.5824,28.3297],[83.5908,28.3219],[83.5919,28.3184],[83.5968,28.3157],[83.5973,28.3126],[83.6008,28.309],[83.6004,28.3038],[83.6024,28.2972],[83.6002,28.2902],[83.6022,28.287],[83.6078,28.2849],[83.6049,28.2792],[83.6059,28.275],[83.6052,28.2703],[83.6059,28.2689],[83.6107,28.2668],[83.6092,28.2622],[83.6097,28.2592],[83.6165,28.2575],[83.6171,28.2544],[83.6208,28.2516],[83.6295,28.2508],[83.6307,28.2465],[83.6354,28.2461],[83.6476,28.238],[83.6505,28.2369],[83.6571,28.2374],[83.6604,28.2304],[83.665,28.2314],[83.6678,28.2305],[83.6689,28.2265],[83.6724,28.2234],[83.6744,28.2155],[83.6735,28.213],[83.6693,28.2099],[83.6693,28.208],[83.6719,28.2051],[83.6696,28.2027]],[[83.5847,27.9788],[83.579,27.9793],[83.5785,27.9756],[83.5764,27.9745],[83.5685,27.9762],[83.5564,27.9739],[83.5534,27.9769],[83.5494,27.9767],[83.5463,27.971],[83.5418,27.9716],[83.538,27.9689],[83.5345,27.9687],[83.5308,27.9645],[83.5275,27.9669],[83.5213,27.9639],[83.5182,27.9663],[83.5105,27.9676],[83.5025,27.9762],[83.491,27.9783],[83.488,27.9812],[83.4852,27.982],[83.4827,27.9809],[83.4793,27.9753],[83.4753,27.9741],[83.473,27.9709]],[[83.473,27.9709],[83.4726,27.9689],[83.469,27.9669],[83.4641,27.9607],[83.4622,27.9537],[83.4559,27.9495],[83.4516,27.9489],[83.4438,27.945],[83.4433,27.9423],[83.4457,27.9388],[83.4395,27.9334],[83.4438,27.9318],[83.4474,27.9282],[83.4499,27.9288],[83.4509,27.9319],[83.4524,27.9329],[83.4608,27.9346],[83.4656,27.9316],[83.4683,27.9279],[83.4849,27.9225],[83.4909,27.9294],[83.5007,27.9269],[83.5067,27.9296],[83.51,27.9335],[83.5051,27.9345],[83.503,27.9374],[83.5061,27.9405],[83.5089,27.9409],[83.5159,27.9384],[83.5188,27.9338],[83.5227,27.9312],[83.5234,27.9297],[83.5222,27.9253],[83.5241,27.9241],[83.5312,27.9332],[83.5296,27.9378],[83.5308,27.9395],[83.5371,27.9374],[83.5361,27.9313],[83.5386,27.9279],[83.5458,27.9296],[83.5497,27.9282],[83.5604,27.9348],[83.5649,27.9342],[83.5672,27.9363],[83.5673,27.9398],[83.5692,27.943],[83.5708,27.9436],[83.5724,27.9424]],[[83.9459,27.8711],[83.9506,27.8692],[83.9588,27.8732],[83.9676,27.8701],[83.972,27.8727],[83.974,27.8681],[83.9798,27.8655],[83.9905,27.8667],[83.9958,27.8655],[83.998,27.8604],[83.9972,27.8569],[83.9994,27.8548],[84.0049,27.8551],[84.0159,27.8513],[84.0215,27.8509],[84.0226,27.8522],[84.0209,27.8553],[84.0165,27.8566],[84.0153,27.8584],[84.0165,27.8606],[84.0201,27.8618],[84.0229,27.8612],[84.0284,27.8564],[84.0314,27.8561],[84.035,27.858],[84.0397,27.857],[84.0413,27.8554],[84.0385,27.851],[84.0409,27.8498],[84.0429,27.8505],[84.0419,27.8543],[84.0427,27.8553],[84.0491,27.8561],[84.0514,27.8538],[84.0514,27.8495],[84.0533,27.8487],[84.0684,27.8567],[84.0696,27.8587],[84.069,27.8622],[84.071,27.8646],[84.0743,27.8655],[84.0755,27.8631],[84.0785,27.8635],[84.0777,27.8697],[84.0832,27.8699],[84.0956,27.8663],[84.1004,27.867]],[[83.7758,27.903],[83.787,27.887],[83.7911,27.884],[83.7977,27.8824],[83.8056,27.8734],[83.8152,27.8741],[83.8213,27.8778],[83.8308,27.8716],[83.8435,27.8683],[83.8462,27.8695],[83.8476,27.8738],[83.8439,27.8794],[83.8443,27.8814],[83.8473,27.8824],[83.8506,27.8816],[83.851,27.8748],[83.8579,27.8737],[83.8616,27.8749],[83.8597,27.8798],[83.861,27.8825],[83.8732,27.8861],[83.8769,27.8885],[83.8806,27.8877],[83.8793,27.8825],[83.884,27.8828],[83.8911,27.8865],[83.9126,27.8793],[83.9139,27.8771],[83.9103,27.8732],[83.9134,27.8712],[83.92,27.872],[83.9247,27.8681],[83.9337,27.8739],[83.9372,27.8783],[83.9405,27.878],[83.9459,27.8711]],[[83.5724,27.9424],[83.5768,27.9361],[83.5758,27.9338],[83.5726,27.9316],[83.5736,27.9305],[83.5926,27.9314],[83.6016,27.9235],[83.611,27.9257],[83.6165,27.9307],[83.6187,27.9298],[83.6206,27.9264],[83.6253,27.927],[83.6265,27.9249],[83.6208,27.9176],[83.6253,27.9155],[83.6333,27.9146],[83.6314,27.9096],[83.6329,27.901],[83.6343,27.8992],[83.6412,27.9024],[83.6448,27.8986],[83.6482,27.9023],[83.6552,27.9028],[83.6681,27.9226],[83.6762,27.9278],[83.6818,27.9243],[83.6819,27.9229],[83.6798,27.9219],[83.6791,27.9199],[83.6822,27.9167],[83.6858,27.918],[83.6872,27.923],[83.6888,27.9239],[83.6932,27.9215],[83.6974,27.917],[83.7021,27.9187],[83.7106,27.9166],[83.7145,27.9179],[83.717,27.9205],[83.7189,27.9205],[83.7233,27.9134],[83.7338,27.908],[83.7348,27.9046],[83.7428,27.9004],[83.7471,27.9012],[83.747,27.903],[83.7424,27.9047],[83.7427,27.9066],[83.7448,27.9082],[83.7496,27.9077],[83.7577,27.9032],[83.7565,27.9096],[83.7632,27.9098],[83.7758,27.903]],[[84.1004,27.867],[84.1014,27.8665],[84.101,27.8641],[84.0952,27.8597],[84.0955,27.8582],[84.0996,27.8556],[84.1031,27.8549],[84.1069,27.8614],[84.1088,27.8618],[84.1108,27.8605],[84.1129,27.8521],[84.118,27.8506],[84.1213,27.8541],[84.1198,27.8597],[84.1249,27.8599],[84.1282,27.8578],[84.1294,27.8542],[84.1274,27.8515],[84.1208,27.8492],[84.1215,27.8473],[84.1269,27.845],[84.1428,27.8498],[84.1464,27.8493],[84.148,27.8469],[84.1556,27.8481],[84.1567,27.847],[84.1543,27.8424],[84.1559,27.8393],[84.1626,27.8412],[84.1627,27.8465],[84.1704,27.8458],[84.1736,27.8522],[84.1814,27.8505],[84.1856,27.8475],[84.1904,27.8463],[84.1953,27.8474],[84.1989,27.8508],[84.2028,27.852],[84.2072,27.8498],[84.2076,27.8472],[84.2059,27.8423],[84.209,27.8387],[84.2118,27.8401],[84.21,27.8435],[84.2111,27.8453],[84.2176,27.8464],[84.2197,27.8451],[84.2238,27.8375],[84.2258,27.836],[84.2286,27.8408],[84.2271,27.8441],[84.2278,27.8455],[84.2309,27.8464],[84.2353,27.8443],[84.2413,27.8465],[84.2458,27.8455],[84.2519,27.8385],[84.2661,27.8385],[84.2656,27.8342],[84.2676,27.8324],[84.2696,27.8327],[84.2696,27.8354],[84.2715,27.8363],[84.2764,27.8362],[84.2808,27.8379],[84.2867,27.8371],[84.2914,27.838],[84.2947,27.8332],[84.2955,27.8299]],[[84.2955,27.8299],[84.3008,27.8218],[84.3059,27.8186],[84.3053,27.8168],[84.3006,27.815],[84.3024,27.8098],[84.2976,27.8063],[84.2999,27.7981],[84.2996,27.7936],[84.3009,27.7915],[84.3128,27.7864],[84.3156,27.7822],[84.3185,27.7748],[84.3153,27.7638],[84.3165,27.762],[84.3218,27.7593],[84.325,27.7487],[84.3273,27.748],[84.3337,27.7491],[84.3402,27.7441],[84.3433,27.7509],[84.3516,27.7489],[84.3549,27.7518],[84.3606,27.7532],[84.3615,27.7599],[84.3638,27.7617],[84.3643,27.7666],[84.3684,27.7752],[84.3726,27.7779],[84.3785,27.7792],[84.3942,27.7741],[84.3989,27.7707],[84.4051,27.7622],[84.4111,27.7597],[84.4178,27.759],[84.42,27.7541],[84.4171,27.7517],[84.4176,27.7495],[84.4195,27.7483],[84.423,27.7483],[84.4244,27.7461],[84.4213,27.7439],[84.422,27.7413]],[[83.8293,28.9286],[83.8293,28.9281]],[[83.8293,28.9286],[83.828,28.9269]],[[83.829,28.9276],[83.8195,28.9183],[83.8142,28.9161],[83.8146,28.9065],[83.81,28.9047],[83.8051,28.8988],[83.8023,28.8983],[83.7983,28.8953],[83.7985,28.8858],[83.7916,28.8773]],[[83.8293,28.9281],[83.829,28.9276]],[[83.7808,28.8337],[83.7803,28.8272],[83.7779,28.8261]],[[83.8958,28.9887],[83.8954,28.9873],[83.8851,28.9863],[83.8724,28.981],[83.8695,28.9812],[83.8674,28.983],[83.8656,28.9811],[83.8634,28.982],[83.8619,28.979],[83.8585,28.9782],[83.8579,28.9704],[83.8554,28.9694],[83.8481,28.9705],[83.8445,28.9698],[83.8455,28.9712],[83.8384,28.9708],[83.8344,28.969],[83.8335,28.9662],[83.8347,28.9641],[83.8325,28.9605],[83.8328,28.9558],[83.8292,28.9556],[83.833,28.9449],[83.8308,28.943],[83.8295,28.9433],[83.8274,28.9381],[83.8319,28.9356],[83.8296,28.9338],[83.8306,28.932],[83.8291,28.9312],[83.8293,28.9286]],[[83.7139,28.7725],[83.7102,28.7685],[83.7036,28.7671],[83.6961,28.7629],[83.6966,28.7546],[83.6939,28.7516],[83.6873,28.7484],[83.6856,28.7416],[83.6827,28.7393],[83.6798,28.7398],[83.6804,28.7363],[83.6775,28.7339],[83.6766,28.7263],[83.6721,28.7246],[83.6691,28.7207],[83.6616,28.7152],[83.6556,28.7141],[83.6552,28.7115],[83.6517,28.7076],[83.6481,28.7078],[83.6413,28.7039]],[[84.1464,27.8493],[84.1446,27.8507],[84.1414,27.8497]],[[84.3171,27.7616],[84.3206,27.7612],[84.3215,27.7596]],[[83.6696,28.2027],[83.6639,28.199],[83.6596,28.199],[83.6579,28.194],[83.6552,28.1937],[83.6514,28.1868],[83.6478,28.1864],[83.6454,28.1781],[83.6394,28.1751],[83.644,28.1673],[83.6372,28.1611],[83.6364,28.1585],[83.6383,28.1542],[83.6338,28.1508],[83.6374,28.1474],[83.6364,28.1405],[83.6392,28.1371],[83.6328,28.1321],[83.6335,28.128],[83.6314,28.1265],[83.6294,28.1223],[83.6225,28.1215],[83.6098,28.1127],[83.6046,28.1106],[83.604,28.1067],[83.6012,28.1034],[83.601,28.0961],[83.5966,28.0929],[83.5899,28.0837],[83.589,28.0808],[83.5851,28.0802],[83.5813,28.0814],[83.5806,28.0774],[83.5724,28.0736],[83.5679,28.0651],[83.561,28.0644],[83.5642,28.0581],[83.5591,28.044],[83.5598,28.0422],[83.5631,28.0419],[83.5642,28.0403],[83.5616,28.0354],[83.5738,28.0325],[83.5787,28.0341],[83.5841,28.0261],[83.5904,28.0259],[83.5916,28.0214],[83.5958,28.0217],[83.5992,28.0151],[83.6047,28.0128],[83.6053,28.0074],[83.6031,28.0028],[83.6032,27.9974],[83.5949,27.9901],[83.5842,27.9874],[83.5847,27.9788]],[[83.7916,28.8773],[83.7952,28.8723],[83.7951,28.869],[83.7932,28.8677],[83.7924,28.8649],[83.7897,28.8639],[83.7898,28.8599],[83.7859,28.8508],[83.7878,28.8483],[83.7878,28.845],[83.7818,28.8373]],[[83.7896,28.8631],[83.7884,28.8575]],[[83.5917,28.6662],[83.5926,28.6647]],[[83.6056,28.6773],[83.6049,28.6755],[83.6013,28.6738]],[[83.5943,28.6708],[83.5914,28.6689],[83.5916,28.6661]],[[83.6108,28.6793],[83.6068,28.6781]],[[84.0002,29.1552],[84.0,29.1504],[83.9985,29.1503],[83.9975,29.1471],[83.9922,29.1401],[83.9932,29.1378],[83.9913,29.1376],[83.99,29.1357],[83.9911,29.1341],[83.9895,29.133],[83.9899,29.1311],[83.9866,29.1264],[83.9872,29.1235],[83.9848,29.1224],[83.9844,29.1176],[83.9819,29.1181],[83.9787,29.113],[83.98,29.1109],[83.9778,29.109],[83.9769,29.104],[83.9751,29.102],[83.9714,29.1011],[83.9675,29.0931],[83.9631,29.088],[83.9595,29.0861],[83.9529,29.0869],[83.9506,29.0781],[83.9426,29.0736]],[[83.9426,29.0736],[83.939,29.0716],[83.9354,29.0645],[83.9375,29.056],[83.942,29.0462],[83.9388,29.0426],[83.9347,29.0417],[83.9323,29.0396],[83.9291,29.0299],[83.9248,29.0284],[83.9165,29.0283],[83.9121,29.0263],[83.9046,29.0146],[83.9058,29.0078],[83.9017,29.0026],[83.9014,28.9976],[83.8961,28.9945],[83.8958,28.9887]],[[83.977,29.1041],[83.9755,29.1024]],[[83.9741,29.1019],[83.9721,29.1012]],[[83.9748,29.1019],[83.9713,29.1006]],[[83.9684,29.0948],[83.9668,29.0934]],[[83.9686,29.0953],[83.9663,29.0919]],[[83.9996,29.1561],[84.0002,29.1552]]]}},{"type":"Feature","properties":{"name":"Karnali","length_km":415,"rank":1,"name_ne":"कर्णाली"},"geometry":{"type":"MultiLineString","coordinates":[[[81.1645,28.8347],[81.1675,28.8368],[81.1708,28.8369],[81.1747,28.8337],[81.178,28.8278],[81.1835,28.8242],[81.1974,28.8205],[81.202,28.817],[81.2049,28.8174],[81.2073,28.8215],[81.2064,28.8257],[81.1951,28.8337],[81.199,28.8444],[81.1999,28.8515],[81.1984,28.8613],[81.2029,28.864],[81.2069,28.8618],[81.2084,28.8575],[81.205,28.8538],[81.2087,28.8469],[81.2132,28.8436],[81.2235,28.8395],[81.2261,28.835],[81.23,28.8336],[81.2338,28.8298],[81.2296,28.8263],[81.2293,28.8173],[81.233,28.8146],[81.2409,28.8122],[81.2421,28.8097],[81.2393,28.8037],[81.2265,28.7988],[81.226,28.7951],[81.2304,28.7875],[81.2385,28.7836],[81.2466,28.782],[81.2503,28.7793],[81.2505,28.776],[81.2484,28.7709],[81.2469,28.7609],[81.249,28.7597],[81.2508,28.7548],[81.2615,28.7499],[81.262,28.7467],[81.2595,28.7423]],[[81.2884,28.6517],[81.2868,28.6464],[81.2764,28.6335],[81.273,28.627],[81.271,28.6156],[81.271,28.6052],[81.2689,28.6033],[81.2618,28.6019],[81.2604,28.5967],[81.2619,28.5934],[81.2615,28.59],[81.2509,28.5794],[81.2496,28.5684],[81.253,28.5664],[81.2534,28.562],[81.2458,28.5548],[81.2465,28.5486],[81.2446,28.5451],[81.24,28.5428],[81.2333,28.5356],[81.2374,28.5225],[81.2354,28.5197],[81.2322,28.5185],[81.2292,28.5139],[81.2294,28.5092],[81.2316,28.5056],[81.2305,28.5024],[81.2248,28.4981],[81.2263,28.4872],[81.2239,28.4855],[81.2175,28.4843],[81.2147,28.4818],[81.217,28.4756],[81.2171,28.4679],[81.2202,28.4647],[81.2203,28.4631],[81.217,28.4586],[81.2094,28.4535],[81.2058,28.4346],[81.2006,28.4328],[81.1965,28.4211],[81.1993,28.417],[81.1962,28.4108],[81.2029,28.3995],[81.2016,28.3963],[81.1984,28.396],[81.1963,28.3943],[81.1958,28.3907],[81.2,28.3785],[81.2056,28.3761],[81.2062,28.3717],[81.2047,28.3693],[81.2007,28.3671],[81.1904,28.3649]],[[81.2595,28.7423],[81.2552,28.7365],[81.2546,28.7316],[81.2559,28.7299],[81.259,28.7291],[81.2716,28.7299],[81.2711,28.7254],[81.2733,28.7216],[81.2733,28.7181],[81.2668,28.7038],[81.2788,28.6979],[81.2816,28.6949],[81.2816,28.69],[81.2848,28.6806],[81.2884,28.6517]],[[82.0332,29.7464],[82.03,29.7448],[82.0283,29.7394],[82.0245,29.7399],[82.0201,29.7362],[82.0159,29.7357],[82.0122,29.7308],[82.0063,29.727],[82.0047,29.7194],[81.9986,29.7153],[81.9995,29.7123],[81.9967,29.7114],[81.993,29.7045],[81.9864,29.6996],[81.9803,29.6975],[81.9727,29.6923],[81.9675,29.6908],[81.9458,29.6746],[81.9381,29.6727],[81.9325,29.6774],[81.9304,29.6778],[81.9287,29.6759],[81.9217,29.6739],[81.9195,29.6701],[81.9203,29.665],[81.9175,29.6639],[81.9085,29.6632],[81.9055,29.6663],[81.8984,29.6694],[81.8893,29.6675],[81.8828,29.6582],[81.8834,29.6535],[81.8768,29.6495],[81.8765,29.6458],[81.8728,29.6432],[81.873,29.6362],[81.8714,29.6341]],[[81.9282,29.7741],[81.9297,29.7786],[81.9368,29.7772],[81.9435,29.781],[81.9482,29.7801],[81.9547,29.7755],[81.9635,29.7767],[81.9697,29.7728],[81.9793,29.7694],[81.9801,29.7665],[81.9837,29.7643],[81.9918,29.7638],[81.997,29.7619],[82.0032,29.7623],[82.0058,29.7601],[82.0097,29.7599],[82.0194,29.7554],[82.0227,29.7552],[82.0304,29.7501],[82.0332,29.7464]],[[81.5153,28.7812],[81.5185,28.796],[81.5233,28.7999],[81.5223,28.8036],[81.5168,28.8074],[81.5106,28.8089],[81.4979,28.8217],[81.494,28.833],[81.4903,28.8373],[81.4905,28.8411],[81.4807,28.8435],[81.4745,28.8489],[81.4628,28.8534],[81.4628,28.8558],[81.4674,28.8615],[81.466,28.869],[81.4619,28.8761],[81.4623,28.8805],[81.4652,28.8831],[81.4669,28.8875],[81.4666,28.8909],[81.4646,28.8937],[81.4422,28.8997],[81.4354,28.9048],[81.4321,28.91],[81.4252,28.9093],[81.4184,28.9113],[81.4144,28.9144],[81.4035,28.9089],[81.3946,28.9084],[81.3889,28.903]],[[81.4279,28.9649],[81.4323,28.9572],[81.438,28.9569],[81.4415,28.9601],[81.4434,28.9597],[81.4455,28.9475],[81.4445,28.9406],[81.4461,28.9399],[81.4504,28.941],[81.4549,28.9353],[81.4558,28.9307],[81.4602,28.9307],[81.463,28.9284],[81.4663,28.9291],[81.474,28.9164],[81.4808,28.9088],[81.483,28.9031],[81.4864,28.8987],[81.4928,28.8933],[81.4994,28.8897],[81.5091,28.8897],[81.5104,28.8833],[81.5155,28.8735],[81.5221,28.8698],[81.527,28.8604],[81.5319,28.8558],[81.5375,28.8428],[81.5379,28.8363],[81.5433,28.8308],[81.5518,28.8154],[81.5521,28.8093],[81.5566,28.8007],[81.557,28.7975],[81.58,28.7796],[81.5817,28.7745],[81.5807,28.7717],[81.5818,28.7619],[81.5785,28.7556],[81.5713,28.7555],[81.558,28.7512],[81.5451,28.7489],[81.522,28.7482],[81.5199,28.749],[81.5201,28.7512],[81.5318,28.7576],[81.5349,28.7614],[81.528,28.7744],[81.5178,28.7771],[81.5153,28.7812]],[[81.1025,28.9647],[81.0993,28.9637],[81.0899,28.9678],[81.0809,28.9676],[81.0714,28.9703],[81.0633,28.9706],[81.0565,28.9738],[81.0516,28.9781],[81.0492,28.9782],[81.0409,28.9696],[81.0286,28.9636],[81.0254,28.9575],[81.0204,28.9528],[81.0166,28.9527],[81.0089,28.9574],[81.0032,28.9574],[80.9983,28.9547],[80.9898,28.9458],[80.9836,28.9427],[80.9815,28.9395]],[[81.3889,28.903],[81.3872,28.9],[81.3748,28.8929],[81.3568,28.8899],[81.348,28.8902],[81.3394,28.8954],[81.337,28.9008],[81.3365,28.9073],[81.3323,28.9092],[81.3244,28.908],[81.3163,28.9207],[81.3095,28.9203],[81.3024,28.9256],[81.2838,28.9217],[81.2814,28.9187],[81.2757,28.9162],[81.2722,28.9071],[81.2657,28.9026],[81.2612,28.903],[81.2517,28.9136],[81.2458,28.9152]],[[81.2458,28.9152],[81.2426,28.915],[81.2399,28.913],[81.2376,28.9063],[81.2338,28.9059],[81.2188,28.9061],[81.2044,28.9081],[81.2015,28.9093],[81.1992,28.9128],[81.1938,28.9164],[81.1839,28.9149],[81.1685,28.9217],[81.164,28.9263],[81.1593,28.9287],[81.155,28.9338],[81.147,28.9378],[81.1416,28.9455],[81.1333,28.9479],[81.1254,28.9589],[81.1206,28.9627],[81.1131,28.9657],[81.1046,28.9661],[81.1025,28.9647]],[[81.0393,28.8903],[81.0456,28.8861],[81.0517,28.8767],[81.0563,28.8739],[81.0615,28.8742],[81.0691,28.8776],[81.0726,28.877],[81.074,28.8745],[81.0712,28.8679],[81.0718,28.8657],[81.0765,28.8632],[81.0896,28.8624],[81.0929,28.8556],[81.1023,28.845],[81.1087,28.8488],[81.1255,28.8515],[81.1269,28.8538],[81.128,28.8639],[81.1356,28.8715],[81.1397,28.8731],[81.1433,28.8728],[81.1448,28.8708],[81.1454,28.8617],[81.1492,28.8529],[81.1577,28.8444],[81.1523,28.8326],[81.1526,28.8303],[81.1561,28.8284],[81.1645,28.8347]],[[81.6707,29.2385],[81.649,29.2205],[81.6377,29.2192],[81.6349,29.2161],[81.6237,29.2107],[81.6183,29.2046],[81.6145,29.2027],[81.6134,29.1958],[81.6181,29.1908],[81.6181,29.1834],[81.6118,29.1734],[81.61,29.1673],[81.6026,29.1627],[81.5967,29.1618],[81.5847,29.1557]],[[81.5847,29.1557],[81.5811,29.1467],[81.5814,29.1434],[81.5795,29.1364],[81.5678,29.1266],[81.562,29.1252],[81.5528,29.1206],[81.5368,29.1066],[81.5238,29.1045],[81.518,29.096],[81.5146,29.0952],[81.5103,29.0909],[81.5002,29.0911],[81.4962,29.0884],[81.4889,29.0866],[81.4817,29.0826],[81.4693,29.0786],[81.4668,29.0672],[81.4639,29.0655],[81.4601,29.0653],[81.4509,29.0584]],[[81.4311,29.0312],[81.4254,29.0229],[81.4172,29.0228],[81.414,29.019],[81.4136,29.016],[81.4156,29.0112],[81.4195,29.006],[81.4156,28.9987],[81.4105,28.9965],[81.4151,28.9943],[81.4163,28.9912],[81.4196,28.9885],[81.4212,28.9834],[81.4252,28.9805],[81.425,28.9731],[81.4221,28.9693],[81.4245,28.9658],[81.4279,28.9649]],[[81.4509,29.0584],[81.4438,29.0536],[81.442,29.0482],[81.4396,29.0452],[81.4407,29.04],[81.4331,29.0369],[81.4311,29.0312]],[[81.7192,29.3971],[81.7236,29.3935],[81.7227,29.3768],[81.7272,29.3704],[81.7271,29.3652],[81.7347,29.3539],[81.7423,29.3479],[81.7434,29.3435],[81.7512,29.3415],[81.7496,29.3381],[81.7536,29.3311],[81.7513,29.326],[81.7525,29.3235],[81.7518,29.3175],[81.7535,29.3085],[81.7484,29.3046],[81.7493,29.2962],[81.7436,29.29],[81.7352,29.2849],[81.7328,29.2797],[81.7284,29.276]],[[81.7102,29.4702],[81.7063,29.4643],[81.7062,29.4578],[81.7086,29.4492],[81.7094,29.436],[81.7172,29.4304],[81.7151,29.4251],[81.7166,29.4126],[81.7186,29.4077],[81.7162,29.4024],[81.7192,29.3971]],[[81.8523,29.6197],[81.8433,29.622],[81.8387,29.6208],[81.8299,29.6213],[81.8242,29.6201],[81.8166,29.6234],[81.8111,29.622],[81.798,29.6238],[81.7909,29.6276],[81.7839,29.624],[81.7825,29.6201],[81.7777,29.6183],[81.7739,29.6082],[81.7756,29.6018],[81.7819,29.598],[81.7883,29.5975],[81.7902,29.5961],[81.7897,29.59],[81.7984,29.5776],[81.799,29.5591],[81.7972,29.552],[81.7934,29.548],[81.79,29.5383],[81.7924,29.5341],[81.7926,29.5301],[81.7914,29.5291],[81.7883,29.5295],[81.7843,29.5273],[81.7806,29.5201],[81.7772,29.5178],[81.7773,29.5155],[81.7809,29.5109],[81.7807,29.5092],[81.7752,29.5083],[81.7687,29.5095],[81.7606,29.5044],[81.7593,29.5003],[81.7417,29.4951],[81.7328,29.49],[81.7234,29.4884],[81.7182,29.4838],[81.718,29.4765],[81.7102,29.4702]],[[80.9815,28.9395],[80.9815,28.9379],[80.9861,28.9346],[80.9989,28.9286],[81.0073,28.9272],[81.0218,28.9193],[81.0254,28.9112],[81.0303,28.909],[81.0306,28.9053],[81.0337,28.8985],[81.0393,28.8903]],[[81.7284,29.276],[81.7258,29.2736],[81.7235,29.2741],[81.7157,29.2708],[81.7059,29.2705],[81.7035,29.2662],[81.7048,29.2621],[81.6954,29.257],[81.6847,29.2471],[81.6707,29.2385]],[[81.8624,29.812],[81.8647,29.8052],[81.8682,29.8029],[81.8775,29.8022],[81.8945,29.7954],[81.9073,29.793],[81.9093,29.7912],[81.9121,29.7824],[81.9163,29.78],[81.9199,29.7743],[81.9282,29.7741]],[[81.866,29.8784],[81.8737,29.8693],[81.8767,29.8585],[81.8872,29.8524],[81.887,29.8474],[81.8884,29.8449],[81.8859,29.8393],[81.8782,29.8332],[81.8751,29.8266],[81.872,29.8229],[81.8715,29.8189],[81.8663,29.8174],[81.8624,29.812]],[[81.8582,29.9405],[81.8617,29.936],[81.8665,29.9336],[81.8683,29.9306],[81.8745,29.927],[81.8759,29.9205],[81.8742,29.9128],[81.8706,29.9089],[81.8695,29.9007]],[[81.8695,29.9007],[81.8667,29.8964],[81.8633,29.8866],[81.8639,29.8822],[81.866,29.8784]],[[81.8427,29.9474],[81.8456,29.9456]],[[81.8483,29.9438],[81.8515,29.9411],[81.8582,29.9405]],[[81.8456,29.9456],[81.8483,29.9438]],[[81.8714,29.6341],[81.8668,29.6334],[81.8523,29.6197]]]}}]}